ISO-10303-21;
HEADER;
FILE_DESCRIPTION (( 'STEP AP214' ),
    '1' );
FILE_NAME ('HK4100F-DC5V-SHG.STEP',
    '2024-07-14T03:31:09',
    ( '' ),
    ( '' ),
    'SwSTEP 2.0',
    'SolidWorks 2021',
    '' );
FILE_SCHEMA (( 'AUTOMOTIVE_DESIGN' ));
ENDSEC;

DATA;
#1 = ORIENTED_EDGE ( 'NONE', *, *, #2499, .F. ) ;
#2 = CARTESIAN_POINT ( 'NONE',  ( -7.749999999999999112, 0.5000000000000000000, -5.249999999999999112 ) ) ;
#3 = DIRECTION ( 'NONE',  ( 0.000000000000000000, -0.000000000000000000, 1.000000000000000000 ) ) ;
#4 = ORIENTED_EDGE ( 'NONE', *, *, #2620, .T. ) ;
#5 = CARTESIAN_POINT ( 'NONE',  ( 2.899999999999999023, 0.7999999999999999334, 2.229999999999998650 ) ) ;
#6 = DIRECTION ( 'NONE',  ( -1.606225440719263951E-15, 0.000000000000000000, 1.000000000000000000 ) ) ;
#7 = EDGE_CURVE ( 'NONE', #1106, #1258, #547, .T. ) ;
#8 = EDGE_LOOP ( 'NONE', ( #1093, #997, #153, #2443 ) ) ;
#9 = CARTESIAN_POINT ( 'NONE',  ( -4.679999999999997939, 0.7999999999999999334, -3.100000000000000977 ) ) ;
#10 = EDGE_LOOP ( 'NONE', ( #1981, #2080, #2553, #711 ) ) ;
#11 = CARTESIAN_POINT ( 'NONE',  ( 1.899999999999999023, 0.7999999999999999334, 3.499999999999998668 ) ) ;
#12 = CARTESIAN_POINT ( 'NONE',  ( 5.800000000000000711, -7.782623792124925721, -3.634999999999997566 ) ) ;
#13 = CARTESIAN_POINT ( 'NONE',  ( -4.679999999999995275, 0.7999999999999999334, -3.500000000000001332 ) ) ;
#14 = VECTOR ( 'NONE', #887, 1000.000000000000000 ) ;
#15 = ORIENTED_EDGE ( 'NONE', *, *, #1567, .T. ) ;
#16 = ADVANCED_FACE ( 'NONE', ( #910 ), #2224, .F. ) ;
#17 = LINE ( 'NONE', #1708, #1096 ) ;
#18 =( NAMED_UNIT ( * ) SI_UNIT ( $, .STERADIAN. ) SOLID_ANGLE_UNIT ( ) );
#19 = AXIS2_PLACEMENT_3D ( 'NONE', #1391, #2276, #342 ) ;
#20 = ORIENTED_EDGE ( 'NONE', *, *, #1935, .T. ) ;
#21 = DIRECTION ( 'NONE',  ( -0.000000000000000000, 1.000000000000000000, -0.000000000000000000 ) ) ;
#22 = CARTESIAN_POINT ( 'NONE',  ( 7.449999999999999289, 11.50000000000000178, 5.250000000000000000 ) ) ;
#23 = VERTEX_POINT ( 'NONE', #1807 ) ;
#24 = PLANE ( 'NONE',  #341 ) ;
#25 = EDGE_CURVE ( 'NONE', #1553, #23, #852, .T. ) ;
#26 = ORIENTED_EDGE ( 'NONE', *, *, #94, .F. ) ;
#27 = AXIS2_PLACEMENT_3D ( 'NONE', #707, #1540, #1525 ) ;
#28 = DIRECTION ( 'NONE',  ( -1.000000000000000000, 0.000000000000000000, -0.000000000000000000 ) ) ;
#29 = CARTESIAN_POINT ( 'NONE',  ( -6.450000000000001066, -3.499999999999999556, -3.460000000000002629 ) ) ;
#30 = DIRECTION ( 'NONE',  ( -0.000000000000000000, -0.000000000000000000, -1.000000000000000000 ) ) ;
#31 = VECTOR ( 'NONE', #2441, 1000.000000000000000 ) ;
#32 = VERTEX_POINT ( 'NONE', #379 ) ;
#33 = AXIS2_PLACEMENT_3D ( 'NONE', #2724, #917, #2507 ) ;
#34 = CARTESIAN_POINT ( 'NONE',  ( 4.249999999999997335, 0.5000000000000000000, 4.950000000000001066 ) ) ;
#35 = DIRECTION ( 'NONE',  ( -0.000000000000000000, 1.000000000000000000, -0.000000000000000000 ) ) ;
#36 = ADVANCED_FACE ( 'NONE', ( #1844 ), #1218, .F. ) ;
#37 = VERTEX_POINT ( 'NONE', #2652 ) ;
#38 = DIRECTION ( 'NONE',  ( 0.000000000000000000, 0.000000000000000000, -1.000000000000000000 ) ) ;
#39 = CARTESIAN_POINT ( 'NONE',  ( 7.449999999999999289, 0.7999999999999999334, 4.950000000000001066 ) ) ;
#40 = MANIFOLD_SOLID_BREP ( 'Boss-Extrude3[2]', #2084 ) ;
#41 = ORIENTED_EDGE ( 'NONE', *, *, #1121, .F. ) ;
#42 = DIRECTION ( 'NONE',  ( -1.000000000000000000, -0.000000000000000000, -0.000000000000000000 ) ) ;
#43 = EDGE_CURVE ( 'NONE', #2640, #1346, #794, .T. ) ;
#44 = ORIENTED_EDGE ( 'NONE', *, *, #325, .T. ) ;
#45 = LINE ( 'NONE', #2221, #1975 ) ;
#46 = CARTESIAN_POINT ( 'NONE',  ( -4.679999999999998828, 0.7999999999999999334, 3.499999999999998668 ) ) ;
#47 = SURFACE_SIDE_STYLE ('',( #269 ) ) ;
#48 = VECTOR ( 'NONE', #1919, 1000.000000000000000 ) ;
#49 = EDGE_CURVE ( 'NONE', #841, #1915, #1617, .T. ) ;
#50 = ORIENTED_EDGE ( 'NONE', *, *, #888, .T. ) ;
#51 = CARTESIAN_POINT ( 'NONE',  ( 1.900000000000000577, 0.6999999999999999556, -3.499999999999996891 ) ) ;
#52 = PLANE ( 'NONE',  #2315 ) ;
#53 = ORIENTED_EDGE ( 'NONE', *, *, #2663, .F. ) ;
#54 = PLANE ( 'NONE',  #2130 ) ;
#55 = CARTESIAN_POINT ( 'NONE',  ( -6.650000000000001243, 0.7999999999999999334, 4.160000000000000142 ) ) ;
#56 = EDGE_CURVE ( 'NONE', #1553, #2342, #2680, .T. ) ;
#57 = DIRECTION ( 'NONE',  ( 0.000000000000000000, 0.000000000000000000, -1.000000000000000000 ) ) ;
#58 = EDGE_LOOP ( 'NONE', ( #2041, #1509, #296, #1867 ) ) ;
#59 = PLANE ( 'NONE',  #201 ) ;
#60 = AXIS2_PLACEMENT_3D ( 'NONE', #1169, #958, #2007 ) ;
#61 = LINE ( 'NONE', #268, #1131 ) ;
#62 = CARTESIAN_POINT ( 'NONE',  ( 3.259999999999998899, -7.782623792124925721, 3.984999999999998987 ) ) ;
#63 = DIRECTION ( 'NONE',  ( 0.000000000000000000, 0.000000000000000000, 1.000000000000000000 ) ) ;
#64 = AXIS2_PLACEMENT_3D ( 'NONE', #260, #272, #2337 ) ;
#65 = CARTESIAN_POINT ( 'NONE',  ( 1.899999999999999023, 0.7999999999999999334, 3.499999999999998668 ) ) ;
#66 = CARTESIAN_POINT ( 'NONE',  ( -6.650000000000001243, 0.7999999999999999334, -3.460000000000002629 ) ) ;
#67 = ORIENTED_EDGE ( 'NONE', *, *, #2658, .F. ) ;
#68 = VECTOR ( 'NONE', #2569, 1000.000000000000000 ) ;
#69 = CYLINDRICAL_SURFACE ( 'NONE', #1173, 0.2999999999999999334 ) ;
#70 = CARTESIAN_POINT ( 'NONE',  ( 6.499999999999999112, -3.499999999999999556, 3.984999999999998987 ) ) ;
#71 = DIRECTION ( 'NONE',  ( -1.000000000000000000, 0.000000000000000000, -4.336808689942025625E-15 ) ) ;
#72 = VERTEX_POINT ( 'NONE', #1383 ) ;
#73 = CARTESIAN_POINT ( 'NONE',  ( -6.450000000000001066, 0.7999999999999999334, -4.160000000000001030 ) ) ;
#74 = EDGE_CURVE ( 'NONE', #1502, #2231, #2357, .T. ) ;
#75 = ORIENTED_EDGE ( 'NONE', *, *, #1536, .T. ) ;
#76 = VECTOR ( 'NONE', #2665, 1000.000000000000000 ) ;
#77 = DIRECTION ( 'NONE',  ( 0.000000000000000000, 0.000000000000000000, 1.000000000000000000 ) ) ;
#78 = CARTESIAN_POINT ( 'NONE',  ( 6.499999999999999112, -3.499999999999999556, 3.634999999999999343 ) ) ;
#79 = EDGE_CURVE ( 'NONE', #184, #1494, #1009, .T. ) ;
#80 = ORIENTED_EDGE ( 'NONE', *, *, #845, .T. ) ;
#81 = DIRECTION ( 'NONE',  ( 0.000000000000000000, -1.000000000000000000, 0.000000000000000000 ) ) ;
#82 = DIRECTION ( 'NONE',  ( 1.000000000000000000, 0.000000000000000000, 4.336808689942025625E-15 ) ) ;
#83 = CARTESIAN_POINT ( 'NONE',  ( -7.449999999999999289, 0.7999999999999999334, -4.950000000000000178 ) ) ;
#84 = MANIFOLD_SOLID_BREP ( 'Boss-Extrude3[1]', #1865 ) ;
#85 = EDGE_LOOP ( 'NONE', ( #2039, #2647, #2500, #1353 ) ) ;
#86 = CARTESIAN_POINT ( 'NONE',  ( 1.699999999999998623, 0.5000000000000000000, 3.299999999999998490 ) ) ;
#87 = EDGE_LOOP ( 'NONE', ( #405, #1648, #1849, #2177 ) ) ;
#88 = LINE ( 'NONE', #1148, #298 ) ;
#89 = FACE_OUTER_BOUND ( 'NONE', #736, .T. ) ;
#90 = ORIENTED_EDGE ( 'NONE', *, *, #364, .F. ) ;
#91 = ORIENTED_EDGE ( 'NONE', *, *, #1507, .T. ) ;
#92 = DIRECTION ( 'NONE',  ( 0.000000000000000000, 0.000000000000000000, 1.000000000000000000 ) ) ;
#93 = CARTESIAN_POINT ( 'NONE',  ( -6.650000000000000355, -7.782623792124925721, -4.160000000000001918 ) ) ;
#94 = EDGE_CURVE ( 'NONE', #436, #808, #1411, .T. ) ;
#95 = ORIENTED_EDGE ( 'NONE', *, *, #2666, .T. ) ;
#96 = DIRECTION ( 'NONE',  ( 0.000000000000000000, -0.000000000000000000, 1.000000000000000000 ) ) ;
#97 = STYLED_ITEM ( 'NONE', ( #982 ), #40 ) ;
#98 = ORIENTED_EDGE ( 'NONE', *, *, #2082, .T. ) ;
#99 = DIRECTION ( 'NONE',  ( -0.000000000000000000, 1.000000000000000000, -0.000000000000000000 ) ) ;
#100 = LINE ( 'NONE', #78, #2188 ) ;
#101 = EDGE_CURVE ( 'NONE', #2537, #2000, #817, .T. ) ;
#102 = EDGE_LOOP ( 'NONE', ( #347, #1267, #53, #702 ) ) ;
#103 = LINE ( 'NONE', #2623, #1523 ) ;
#104 = DIRECTION ( 'NONE',  ( 1.000000000000000000, -0.000000000000000000, 0.000000000000000000 ) ) ;
#105 = MANIFOLD_SOLID_BREP ( 'Fillet2', #2616 ) ;
#106 = VECTOR ( 'NONE', #604, 1000.000000000000000 ) ;
#107 = AXIS2_PLACEMENT_3D ( 'NONE', #894, #2576, #695 ) ;
#108 = VECTOR ( 'NONE', #314, 1000.000000000000000 ) ;
#109 = EDGE_CURVE ( 'NONE', #229, #1328, #2139, .T. ) ;
#110 = DIRECTION ( 'NONE',  ( 0.000000000000000000, 0.000000000000000000, -1.000000000000000000 ) ) ;
#111 = CARTESIAN_POINT ( 'NONE',  ( -7.449999999999999289, 0.5000000000000000000, 4.950000000000001066 ) ) ;
#112 = ORIENTED_EDGE ( 'NONE', *, *, #2355, .T. ) ;
#113 = DIRECTION ( 'NONE',  ( 1.000000000000000000, 0.000000000000000000, 0.000000000000000000 ) ) ;
#114 = PLANE ( 'NONE',  #2532 ) ;
#115 = AXIS2_PLACEMENT_3D ( 'NONE', #2387, #2415, #96 ) ;
#116 = ORIENTED_EDGE ( 'NONE', *, *, #549, .F. ) ;
#117 = CIRCLE ( 'NONE', #2332, 0.2999999999999999334 ) ;
#118 = DIRECTION ( 'NONE',  ( 0.000000000000000000, 1.000000000000000000, -1.734723475976803939E-15 ) ) ;
#119 = DIRECTION ( 'NONE',  ( 0.000000000000000000, 0.000000000000000000, -1.000000000000000000 ) ) ;
#120 = VECTOR ( 'NONE', #684, 1000.000000000000000 ) ;
#121 = ORIENTED_EDGE ( 'NONE', *, *, #2571, .T. ) ;
#122 = DIRECTION ( 'NONE',  ( 0.000000000000000000, -0.000000000000000000, -1.000000000000000000 ) ) ;
#123 = ADVANCED_FACE ( 'NONE', ( #630 ), #1481, .T. ) ;
#124 = DIRECTION ( 'NONE',  ( 0.000000000000000000, 0.000000000000000000, 1.000000000000000000 ) ) ;
#125 =( NAMED_UNIT ( * ) SI_UNIT ( $, .STERADIAN. ) SOLID_ANGLE_UNIT ( ) );
#126 = DIRECTION ( 'NONE',  ( 0.000000000000000000, 0.000000000000000000, 1.000000000000000000 ) ) ;
#127 = CARTESIAN_POINT ( 'NONE',  ( 5.800000000000000711, 0.7999999999999999334, -3.984999999999997211 ) ) ;
#128 = ADVANCED_FACE ( 'NONE', ( #2531 ), #1916, .F. ) ;
#129 = VERTEX_POINT ( 'NONE', #11 ) ;
#130 = CARTESIAN_POINT ( 'NONE',  ( 4.679999999999997051, 0.6999999999999999556, 2.229999999999998650 ) ) ;
#131 = CARTESIAN_POINT ( 'NONE',  ( 6.499999999999999112, 0.7999999999999999334, 3.634999999999999343 ) ) ;
#132 = VECTOR ( 'NONE', #668, 1000.000000000000000 ) ;
#133 = EDGE_CURVE ( 'NONE', #2564, #573, #861, .T. ) ;
#134 = APPLICATION_CONTEXT ( 'automotive_design' ) ;
#135 = ORIENTED_EDGE ( 'NONE', *, *, #493, .T. ) ;
#136 = ADVANCED_FACE ( 'NONE', ( #1263 ), #1900, .T. ) ;
#137 = CARTESIAN_POINT ( 'NONE',  ( 4.679999999999998828, 0.7999999999999999334, -2.229999999999995097 ) ) ;
#138 = FACE_BOUND ( 'NONE', #800, .T. ) ;
#139 = DIRECTION ( 'NONE',  ( 1.000000000000000000, 0.000000000000000000, -0.000000000000000000 ) ) ;
#140 = CARTESIAN_POINT ( 'NONE',  ( 3.959999999999999076, -3.499999999999999556, 3.634999999999999343 ) ) ;
#141 = CARTESIAN_POINT ( 'NONE',  ( 3.259999999999998899, -3.499999999999999556, 3.984999999999998987 ) ) ;
#142 = ORIENTED_EDGE ( 'NONE', *, *, #1917, .T. ) ;
#143 = ADVANCED_FACE ( 'NONE', ( #617 ), #437, .F. ) ;
#144 = FACE_OUTER_BOUND ( 'NONE', #2528, .T. ) ;
#145 = DIRECTION ( 'NONE',  ( 1.000000000000000000, 0.000000000000000000, 0.000000000000000000 ) ) ;
#146 = ORIENTED_EDGE ( 'NONE', *, *, #1549, .T. ) ;
#147 = EDGE_LOOP ( 'NONE', ( #1944, #1993, #609, #2125 ) ) ;
#148 = LINE ( 'NONE', #1802, #2105 ) ;
#149 = EDGE_CURVE ( 'NONE', #1463, #2537, #2505, .T. ) ;
#150 = DIRECTION ( 'NONE',  ( 0.000000000000000000, -0.000000000000000000, 1.000000000000000000 ) ) ;
#151 = DIRECTION ( 'NONE',  ( -0.000000000000000000, -0.000000000000000000, 1.000000000000000000 ) ) ;
#152 = LINE ( 'NONE', #396, #1206 ) ;
#153 = ORIENTED_EDGE ( 'NONE', *, *, #1664, .T. ) ;
#154 = DIRECTION ( 'NONE',  ( 9.745637505487680505E-16, 0.000000000000000000, -1.000000000000000000 ) ) ;
#155 = SURFACE_STYLE_FILL_AREA ( #1892 ) ;
#156 = EDGE_CURVE ( 'NONE', #629, #1200, #844, .T. ) ;
#157 = CIRCLE ( 'NONE', #1707, 0.5000000000000007772 ) ;
#158 = EDGE_LOOP ( 'NONE', ( #502, #1936, #112, #1427 ) ) ;
#159 = AXIS2_PLACEMENT_3D ( 'NONE', #545, #1215, #110 ) ;
#160 = COLOUR_RGB ( '',0.7921568627450980005, 0.8196078431372548767, 0.9333333333333333481 ) ;
#161 = VERTEX_POINT ( 'NONE', #1685 ) ;
#162 = AXIS2_PLACEMENT_3D ( 'NONE', #2043, #2475, #289 ) ;
#163 = CIRCLE ( 'NONE', #1322, 1.000000000000000000 ) ;
#164 = DIRECTION ( 'NONE',  ( 0.000000000000000000, 0.000000000000000000, 1.000000000000000000 ) ) ;
#165 = FACE_OUTER_BOUND ( 'NONE', #444, .T. ) ;
#166 = DIRECTION ( 'NONE',  ( 0.000000000000000000, 1.000000000000000000, -0.000000000000000000 ) ) ;
#167 = ADVANCED_FACE ( 'NONE', ( #1452 ), #253, .T. ) ;
#168 = LINE ( 'NONE', #2259, #2161 ) ;
#169 = DIRECTION ( 'NONE',  ( 1.000000000000000000, -0.000000000000000000, 0.000000000000000000 ) ) ;
#170 = EDGE_LOOP ( 'NONE', ( #1679, #1028, #1212, #26 ) ) ;
#171 = SURFACE_SIDE_STYLE ('',( #1016 ) ) ;
#172 = CARTESIAN_POINT ( 'NONE',  ( -6.650000000000001243, -3.499999999999999556, -3.460000000000002629 ) ) ;
#173 = ORIENTED_EDGE ( 'NONE', *, *, #2434, .T. ) ;
#174 = CIRCLE ( 'NONE', #2030, 0.2000000000000000944 ) ;
#175 = VERTEX_POINT ( 'NONE', #1276 ) ;
#176 = DIRECTION ( 'NONE',  ( 0.000000000000000000, -1.000000000000000000, 0.000000000000000000 ) ) ;
#177 = ORIENTED_EDGE ( 'NONE', *, *, #1151, .F. ) ;
#178 = LINE ( 'NONE', #2107, #1446 ) ;
#179 = CARTESIAN_POINT ( 'NONE',  ( 5.800000000000000711, -7.782623792124925721, -3.634999999999997566 ) ) ;
#180 = CARTESIAN_POINT ( 'NONE',  ( -7.749999999999999112, 0.5000000000000000000, -5.249999999999999112 ) ) ;
#181 = ORIENTED_EDGE ( 'NONE', *, *, #305, .F. ) ;
#182 = LINE ( 'NONE', #172, #2427 ) ;
#183 = EDGE_CURVE ( 'NONE', #1608, #1494, #295, .T. ) ;
#184 = VERTEX_POINT ( 'NONE', #294 ) ;
#185 = ORIENTED_EDGE ( 'NONE', *, *, #1401, .T. ) ;
#186 = MECHANICAL_DESIGN_GEOMETRIC_PRESENTATION_REPRESENTATION (  '', ( #2088 ), #1254 ) ;
#187 = CARTESIAN_POINT ( 'NONE',  ( 3.959999999999999964, -7.782623792124925721, -3.634999999999998455 ) ) ;
#188 = EDGE_CURVE ( 'NONE', #1822, #808, #743, .T. ) ;
#189 = VERTEX_POINT ( 'NONE', #2178 ) ;
#190 = CARTESIAN_POINT ( 'NONE',  ( 3.259999999999998899, -3.499999999999999556, 3.634999999999999343 ) ) ;
#191 = VECTOR ( 'NONE', #855, 1000.000000000000000 ) ;
#192 = DIRECTION ( 'NONE',  ( -0.000000000000000000, 1.000000000000000000, -0.000000000000000000 ) ) ;
#193 = DIRECTION ( 'NONE',  ( 1.000000000000000000, 0.000000000000000000, 0.000000000000000000 ) ) ;
#194 = DIRECTION ( 'NONE',  ( 0.000000000000000000, -1.000000000000000000, -1.734723475976804333E-15 ) ) ;
#195 = AXIS2_PLACEMENT_3D ( 'NONE', #1162, #1544, #1558 ) ;
#196 = ORIENTED_EDGE ( 'NONE', *, *, #1097, .T. ) ;
#197 = DIRECTION ( 'NONE',  ( -1.000000000000000000, -0.000000000000000000, -0.000000000000000000 ) ) ;
#198 = DIRECTION ( 'NONE',  ( 0.000000000000000000, 0.000000000000000000, 1.000000000000000000 ) ) ;
#199 = VERTEX_POINT ( 'NONE', #907 ) ;
#200 = LINE ( 'NONE', #5, #1194 ) ;
#201 = AXIS2_PLACEMENT_3D ( 'NONE', #893, #693, #1751 ) ;
#202 = ORIENTED_EDGE ( 'NONE', *, *, #1111, .F. ) ;
#203 = CARTESIAN_POINT ( 'NONE',  ( 4.679999999999998828, 0.7999999999999999334, 1.829999999999998517 ) ) ;
#204 = AXIS2_PLACEMENT_3D ( 'NONE', #404, #176, #1233 ) ;
#205 = AXIS2_PLACEMENT_3D ( 'NONE', #976, #1138, #2218 ) ;
#206 = AXIS2_PLACEMENT_3D ( 'NONE', #1340, #911, #2378 ) ;
#207 = ORIENTED_EDGE ( 'NONE', *, *, #311, .F. ) ;
#208 = DIRECTION ( 'NONE',  ( -1.000000000000000000, 0.000000000000000000, -5.595882180570349124E-16 ) ) ;
#209 = FACE_OUTER_BOUND ( 'NONE', #1160, .T. ) ;
#210 = FACE_OUTER_BOUND ( 'NONE', #882, .T. ) ;
#211 = CARTESIAN_POINT ( 'NONE',  ( -6.650000000000002132, -7.782623792124925721, 3.460000000000000853 ) ) ;
#212 = ORIENTED_EDGE ( 'NONE', *, *, #546, .T. ) ;
#213 = ADVANCED_FACE ( 'NONE', ( #731 ), #2422, .T. ) ;
#214 = DIRECTION ( 'NONE',  ( -1.000000000000000000, 0.000000000000000000, -0.000000000000000000 ) ) ;
#215 = CARTESIAN_POINT ( 'NONE',  ( 4.679999999999998828, 0.5000000000000000000, -2.029999999999994920 ) ) ;
#216 = ORIENTED_EDGE ( 'NONE', *, *, #109, .T. ) ;
#217 = LINE ( 'NONE', #473, #1414 ) ;
#218 = LINE ( 'NONE', #1926, #2097 ) ;
#219 = ORIENTED_EDGE ( 'NONE', *, *, #1628, .T. ) ;
#220 = LINE ( 'NONE', #858, #1762 ) ;
#221 = ADVANCED_FACE ( 'NONE', ( #1113 ), #1778, .T. ) ;
#222 = ORIENTED_EDGE ( 'NONE', *, *, #2301, .T. ) ;
#223 = SURFACE_STYLE_FILL_AREA ( #1703 ) ;
#224 = DIRECTION ( 'NONE',  ( -0.000000000000000000, -0.000000000000000000, -1.000000000000000000 ) ) ;
#225 = CARTESIAN_POINT ( 'NONE',  ( 4.749999999999999112, 0.5000000000000004441, 5.250000000000000000 ) ) ;
#226 = ORIENTED_EDGE ( 'NONE', *, *, #2077, .T. ) ;
#227 = CARTESIAN_POINT ( 'NONE',  ( -4.880000000000001670, 0.6999999999999999556, 3.099999999999996092 ) ) ;
#228 = ADVANCED_FACE ( 'NONE', ( #1970 ), #1221, .T. ) ;
#229 = VERTEX_POINT ( 'NONE', #1157 ) ;
#230 = FACE_OUTER_BOUND ( 'NONE', #1245, .T. ) ;
#231 = LINE ( 'NONE', #263, #2234 ) ;
#232 = CLOSED_SHELL ( 'NONE', ( #1595, #1453, #1681, #128, #409, #1861 ) ) ;
#233 = EDGE_LOOP ( 'NONE', ( #98, #1293, #1541, #2196 ) ) ;
#234 = CARTESIAN_POINT ( 'NONE',  ( -4.879999999999998117, 0.5000000000000000000, -3.100000000000000089 ) ) ;
#235 = ORIENTED_EDGE ( 'NONE', *, *, #1600, .T. ) ;
#236 = CARTESIAN_POINT ( 'NONE',  ( 5.800000000000000711, -7.782623792124925721, -3.984999999999997211 ) ) ;
#237 = EDGE_CURVE ( 'NONE', #1531, #1640, #45, .T. ) ;
#238 = CARTESIAN_POINT ( 'NONE',  ( 3.259999999999998899, 0.7999999999999999334, 3.634999999999999343 ) ) ;
#239 = CARTESIAN_POINT ( 'NONE',  ( 7.749999999999999112, 11.50000000000000178, 4.950000000000000178 ) ) ;
#240 = VECTOR ( 'NONE', #1092, 1000.000000000000000 ) ;
#241 = VERTEX_POINT ( 'NONE', #1128 ) ;
#242 = SURFACE_STYLE_FILL_AREA ( #670 ) ;
#243 = DIRECTION ( 'NONE',  ( 0.000000000000000000, 1.000000000000000000, 0.000000000000000000 ) ) ;
#244 = ORIENTED_EDGE ( 'NONE', *, *, #2450, .T. ) ;
#245 = FACE_OUTER_BOUND ( 'NONE', #1910, .T. ) ;
#246 = CARTESIAN_POINT ( 'NONE',  ( -7.749999999999999112, 11.50000000000000178, -5.249999999999999112 ) ) ;
#247 = ADVANCED_FACE ( 'NONE', ( #1736 ), #1959, .T. ) ;
#248 = ORIENTED_EDGE ( 'NONE', *, *, #1984, .F. ) ;
#249 = DIRECTION ( 'NONE',  ( -0.000000000000000000, 1.000000000000000000, -0.000000000000000000 ) ) ;
#250 = VECTOR ( 'NONE', #2256, 1000.000000000000000 ) ;
#251 = VERTEX_POINT ( 'NONE', #86 ) ;
#252 = VECTOR ( 'NONE', #2326, 1000.000000000000000 ) ;
#253 = SPHERICAL_SURFACE ( 'NONE', #2592, 0.2999999999999999889 ) ;
#254 = DIRECTION ( 'NONE',  ( -1.000000000000000000, 0.000000000000000000, -0.000000000000000000 ) ) ;
#255 = PRODUCT_CONTEXT ( 'NONE', #2451, 'mechanical' ) ;
#256 = MECHANICAL_DESIGN_GEOMETRIC_PRESENTATION_REPRESENTATION (  '', ( #1619 ), #346 ) ;
#257 = ADVANCED_FACE ( 'NONE', ( #1565 ), #1360, .F. ) ;
#258 = ORIENTED_EDGE ( 'NONE', *, *, #556, .F. ) ;
#259 = SURFACE_STYLE_USAGE ( .BOTH. , #2158 ) ;
#260 = CARTESIAN_POINT ( 'NONE',  ( -4.749999999999999112, 0.5000000000000004441, 5.250000000000000000 ) ) ;
#261 = ORIENTED_EDGE ( 'NONE', *, *, #753, .T. ) ;
#262 = DIRECTION ( 'NONE',  ( 0.000000000000000000, 0.000000000000000000, -1.000000000000000000 ) ) ;
#263 = CARTESIAN_POINT ( 'NONE',  ( -7.749999999999999112, 0.5000000000000000000, 5.250000000000000000 ) ) ;
#264 = CARTESIAN_POINT ( 'NONE',  ( 0.000000000000000000, 11.80000000000000071, 0.000000000000000000 ) ) ;
#265 = VERTEX_POINT ( 'NONE', #73 ) ;
#266 = EDGE_CURVE ( 'NONE', #1539, #2701, #920, .T. ) ;
#267 = FACE_OUTER_BOUND ( 'NONE', #450, .T. ) ;
#268 = CARTESIAN_POINT ( 'NONE',  ( 2.174995239636574257E-15, 0.5000000000000000000, -3.299999999999998046 ) ) ;
#269 = SURFACE_STYLE_FILL_AREA ( #1950 ) ;
#270 = CARTESIAN_POINT ( 'NONE',  ( 2.900000000000000355, 0.7999999999999999334, -3.229999999999996874 ) ) ;
#271 = LINE ( 'NONE', #65, #2638 ) ;
#272 = DIRECTION ( 'NONE',  ( 0.000000000000000000, 0.000000000000000000, 1.000000000000000000 ) ) ;
#273 = ORIENTED_EDGE ( 'NONE', *, *, #2215, .F. ) ;
#274 = LINE ( 'NONE', #517, #2584 ) ;
#275 = DIRECTION ( 'NONE',  ( -0.000000000000000000, -1.000000000000000000, -0.000000000000000000 ) ) ;
#276 = ADVANCED_FACE ( 'NONE', ( #1948 ), #1995, .F. ) ;
#277 = LINE ( 'NONE', #2738, #2551 ) ;
#278 = EDGE_LOOP ( 'NONE', ( #1951, #1726, #692, #2549, #685, #1506, #585, #1581, #75, #2735, #514, #2128, #2406, #1152 ) ) ;
#279 = CARTESIAN_POINT ( 'NONE',  ( 4.679999999999999716, 0.6999999999999999556, -1.829999999999995408 ) ) ;
#280 = ADVANCED_FACE ( 'NONE', ( #267 ), #2575, .T. ) ;
#281 = UNCERTAINTY_MEASURE_WITH_UNIT (LENGTH_MEASURE( 1.000000000000000082E-05 ), #2022, 'distance_accuracy_value', 'NONE');
#282 = ORIENTED_EDGE ( 'NONE', *, *, #2051, .T. ) ;
#283 = AXIS2_PLACEMENT_3D ( 'NONE', #2363, #470, #2213 ) ;
#284 = CARTESIAN_POINT ( 'NONE',  ( -5.079999999999997407, 0.7999999999999999334, -3.099999999999998757 ) ) ;
#285 = CARTESIAN_POINT ( 'NONE',  ( -5.079999999999997407, 0.7999999999999999334, -3.099999999999998757 ) ) ;
#286 = ORIENTED_EDGE ( 'NONE', *, *, #636, .F. ) ;
#287 = CIRCLE ( 'NONE', #598, 1.199999999999999734 ) ;
#288 = CARTESIAN_POINT ( 'NONE',  ( -7.449999999999999289, 42.32164522684905705, 4.950000000000000178 ) ) ;
#289 = DIRECTION ( 'NONE',  ( 0.000000000000000000, 0.000000000000000000, 1.000000000000000000 ) ) ;
#290 = ADVANCED_FACE ( 'NONE', ( #1371 ), #59, .F. ) ;
#291 = CYLINDRICAL_SURFACE ( 'NONE', #1228, 0.2000000000000000944 ) ;
#292 = VERTEX_POINT ( 'NONE', #2591 ) ;
#293 = EDGE_LOOP ( 'NONE', ( #457, #650, #173, #431 ) ) ;
#294 = CARTESIAN_POINT ( 'NONE',  ( -7.449999999999999289, 11.80000000000000071, 4.950000000000000178 ) ) ;
#295 = CIRCLE ( 'NONE', #1841, 0.2999999999999999334 ) ;
#296 = ORIENTED_EDGE ( 'NONE', *, *, #1418, .F. ) ;
#297 = VECTOR ( 'NONE', #992, 1000.000000000000000 ) ;
#298 = VECTOR ( 'NONE', #1998, 1000.000000000000000 ) ;
#299 = LINE ( 'NONE', #2170, #2426 ) ;
#300 = CARTESIAN_POINT ( 'NONE',  ( 7.749999999999999112, 42.32164522684905705, 4.950000000000000178 ) ) ;
#301 = ORIENTED_EDGE ( 'NONE', *, *, #544, .F. ) ;
#302 = CIRCLE ( 'NONE', #875, 0.3999999999999999667 ) ;
#303 = VECTOR ( 'NONE', #380, 1000.000000000000000 ) ;
#304 = ORIENTED_EDGE ( 'NONE', *, *, #25, .T. ) ;
#305 = EDGE_CURVE ( 'NONE', #2098, #490, #1767, .T. ) ;
#306 = DIRECTION ( 'NONE',  ( 0.000000000000000000, 0.000000000000000000, -1.000000000000000000 ) ) ;
#307 = DIRECTION ( 'NONE',  ( 0.000000000000000000, -1.000000000000000000, 0.000000000000000000 ) ) ;
#308 = ORIENTED_EDGE ( 'NONE', *, *, #549, .T. ) ;
#309 = ORIENTED_EDGE ( 'NONE', *, *, #1545, .T. ) ;
#310 = CARTESIAN_POINT ( 'NONE',  ( 5.800000000000000711, -3.499999999999999556, -3.634999999999997566 ) ) ;
#311 = EDGE_CURVE ( 'NONE', #23, #2471, #2400, .T. ) ;
#312 = ORIENTED_EDGE ( 'NONE', *, *, #725, .F. ) ;
#313 = CARTESIAN_POINT ( 'NONE',  ( 4.879999999999999893, 0.5000000000000000000, -1.829999999999992299 ) ) ;
#314 = DIRECTION ( 'NONE',  ( -1.000000000000000000, -0.000000000000000000, -0.000000000000000000 ) ) ;
#315 = ORIENTED_EDGE ( 'NONE', *, *, #1576, .F. ) ;
#316 = VERTEX_POINT ( 'NONE', #979 ) ;
#317 = AXIS2_PLACEMENT_3D ( 'NONE', #1042, #1675, #2109 ) ;
#318 = DIRECTION ( 'NONE',  ( 0.000000000000000000, 1.734723475976807292E-15, 1.000000000000000000 ) ) ;
#319 = FACE_OUTER_BOUND ( 'NONE', #2320, .T. ) ;
#320 = EDGE_CURVE ( 'NONE', #37, #1230, #148, .T. ) ;
#321 = DIRECTION ( 'NONE',  ( 1.000000000000000000, 0.000000000000000000, -0.000000000000000000 ) ) ;
#322 = AXIS2_PLACEMENT_3D ( 'NONE', #270, #1117, #63 ) ;
#323 = PLANE ( 'NONE',  #2377 ) ;
#324 = EDGE_LOOP ( 'NONE', ( #226, #1702, #2294, #1954 ) ) ;
#325 = EDGE_CURVE ( 'NONE', #1682, #229, #2650, .T. ) ;
#326 = CARTESIAN_POINT ( 'NONE',  ( -4.679999999999995275, 0.7999999999999999334, -3.500000000000001332 ) ) ;
#327 = FACE_OUTER_BOUND ( 'NONE', #1302, .T. ) ;
#328 = COLOUR_RGB ( '',0.7921568627450980005, 0.8196078431372548767, 0.9333333333333333481 ) ;
#329 = ORIENTED_EDGE ( 'NONE', *, *, #1837, .T. ) ;
#330 = LINE ( 'NONE', #503, #1566 ) ;
#331 = LINE ( 'NONE', #1587, #2114 ) ;
#332 = EDGE_CURVE ( 'NONE', #2701, #37, #791, .T. ) ;
#333 = ORIENTED_EDGE ( 'NONE', *, *, #2040, .T. ) ;
#334 = DIRECTION ( 'NONE',  ( -1.000000000000000000, 0.000000000000000000, 0.000000000000000000 ) ) ;
#335 = LINE ( 'NONE', #2464, #1535 ) ;
#336 = DIRECTION ( 'NONE',  ( -1.606225440719263951E-15, -0.000000000000000000, -1.000000000000000000 ) ) ;
#337 = CARTESIAN_POINT ( 'NONE',  ( -4.249999999999998224, 0.5000000000000000000, -5.249999999999998224 ) ) ;
#338 = DIRECTION ( 'NONE',  ( 0.000000000000000000, -1.000000000000000000, 0.000000000000000000 ) ) ;
#339 = VECTOR ( 'NONE', #464, 1000.000000000000000 ) ;
#340 = ORIENTED_EDGE ( 'NONE', *, *, #544, .T. ) ;
#341 = AXIS2_PLACEMENT_3D ( 'NONE', #1508, #1670, #2083 ) ;
#342 = DIRECTION ( 'NONE',  ( 0.000000000000000000, 1.000000000000000000, 2.891205793294679017E-15 ) ) ;
#343 = CARTESIAN_POINT ( 'NONE',  ( 4.679999999999999716, 0.7999999999999999334, -1.829999999999995408 ) ) ;
#344 = EDGE_CURVE ( 'NONE', #490, #2687, #1577, .T. ) ;
#345 = VECTOR ( 'NONE', #966, 1000.000000000000000 ) ;
#346 =( GEOMETRIC_REPRESENTATION_CONTEXT ( 3 ) GLOBAL_UNCERTAINTY_ASSIGNED_CONTEXT ( ( #621 ) ) GLOBAL_UNIT_ASSIGNED_CONTEXT ( ( #1459, #2145, #1268 ) ) REPRESENTATION_CONTEXT ( 'NONE', 'WORKASPACE' ) );
#347 = ORIENTED_EDGE ( 'NONE', *, *, #133, .T. ) ;
#348 = DIRECTION ( 'NONE',  ( 0.000000000000000000, -1.000000000000000000, 0.000000000000000000 ) ) ;
#349 = EDGE_CURVE ( 'NONE', #360, #724, #559, .T. ) ;
#350 = CARTESIAN_POINT ( 'NONE',  ( 5.799999999999999822, -7.782623792124925721, 3.634999999999999343 ) ) ;
#351 =( NAMED_UNIT ( * ) PLANE_ANGLE_UNIT ( ) SI_UNIT ( $, .RADIAN. ) );
#352 = LINE ( 'NONE', #1192, #1098 ) ;
#353 = LINE ( 'NONE', #2453, #1922 ) ;
#354 = ORIENTED_EDGE ( 'NONE', *, *, #2082, .F. ) ;
#355 = FACE_OUTER_BOUND ( 'NONE', #1524, .T. ) ;
#356 = PLANE ( 'NONE',  #1888 ) ;
#357 = AXIS2_PLACEMENT_3D ( 'NONE', #62, #497, #2375 ) ;
#358 = ORIENTED_EDGE ( 'NONE', *, *, #1720, .T. ) ;
#359 = EDGE_CURVE ( 'NONE', #2497, #1499, #2015, .T. ) ;
#360 = VERTEX_POINT ( 'NONE', #953 ) ;
#361 = DIRECTION ( 'NONE',  ( -0.000000000000000000, -0.000000000000000000, -1.000000000000000000 ) ) ;
#362 = DIRECTION ( 'NONE',  ( 0.000000000000000000, 0.000000000000000000, -1.000000000000000000 ) ) ;
#363 = CARTESIAN_POINT ( 'NONE',  ( -6.450000000000001066, -7.782623792124925721, -3.460000000000002629 ) ) ;
#364 = EDGE_CURVE ( 'NONE', #424, #316, #823, .T. ) ;
#365 = CARTESIAN_POINT ( 'NONE',  ( 5.800000000000000711, 0.7999999999999999334, -3.984999999999997211 ) ) ;
#366 = PLANE ( 'NONE',  #644 ) ;
#367 = CLOSED_SHELL ( 'NONE', ( #730, #2580, #290, #1178, #2583, #1035 ) ) ;
#368 = EDGE_LOOP ( 'NONE', ( #1946, #698, #1431, #91 ) ) ;
#369 = CYLINDRICAL_SURFACE ( 'NONE', #1979, 0.3999999999999999667 ) ;
#370 = DIRECTION ( 'NONE',  ( 0.000000000000000000, -1.000000000000000000, 0.000000000000000000 ) ) ;
#371 = ORIENTED_EDGE ( 'NONE', *, *, #462, .F. ) ;
#372 = VECTOR ( 'NONE', #1848, 1000.000000000000000 ) ;
#373 = EDGE_CURVE ( 'NONE', #2156, #424, #587, .T. ) ;
#374 = VERTEX_POINT ( 'NONE', #1816 ) ;
#375 = VECTOR ( 'NONE', #2174, 1000.000000000000000 ) ;
#376 = CARTESIAN_POINT ( 'NONE',  ( 2.899999999999998579, 0.5000000000000000000, 3.229999999999998650 ) ) ;
#377 = CIRCLE ( 'NONE', #19, 0.2999999999999999334 ) ;
#378 = CARTESIAN_POINT ( 'NONE',  ( -6.650000000000001243, -3.499999999999999556, 4.160000000000000142 ) ) ;
#379 = CARTESIAN_POINT ( 'NONE',  ( 3.259999999999999787, -3.499999999999999556, -3.984999999999997211 ) ) ;
#380 = DIRECTION ( 'NONE',  ( -1.000000000000000000, 0.000000000000000000, -0.000000000000000000 ) ) ;
#381 = CARTESIAN_POINT ( 'NONE',  ( 5.799999999999999822, -3.499999999999999556, 3.984999999999998987 ) ) ;
#382 = ORIENTED_EDGE ( 'NONE', *, *, #2222, .T. ) ;
#383 = FACE_OUTER_BOUND ( 'NONE', #597, .T. ) ;
#384 = DIRECTION ( 'NONE',  ( -1.239088197126291261E-15, 0.000000000000000000, 1.000000000000000000 ) ) ;
#385 = EDGE_CURVE ( 'NONE', #2414, #2216, #916, .T. ) ;
#386 = ORIENTED_EDGE ( 'NONE', *, *, #2033, .F. ) ;
#387 = AXIS2_PLACEMENT_3D ( 'NONE', #1303, #2642, #2651 ) ;
#388 = VECTOR ( 'NONE', #126, 1000.000000000000000 ) ;
#389 = EDGE_LOOP ( 'NONE', ( #2154, #1186, #593, #2251 ) ) ;
#390 = VECTOR ( 'NONE', #690, 1000.000000000000000 ) ;
#391 = CARTESIAN_POINT ( 'NONE',  ( 5.079999999999999183, 0.6999999999999999556, 1.829999999999995630 ) ) ;
#392 = ORIENTED_EDGE ( 'NONE', *, *, #1783, .T. ) ;
#393 =( NAMED_UNIT ( * ) PLANE_ANGLE_UNIT ( ) SI_UNIT ( $, .RADIAN. ) );
#394 = EDGE_CURVE ( 'NONE', #658, #1415, #157, .T. ) ;
#395 = CARTESIAN_POINT ( 'NONE',  ( -7.749999999999999112, 11.50000000000000178, -4.950000000000000178 ) ) ;
#396 = CARTESIAN_POINT ( 'NONE',  ( 3.259999999999999787, -7.782623792124925721, -3.634999999999998455 ) ) ;
#397 = CARTESIAN_POINT ( 'NONE',  ( 6.500000000000000000, -3.499999999999999556, -3.634999999999997566 ) ) ;
#398 = ORIENTED_EDGE ( 'NONE', *, *, #1288, .F. ) ;
#399 =( NAMED_UNIT ( * ) PLANE_ANGLE_UNIT ( ) SI_UNIT ( $, .RADIAN. ) );
#400 = DIRECTION ( 'NONE',  ( -1.000000000000000000, 0.000000000000000000, 0.000000000000000000 ) ) ;
#401 = ORIENTED_EDGE ( 'NONE', *, *, #359, .F. ) ;
#402 = EDGE_CURVE ( 'NONE', #2660, #2516, #2244, .T. ) ;
#403 = ORIENTED_EDGE ( 'NONE', *, *, #1480, .F. ) ;
#404 = CARTESIAN_POINT ( 'NONE',  ( 0.000000000000000000, 0.5000000000000000000, 0.000000000000000000 ) ) ;
#405 = ORIENTED_EDGE ( 'NONE', *, *, #1480, .T. ) ;
#406 = FACE_OUTER_BOUND ( 'NONE', #2290, .T. ) ;
#407 = DIRECTION ( 'NONE',  ( 0.000000000000000000, 0.000000000000000000, 1.000000000000000000 ) ) ;
#408 = DIRECTION ( 'NONE',  ( -0.000000000000000000, -1.000000000000000000, -0.000000000000000000 ) ) ;
#409 = ADVANCED_FACE ( 'NONE', ( #1853 ), #968, .F. ) ;
#410 = ORIENTED_EDGE ( 'NONE', *, *, #1549, .F. ) ;
#411 = CARTESIAN_POINT ( 'NONE',  ( -4.679999999999995275, 0.6999999999999999556, -3.500000000000001332 ) ) ;
#412 = DIRECTION ( 'NONE',  ( -0.000000000000000000, 1.000000000000000000, -0.000000000000000000 ) ) ;
#413 = ORIENTED_EDGE ( 'NONE', *, *, #803, .T. ) ;
#414 = ORIENTED_EDGE ( 'NONE', *, *, #1768, .T. ) ;
#415 = VECTOR ( 'NONE', #652, 1000.000000000000000 ) ;
#416 = DIRECTION ( 'NONE',  ( -0.000000000000000000, -1.000000000000000000, 0.000000000000000000 ) ) ;
#417 = VECTOR ( 'NONE', #2108, 1000.000000000000000 ) ;
#418 = VERTEX_POINT ( 'NONE', #765 ) ;
#419 = ADVANCED_FACE ( 'NONE', ( #802 ), #1827, .T. ) ;
#420 = DIRECTION ( 'NONE',  ( 1.000000000000000000, 0.000000000000000000, 0.000000000000000000 ) ) ;
#421 = FACE_OUTER_BOUND ( 'NONE', #1923, .T. ) ;
#422 = CARTESIAN_POINT ( 'NONE',  ( 1.900000000000000577, 0.7999999999999999334, -3.499999999999996891 ) ) ;
#423 = FACE_OUTER_BOUND ( 'NONE', #946, .T. ) ;
#424 = VERTEX_POINT ( 'NONE', #1641 ) ;
#425 = LINE ( 'NONE', #443, #552 ) ;
#426 = EDGE_CURVE ( 'NONE', #1772, #553, #2054, .T. ) ;
#427 = ORIENTED_EDGE ( 'NONE', *, *, #1536, .F. ) ;
#428 = DIRECTION ( 'NONE',  ( 1.000000000000000000, 0.000000000000000000, -4.336808689942025625E-15 ) ) ;
#429 = EDGE_CURVE ( 'NONE', #316, #2660, #2437, .T. ) ;
#430 = AXIS2_PLACEMENT_3D ( 'NONE', #1580, #521, #321 ) ;
#431 = ORIENTED_EDGE ( 'NONE', *, *, #426, .T. ) ;
#432 = CARTESIAN_POINT ( 'NONE',  ( 2.900000000000000799, 0.7999999999999999334, -2.229999999999996874 ) ) ;
#433 = CIRCLE ( 'NONE', #162, 0.2000000000000000944 ) ;
#434 = VECTOR ( 'NONE', #1030, 1000.000000000000000 ) ;
#435 = PRESENTATION_LAYER_ASSIGNMENT (  '', '', ( #571 ) ) ;
#436 = VERTEX_POINT ( 'NONE', #2280 ) ;
#437 = PLANE ( 'NONE',  #2281 ) ;
#438 = DIRECTION ( 'NONE',  ( 1.000000000000000000, -0.000000000000000000, -0.000000000000000000 ) ) ;
#439 = LINE ( 'NONE', #452, #840 ) ;
#440 = EDGE_CURVE ( 'NONE', #558, #2313, #1939, .T. ) ;
#441 = VERTEX_POINT ( 'NONE', #1190 ) ;
#442 = PLANE ( 'NONE',  #1712 ) ;
#443 = CARTESIAN_POINT ( 'NONE',  ( 7.749999999999999112, 11.50000000000000178, -5.249999999999999112 ) ) ;
#444 = EDGE_LOOP ( 'NONE', ( #2193, #498, #2162, #1474 ) ) ;
#445 = CARTESIAN_POINT ( 'NONE',  ( 4.249999999999998224, 0.5000000000000000000, 5.250000000000000000 ) ) ;
#446 = CARTESIAN_POINT ( 'NONE',  ( 3.259999999999999787, -7.782623792124925721, -3.984999999999997211 ) ) ;
#447 = VERTEX_POINT ( 'NONE', #1167 ) ;
#448 = EDGE_CURVE ( 'NONE', #943, #441, #2029, .T. ) ;
#449 = CARTESIAN_POINT ( 'NONE',  ( 5.799999999999999822, 0.7999999999999999334, 3.984999999999998987 ) ) ;
#450 = EDGE_LOOP ( 'NONE', ( #2733, #1357, #2347, #95 ) ) ;
#451 = DIRECTION ( 'NONE',  ( -1.000000000000000000, -0.000000000000000000, -0.000000000000000000 ) ) ;
#452 = CARTESIAN_POINT ( 'NONE',  ( -6.650000000000001243, -3.499999999999999556, -3.460000000000002629 ) ) ;
#453 = VERTEX_POINT ( 'NONE', #778 ) ;
#454 = ADVANCED_FACE ( 'NONE', ( #1066 ), #1493, .T. ) ;
#455 = DIRECTION ( 'NONE',  ( -0.000000000000000000, -0.000000000000000000, -1.000000000000000000 ) ) ;
#456 = FACE_OUTER_BOUND ( 'NONE', #934, .T. ) ;
#457 = ORIENTED_EDGE ( 'NONE', *, *, #1854, .T. ) ;
#458 = DIRECTION ( 'NONE',  ( 6.505213034913037648E-15, 0.000000000000000000, 1.000000000000000000 ) ) ;
#459 = FACE_OUTER_BOUND ( 'NONE', #472, .T. ) ;
#460 = ORIENTED_EDGE ( 'NONE', *, *, #941, .T. ) ;
#461 = FACE_OUTER_BOUND ( 'NONE', #1052, .T. ) ;
#462 = EDGE_CURVE ( 'NONE', #1608, #2643, #117, .T. ) ;
#463 = ORIENTED_EDGE ( 'NONE', *, *, #1758, .T. ) ;
#464 = DIRECTION ( 'NONE',  ( 1.000000000000000000, 0.000000000000000000, 0.000000000000000000 ) ) ;
#465 = CARTESIAN_POINT ( 'NONE',  ( 2.900000000000000799, 0.7999999999999999334, -2.229999999999996874 ) ) ;
#466 = CARTESIAN_POINT ( 'NONE',  ( 1.817157287525380971, 0.5000000000000000000, -3.417157287525377285 ) ) ;
#467 = VECTOR ( 'NONE', #1122, 1000.000000000000000 ) ;
#468 = ORIENTED_EDGE ( 'NONE', *, *, #1116, .F. ) ;
#469 = DIRECTION ( 'NONE',  ( 1.000000000000000000, 0.000000000000000000, -1.606225440719263951E-15 ) ) ;
#470 = DIRECTION ( 'NONE',  ( 0.000000000000000000, 0.000000000000000000, -1.000000000000000000 ) ) ;
#471 = AXIS2_PLACEMENT_3D ( 'NONE', #2432, #2199, #936 ) ;
#472 = EDGE_LOOP ( 'NONE', ( #1127, #790, #2200, #1561 ) ) ;
#473 = CARTESIAN_POINT ( 'NONE',  ( -6.650000000000001243, -3.499999999999999556, 4.160000000000000142 ) ) ;
#474 = CARTESIAN_POINT ( 'NONE',  ( 7.449999999999999289, 0.7999999999999999334, -4.950000000000000178 ) ) ;
#475 = ADVANCED_FACE ( 'NONE', ( #1914 ), #2734, .T. ) ;
#476 = VECTOR ( 'NONE', #1083, 1000.000000000000000 ) ;
#477 = SPHERICAL_SURFACE ( 'NONE', #2506, 0.2999999999999999889 ) ;
#478 = VERTEX_POINT ( 'NONE', #2137 ) ;
#479 = VECTOR ( 'NONE', #249, 1000.000000000000000 ) ;
#480 = DIRECTION ( 'NONE',  ( 0.000000000000000000, -1.000000000000000000, 0.000000000000000000 ) ) ;
#481 = DIRECTION ( 'NONE',  ( 0.000000000000000000, -1.000000000000000000, 0.000000000000000000 ) ) ;
#482 = APPLICATION_PROTOCOL_DEFINITION ( 'draft international standard', 'automotive_design', 1998, #134 ) ;
#483 = VECTOR ( 'NONE', #543, 1000.000000000000000 ) ;
#484 = VECTOR ( 'NONE', #1529, 1000.000000000000000 ) ;
#485 = UNCERTAINTY_MEASURE_WITH_UNIT (LENGTH_MEASURE( 1.000000000000000082E-05 ), #1859, 'distance_accuracy_value', 'NONE');
#486 = ORIENTED_EDGE ( 'NONE', *, *, #429, .F. ) ;
#487 = EDGE_CURVE ( 'NONE', #1174, #2535, #1464, .T. ) ;
#488 = AXIS2_PLACEMENT_3D ( 'NONE', #674, #1076, #38 ) ;
#489 = CARTESIAN_POINT ( 'NONE',  ( -7.749999999999999112, 42.32164522684905705, 4.950000000000000178 ) ) ;
#490 = VERTEX_POINT ( 'NONE', #642 ) ;
#491 = FACE_OUTER_BOUND ( 'NONE', #1913, .T. ) ;
#492 = LINE ( 'NONE', #915, #14 ) ;
#493 = EDGE_CURVE ( 'NONE', #2113, #374, #1800, .T. ) ;
#494 = DIRECTION ( 'NONE',  ( 1.517883041479706208E-14, 0.000000000000000000, -1.000000000000000000 ) ) ;
#495 = ORIENTED_EDGE ( 'NONE', *, *, #527, .T. ) ;
#496 = CARTESIAN_POINT ( 'NONE',  ( -7.749999999999999112, 11.80000000000000071, -4.949999999999999289 ) ) ;
#497 = DIRECTION ( 'NONE',  ( 1.239088197126290669E-15, 0.000000000000000000, -1.000000000000000000 ) ) ;
#498 = ORIENTED_EDGE ( 'NONE', *, *, #1447, .F. ) ;
#499 = FACE_OUTER_BOUND ( 'NONE', #750, .T. ) ;
#500 = LINE ( 'NONE', #1809, #2370 ) ;
#501 = EDGE_CURVE ( 'NONE', #2298, #1578, #2311, .T. ) ;
#502 = ORIENTED_EDGE ( 'NONE', *, *, #2101, .F. ) ;
#503 = CARTESIAN_POINT ( 'NONE',  ( -7.749999999999999112, 11.50000000000000178, 5.250000000000000000 ) ) ;
#504 = LINE ( 'NONE', #2120, #2191 ) ;
#505 = DIRECTION ( 'NONE',  ( 0.000000000000000000, 1.000000000000000000, 0.000000000000000000 ) ) ;
#506 = VERTEX_POINT ( 'NONE', #1274 ) ;
#507 = DIRECTION ( 'NONE',  ( -0.000000000000000000, -1.000000000000000000, -0.000000000000000000 ) ) ;
#508 = DIRECTION ( 'NONE',  ( 1.000000000000000000, 0.000000000000000000, 0.000000000000000000 ) ) ;
#509 = EDGE_CURVE ( 'NONE', #1784, #989, #1879, .T. ) ;
#510 = ORIENTED_EDGE ( 'NONE', *, *, #2005, .T. ) ;
#511 = CARTESIAN_POINT ( 'NONE',  ( 7.449999999999999289, 11.80000000000000071, -4.949999999999999289 ) ) ;
#512 = DIRECTION ( 'NONE',  ( 0.000000000000000000, 0.000000000000000000, -1.000000000000000000 ) ) ;
#513 = AXIS2_PLACEMENT_3D ( 'NONE', #1077, #1956, #2539 ) ;
#514 = ORIENTED_EDGE ( 'NONE', *, *, #1710, .T. ) ;
#515 = ORIENTED_EDGE ( 'NONE', *, *, #718, .F. ) ;
#516 = VECTOR ( 'NONE', #1055, 1000.000000000000000 ) ;
#517 = CARTESIAN_POINT ( 'NONE',  ( 3.959999999999999076, -7.782623792124925721, 3.984999999999999876 ) ) ;
#518 = CARTESIAN_POINT ( 'NONE',  ( 3.959999999999999076, -7.782623792124925721, 3.634999999999999343 ) ) ;
#519 = EDGE_CURVE ( 'NONE', #447, #241, #220, .T. ) ;
#520 = ORIENTED_EDGE ( 'NONE', *, *, #1208, .F. ) ;
#521 = DIRECTION ( 'NONE',  ( 0.000000000000000000, 0.000000000000000000, 1.000000000000000000 ) ) ;
#522 =( LENGTH_UNIT ( ) NAMED_UNIT ( * ) SI_UNIT ( .MILLI., .METRE. ) );
#523 = VECTOR ( 'NONE', #1882, 1000.000000000000000 ) ;
#524 = VERTEX_POINT ( 'NONE', #2557 ) ;
#525 = AXIS2_PLACEMENT_3D ( 'NONE', #350, #793, #1643 ) ;
#526 = AXIS2_PLACEMENT_3D ( 'NONE', #1436, #1645, #795 ) ;
#527 = EDGE_CURVE ( 'NONE', #1676, #2660, #1978, .T. ) ;
#528 = LINE ( 'NONE', #326, #960 ) ;
#529 = DIRECTION ( 'NONE',  ( 0.000000000000000000, 0.000000000000000000, 1.000000000000000000 ) ) ;
#530 = VERTEX_POINT ( 'NONE', #2071 ) ;
#531 = VECTOR ( 'NONE', #57, 1000.000000000000000 ) ;
#532 = ORIENTED_EDGE ( 'NONE', *, *, #1490, .T. ) ;
#533 = CARTESIAN_POINT ( 'NONE',  ( -6.650000000000002132, -3.499999999999999556, 3.460000000000000853 ) ) ;
#534 = CARTESIAN_POINT ( 'NONE',  ( -7.449999999999999289, 11.50000000000000178, 4.950000000000000178 ) ) ;
#535 = DIRECTION ( 'NONE',  ( 0.000000000000000000, 0.000000000000000000, 1.000000000000000000 ) ) ;
#536 = ORIENTED_EDGE ( 'NONE', *, *, #636, .T. ) ;
#537 = CARTESIAN_POINT ( 'NONE',  ( 7.449999999999999289, 0.5000000000000000000, -4.950000000000000178 ) ) ;
#538 = DIRECTION ( 'NONE',  ( 0.000000000000000000, 0.000000000000000000, -1.000000000000000000 ) ) ;
#539 = AXIS2_PLACEMENT_3D ( 'NONE', #211, #1885, #2318 ) ;
#540 = EDGE_CURVE ( 'NONE', #199, #1147, #1243, .T. ) ;
#541 = ORIENTED_EDGE ( 'NONE', *, *, #1947, .F. ) ;
#542 = DIRECTION ( 'NONE',  ( -1.000000000000000000, 0.000000000000000000, 4.336808689942025625E-15 ) ) ;
#543 = DIRECTION ( 'NONE',  ( -0.000000000000000000, -1.000000000000000000, -0.000000000000000000 ) ) ;
#544 = EDGE_CURVE ( 'NONE', #2564, #1242, #785, .T. ) ;
#545 = CARTESIAN_POINT ( 'NONE',  ( 5.800000000000000711, -7.782623792124925721, -3.634999999999997566 ) ) ;
#546 = EDGE_CURVE ( 'NONE', #175, #453, #1051, .T. ) ;
#547 = CIRCLE ( 'NONE', #322, 1.000000000000000000 ) ;
#548 = CARTESIAN_POINT ( 'NONE',  ( 3.259999999999999787, 0.7999999999999999334, -3.984999999999997211 ) ) ;
#549 = EDGE_CURVE ( 'NONE', #2471, #2342, #1486, .T. ) ;
#550 = CARTESIAN_POINT ( 'NONE',  ( 1.900000000000000577, 0.6999999999999999556, -3.499999999999996891 ) ) ;
#551 = CYLINDRICAL_SURFACE ( 'NONE', #471, 0.2000000000000000944 ) ;
#552 = VECTOR ( 'NONE', #1269, 1000.000000000000000 ) ;
#553 = VERTEX_POINT ( 'NONE', #677 ) ;
#554 = CYLINDRICAL_SURFACE ( 'NONE', #1763, 0.2000000000000000944 ) ;
#555 = DIRECTION ( 'NONE',  ( -0.000000000000000000, 1.000000000000000000, -0.000000000000000000 ) ) ;
#556 = EDGE_CURVE ( 'NONE', #1499, #558, #1287, .T. ) ;
#557 = CIRCLE ( 'NONE', #1526, 0.5000000000000008882 ) ;
#558 = VERTEX_POINT ( 'NONE', #234 ) ;
#559 = LINE ( 'NONE', #1840, #1485 ) ;
#560 = CARTESIAN_POINT ( 'NONE',  ( -6.650000000000001243, -3.499999999999999556, -3.460000000000002629 ) ) ;
#561 =( NAMED_UNIT ( * ) SI_UNIT ( $, .STERADIAN. ) SOLID_ANGLE_UNIT ( ) );
#562 = DIRECTION ( 'NONE',  ( 1.606225440719263951E-15, -0.000000000000000000, -1.000000000000000000 ) ) ;
#563 = CARTESIAN_POINT ( 'NONE',  ( 5.800000000000000711, -3.499999999999999556, -3.634999999999997566 ) ) ;
#564 = VECTOR ( 'NONE', #2605, 1000.000000000000000 ) ;
#565 = EDGE_CURVE ( 'NONE', #566, #1132, #1080, .T. ) ;
#566 = VERTEX_POINT ( 'NONE', #2297 ) ;
#567 = VECTOR ( 'NONE', #416, 1000.000000000000000 ) ;
#568 = PRESENTATION_STYLE_ASSIGNMENT (( #2455 ) ) ;
#569 = DIRECTION ( 'NONE',  ( -1.000000000000000000, 0.000000000000000000, 0.000000000000000000 ) ) ;
#570 = ADVANCED_FACE ( 'NONE', ( #1930 ), #24, .T. ) ;
#571 = STYLED_ITEM ( 'NONE', ( #568 ), #1896 ) ;
#572 = ORIENTED_EDGE ( 'NONE', *, *, #332, .T. ) ;
#573 = VERTEX_POINT ( 'NONE', #391 ) ;
#574 = EDGE_CURVE ( 'NONE', #229, #724, #2719, .T. ) ;
#575 = CARTESIAN_POINT ( 'NONE',  ( 0.000000000000000000, 0.5000000000000000000, 2.029999999999998472 ) ) ;
#576 = CARTESIAN_POINT ( 'NONE',  ( -6.450000000000001954, -3.499999999999999556, 3.460000000000000853 ) ) ;
#577 = DIRECTION ( 'NONE',  ( 1.000000000000000000, -0.000000000000000000, 0.000000000000000000 ) ) ;
#578 = CARTESIAN_POINT ( 'NONE',  ( 0.000000000000000000, -3.500000000000000000, 0.000000000000000000 ) ) ;
#579 = DIRECTION ( 'NONE',  ( -1.000000000000000000, 0.000000000000000000, -0.000000000000000000 ) ) ;
#580 = VERTEX_POINT ( 'NONE', #1094 ) ;
#581 = CARTESIAN_POINT ( 'NONE',  ( -6.450000000000001954, 0.7999999999999999334, 4.159999999999999254 ) ) ;
#582 = CARTESIAN_POINT ( 'NONE',  ( -6.650000000000001243, -7.782623792124925721, 4.160000000000000142 ) ) ;
#583 = EDGE_CURVE ( 'NONE', #1572, #950, #890, .T. ) ;
#584 =( GEOMETRIC_REPRESENTATION_CONTEXT ( 3 ) GLOBAL_UNCERTAINTY_ASSIGNED_CONTEXT ( ( #1754 ) ) GLOBAL_UNIT_ASSIGNED_CONTEXT ( ( #932, #1555, #1738 ) ) REPRESENTATION_CONTEXT ( 'NONE', 'WORKASPACE' ) );
#585 = ORIENTED_EDGE ( 'NONE', *, *, #556, .T. ) ;
#586 = ORIENTED_EDGE ( 'NONE', *, *, #1866, .T. ) ;
#587 = LINE ( 'NONE', #1393, #1356 ) ;
#588 = CARTESIAN_POINT ( 'NONE',  ( 5.249999999999999112, 0.5000000000000000000, -5.249999999999998224 ) ) ;
#589 = SURFACE_STYLE_USAGE ( .BOTH. , #805 ) ;
#590 = CARTESIAN_POINT ( 'NONE',  ( 4.679999999999998828, 0.6999999999999999556, 1.829999999999998517 ) ) ;
#591 = CARTESIAN_POINT ( 'NONE',  ( -7.449999999999999289, 0.7999999999999999334, -4.950000000000000178 ) ) ;
#592 = EDGE_CURVE ( 'NONE', #129, #1553, #2572, .T. ) ;
#593 = ORIENTED_EDGE ( 'NONE', *, *, #1244, .T. ) ;
#594 = DIRECTION ( 'NONE',  ( -1.000000000000000000, 0.000000000000000000, 0.000000000000000000 ) ) ;
#595 = CYLINDRICAL_SURFACE ( 'NONE', #2676, 0.2000000000000000944 ) ;
#596 = EDGE_LOOP ( 'NONE', ( #937, #414, #2381, #185 ) ) ;
#597 = EDGE_LOOP ( 'NONE', ( #2386, #1839, #403, #1298 ) ) ;
#598 = AXIS2_PLACEMENT_3D ( 'NONE', #1332, #2408, #2423 ) ;
#599 = ADVANCED_FACE ( 'NONE', ( #461 ), #2354, .F. ) ;
#600 = DIRECTION ( 'NONE',  ( -0.000000000000000000, 1.000000000000000000, -0.000000000000000000 ) ) ;
#601 = FACE_OUTER_BOUND ( 'NONE', #170, .T. ) ;
#602 = DIRECTION ( 'NONE',  ( -0.000000000000000000, 0.000000000000000000, -1.000000000000000000 ) ) ;
#603 = LINE ( 'NONE', #1847, #303 ) ;
#604 = DIRECTION ( 'NONE',  ( -0.000000000000000000, 1.000000000000000000, -0.000000000000000000 ) ) ;
#605 = ORIENTED_EDGE ( 'NONE', *, *, #799, .T. ) ;
#606 = EDGE_CURVE ( 'NONE', #2353, #2731, #1168, .T. ) ;
#607 = AXIS2_PLACEMENT_3D ( 'NONE', #1201, #2042, #164 ) ;
#608 = DIRECTION ( 'NONE',  ( 0.000000000000000000, 0.000000000000000000, -1.000000000000000000 ) ) ;
#609 = ORIENTED_EDGE ( 'NONE', *, *, #1372, .T. ) ;
#610 = VECTOR ( 'NONE', #370, 1000.000000000000000 ) ;
#611 = AXIS2_PLACEMENT_3D ( 'NONE', #2249, #2653, #2238 ) ;
#612 = EDGE_LOOP ( 'NONE', ( #2530, #2574, #207, #2036 ) ) ;
#613 = CIRCLE ( 'NONE', #2587, 0.5000000000000004441 ) ;
#614 = AXIS2_PLACEMENT_3D ( 'NONE', #2384, #1247, #494 ) ;
#615 = DIRECTION ( 'NONE',  ( 5.595882180570349124E-16, 0.000000000000000000, -1.000000000000000000 ) ) ;
#616 = ORIENTED_EDGE ( 'NONE', *, *, #1917, .F. ) ;
#617 = FACE_OUTER_BOUND ( 'NONE', #1402, .T. ) ;
#618 = PLANE ( 'NONE',  #33 ) ;
#619 = CARTESIAN_POINT ( 'NONE',  ( 3.259999999999998899, -3.499999999999999556, 3.984999999999998987 ) ) ;
#620 = CARTESIAN_POINT ( 'NONE',  ( -6.650000000000002132, -3.499999999999999556, 3.460000000000000853 ) ) ;
#621 = UNCERTAINTY_MEASURE_WITH_UNIT (LENGTH_MEASURE( 1.000000000000000082E-05 ), #1459, 'distance_accuracy_value', 'NONE');
#622 = ORIENTED_EDGE ( 'NONE', *, *, #2571, .F. ) ;
#623 = LINE ( 'NONE', #1952, #120 ) ;
#624 = SPHERICAL_SURFACE ( 'NONE', #1445, 0.2999999999999999889 ) ;
#625 = ORIENTED_EDGE ( 'NONE', *, *, #2005, .F. ) ;
#626 = AXIS2_PLACEMENT_3D ( 'NONE', #640, #458, #1488 ) ;
#627 = ORIENTED_EDGE ( 'NONE', *, *, #1023, .T. ) ;
#628 = DIRECTION ( 'NONE',  ( 9.745637505487692338E-16, 0.000000000000000000, -1.000000000000000000 ) ) ;
#629 = VERTEX_POINT ( 'NONE', #1830 ) ;
#630 = FACE_OUTER_BOUND ( 'NONE', #612, .T. ) ;
#631 = ADVANCED_FACE ( 'NONE', ( #165 ), #804, .T. ) ;
#632 = CARTESIAN_POINT ( 'NONE',  ( -4.679999999999998828, 0.6999999999999999556, 3.499999999999998668 ) ) ;
#633 = CARTESIAN_POINT ( 'NONE',  ( -5.250000000000000000, 0.5000000000000000000, 4.950000000000001066 ) ) ;
#634 = PLANE ( 'NONE',  #317 ) ;
#635 = ORIENTED_EDGE ( 'NONE', *, *, #967, .T. ) ;
#636 = EDGE_CURVE ( 'NONE', #72, #506, #1421, .T. ) ;
#637 = CARTESIAN_POINT ( 'NONE',  ( -6.450000000000001954, 0.7999999999999999334, 3.460000000000000853 ) ) ;
#638 = CARTESIAN_POINT ( 'NONE',  ( 2.900000000000000355, 0.6999999999999999556, -2.229999999999996874 ) ) ;
#639 = VERTEX_POINT ( 'NONE', #560 ) ;
#640 = CARTESIAN_POINT ( 'NONE',  ( 4.879999999999999893, 0.6999999999999999556, 1.829999999999996962 ) ) ;
#641 = ORIENTED_EDGE ( 'NONE', *, *, #2293, .T. ) ;
#642 = CARTESIAN_POINT ( 'NONE',  ( -7.449999999999999289, 11.80000000000000071, -4.949999999999999289 ) ) ;
#643 = EDGE_CURVE ( 'NONE', #418, #2510, #2031, .T. ) ;
#644 = AXIS2_PLACEMENT_3D ( 'NONE', #1400, #579, #2273 ) ;
#645 = ORIENTED_EDGE ( 'NONE', *, *, #2399, .F. ) ;
#646 = VECTOR ( 'NONE', #1967, 1000.000000000000000 ) ;
#647 = CARTESIAN_POINT ( 'NONE',  ( -7.749999999999999112, 11.50000000000000178, 4.950000000000000178 ) ) ;
#648 = DIRECTION ( 'NONE',  ( -0.000000000000000000, 1.734723475976807292E-15, -1.000000000000000000 ) ) ;
#649 = UNCERTAINTY_MEASURE_WITH_UNIT (LENGTH_MEASURE( 1.000000000000000082E-05 ), #1658, 'distance_accuracy_value', 'NONE');
#650 = ORIENTED_EDGE ( 'NONE', *, *, #1216, .T. ) ;
#651 = FACE_OUTER_BOUND ( 'NONE', #233, .T. ) ;
#652 = DIRECTION ( 'NONE',  ( -1.000000000000000000, -0.000000000000000000, -0.000000000000000000 ) ) ;
#653 = EDGE_CURVE ( 'NONE', #1502, #184, #2205, .T. ) ;
#654 = VERTEX_POINT ( 'NONE', #378 ) ;
#655 = CARTESIAN_POINT ( 'NONE',  ( 3.959999999999999076, -3.499999999999999556, 3.984999999999999876 ) ) ;
#656 = CARTESIAN_POINT ( 'NONE',  ( 5.800000000000000711, -3.499999999999999556, -3.984999999999997211 ) ) ;
#657 = AXIS2_PLACEMENT_3D ( 'NONE', #1629, #2641, #1613 ) ;
#658 = VERTEX_POINT ( 'NONE', #1818 ) ;
#659 = CARTESIAN_POINT ( 'NONE',  ( -4.879999999999999893, 0.5000000000000000000, -2.730790504118330254E-15 ) ) ;
#660 = AXIS2_PLACEMENT_3D ( 'NONE', #1380, #2447, #122 ) ;
#661 = COLOUR_RGB ( '',0.7921568627450980005, 0.8196078431372548767, 0.9333333333333333481 ) ;
#662 = CIRCLE ( 'NONE', #959, 0.2999999999999999334 ) ;
#663 = TOROIDAL_SURFACE ( 'NONE', #963, 0.2000000000000000666, 0.2000000000000000111 ) ;
#664 = ADVANCED_FACE ( 'NONE', ( #767 ), #1806, .F. ) ;
#665 = ORIENTED_EDGE ( 'NONE', *, *, #2512, .F. ) ;
#666 = DIRECTION ( 'NONE',  ( 0.000000000000000000, 0.000000000000000000, -1.000000000000000000 ) ) ;
#667 = CARTESIAN_POINT ( 'NONE',  ( -4.249999999999998224, 0.5000000000000000000, 5.250000000000000000 ) ) ;
#668 = DIRECTION ( 'NONE',  ( -0.000000000000000000, -1.000000000000000000, -0.000000000000000000 ) ) ;
#669 = ORIENTED_EDGE ( 'NONE', *, *, #1740, .T. ) ;
#670 = FILL_AREA_STYLE ('',( #2116 ) ) ;
#671 = FILL_AREA_STYLE ('',( #1105 ) ) ;
#672 = ORIENTED_EDGE ( 'NONE', *, *, #1655, .F. ) ;
#673 = ADVANCED_FACE ( 'NONE', ( #601 ), #1630, .T. ) ;
#674 = CARTESIAN_POINT ( 'NONE',  ( -4.679999999999997939, 0.7999999999999999334, -3.100000000000000977 ) ) ;
#675 = LINE ( 'NONE', #2175, #2412 ) ;
#676 = ORIENTED_EDGE ( 'NONE', *, *, #2607, .T. ) ;
#677 = CARTESIAN_POINT ( 'NONE',  ( 7.749999999999999112, 11.50000000000000178, -4.949999999999999289 ) ) ;
#678 = AXIS2_PLACEMENT_3D ( 'NONE', #1456, #648, #194 ) ;
#679 = VERTEX_POINT ( 'NONE', #588 ) ;
#680 =( GEOMETRIC_REPRESENTATION_CONTEXT ( 3 ) GLOBAL_UNCERTAINTY_ASSIGNED_CONTEXT ( ( #2304 ) ) GLOBAL_UNIT_ASSIGNED_CONTEXT ( ( #522, #1130, #1753 ) ) REPRESENTATION_CONTEXT ( 'NONE', 'WORKASPACE' ) );
#681 = CARTESIAN_POINT ( 'NONE',  ( 7.449999999999999289, 11.50000000000000178, 4.950000000000000178 ) ) ;
#682 = LINE ( 'NONE', #1511, #516 ) ;
#683 = ORIENTED_EDGE ( 'NONE', *, *, #487, .F. ) ;
#684 = DIRECTION ( 'NONE',  ( 1.000000000000000000, -0.000000000000000000, -0.000000000000000000 ) ) ;
#685 = ORIENTED_EDGE ( 'NONE', *, *, #2602, .T. ) ;
#686 = DIRECTION ( 'NONE',  ( 0.000000000000000000, -1.000000000000000000, 0.000000000000000000 ) ) ;
#687 = CARTESIAN_POINT ( 'NONE',  ( -6.450000000000001954, 0.7999999999999999334, 3.460000000000000853 ) ) ;
#688 = VECTOR ( 'NONE', #993, 1000.000000000000000 ) ;
#689 = CARTESIAN_POINT ( 'NONE',  ( -4.679999999999998828, 0.7999999999999999334, 3.499999999999998668 ) ) ;
#690 = DIRECTION ( 'NONE',  ( -0.000000000000000000, -0.000000000000000000, 1.000000000000000000 ) ) ;
#691 = ADVANCED_FACE ( 'NONE', ( #1602 ), #2257, .T. ) ;
#692 = ORIENTED_EDGE ( 'NONE', *, *, #402, .T. ) ;
#693 = DIRECTION ( 'NONE',  ( -1.000000000000000000, 0.000000000000000000, -0.000000000000000000 ) ) ;
#694 = VECTOR ( 'NONE', #1236, 1000.000000000000000 ) ;
#695 = DIRECTION ( 'NONE',  ( 0.000000000000000000, -0.000000000000000000, -1.000000000000000000 ) ) ;
#696 = PRESENTATION_STYLE_ASSIGNMENT (( #895 ) ) ;
#697 = AXIS2_PLACEMENT_3D ( 'NONE', #1704, #481, #1041 ) ;
#698 = ORIENTED_EDGE ( 'NONE', *, *, #2295, .T. ) ;
#699 = CARTESIAN_POINT ( 'NONE',  ( -6.450000000000001954, -7.782623792124925721, 3.460000000000000853 ) ) ;
#700 = TOROIDAL_SURFACE ( 'NONE', #2485, 1.200000000000000178, 0.2000000000000000111 ) ;
#701 = ADVANCED_FACE ( 'NONE', ( #138, #1616 ), #1397, .T. ) ;
#702 = ORIENTED_EDGE ( 'NONE', *, *, #1898, .T. ) ;
#703 = PLANE ( 'NONE',  #1775 ) ;
#704 = CARTESIAN_POINT ( 'NONE',  ( 7.449999999999999289, 0.7999999999999999334, 4.950000000000001066 ) ) ;
#705 = CARTESIAN_POINT ( 'NONE',  ( -6.450000000000001066, -3.499999999999999556, -4.160000000000001030 ) ) ;
#706 = ORIENTED_EDGE ( 'NONE', *, *, #546, .F. ) ;
#707 = CARTESIAN_POINT ( 'NONE',  ( -4.679999999999997939, 0.6999999999999999556, -3.100000000000000977 ) ) ;
#708 = AXIS2_PLACEMENT_3D ( 'NONE', #2050, #145, #608 ) ;
#709 = AXIS2_PLACEMENT_3D ( 'NONE', #1770, #1161, #1171 ) ;
#710 = PRODUCT_DEFINITION_CONTEXT ( 'detailed design', #134, 'design' ) ;
#711 = ORIENTED_EDGE ( 'NONE', *, *, #1671, .F. ) ;
#712 = DIRECTION ( 'NONE',  ( -1.606225440719263951E-15, 0.000000000000000000, -1.000000000000000000 ) ) ;
#713 = DIRECTION ( 'NONE',  ( -0.000000000000000000, 1.000000000000000000, -0.000000000000000000 ) ) ;
#714 = VERTEX_POINT ( 'NONE', #111 ) ;
#715 = DIRECTION ( 'NONE',  ( 1.000000000000000000, -0.000000000000000000, -0.000000000000000000 ) ) ;
#716 = DIRECTION ( 'NONE',  ( -1.000000000000000000, 0.000000000000000000, 0.000000000000000000 ) ) ;
#717 = FACE_OUTER_BOUND ( 'NONE', #2181, .T. ) ;
#718 = EDGE_CURVE ( 'NONE', #1985, #1822, #1441, .T. ) ;
#719 = ORIENTED_EDGE ( 'NONE', *, *, #2185, .T. ) ;
#720 = CARTESIAN_POINT ( 'NONE',  ( -5.080000000000000959, 0.7999999999999999334, 3.099999999999996092 ) ) ;
#721 = ORIENTED_EDGE ( 'NONE', *, *, #1600, .F. ) ;
#722 = CARTESIAN_POINT ( 'NONE',  ( 6.499999999999999112, -7.782623792124925721, 3.984999999999998987 ) ) ;
#723 = CARTESIAN_POINT ( 'NONE',  ( 1.900000000000000133, 0.7999999999999999334, -3.229999999999996874 ) ) ;
#724 = VERTEX_POINT ( 'NONE', #2487 ) ;
#725 = EDGE_CURVE ( 'NONE', #241, #2606, #1843, .T. ) ;
#726 = ORIENTED_EDGE ( 'NONE', *, *, #1067, .F. ) ;
#727 = CARTESIAN_POINT ( 'NONE',  ( 3.959999999999999076, -3.499999999999999556, 3.634999999999999343 ) ) ;
#728 = CARTESIAN_POINT ( 'NONE',  ( 3.259999999999998899, -7.782623792124925721, 3.634999999999999343 ) ) ;
#729 = ORIENTED_EDGE ( 'NONE', *, *, #1229, .T. ) ;
#730 = ADVANCED_FACE ( 'NONE', ( #2223 ), #323, .F. ) ;
#731 = FACE_OUTER_BOUND ( 'NONE', #2093, .T. ) ;
#732 = ORIENTED_EDGE ( 'NONE', *, *, #1567, .F. ) ;
#733 = LINE ( 'NONE', #1570, #874 ) ;
#734 = LINE ( 'NONE', #2419, #1877 ) ;
#735 = AXIS2_PLACEMENT_3D ( 'NONE', #1697, #903, #1284 ) ;
#736 = EDGE_LOOP ( 'NONE', ( #822, #1331, #2283, #177 ) ) ;
#737 = ORIENTED_EDGE ( 'NONE', *, *, #2111, .T. ) ;
#738 = VECTOR ( 'NONE', #1835, 1000.000000000000000 ) ;
#739 = CARTESIAN_POINT ( 'NONE',  ( -6.650000000000001243, -7.782623792124925721, 4.160000000000000142 ) ) ;
#740 = CARTESIAN_POINT ( 'NONE',  ( -5.079999999999997407, 0.7999999999999999334, -3.099999999999998757 ) ) ;
#741 = EDGE_CURVE ( 'NONE', #1230, #1238, #335, .T. ) ;
#742 = VERTEX_POINT ( 'NONE', #1202 ) ;
#743 = LINE ( 'NONE', #1144, #1881 ) ;
#744 = EDGE_CURVE ( 'NONE', #1876, #2313, #433, .T. ) ;
#745 = ORIENTED_EDGE ( 'NONE', *, *, #1470, .F. ) ;
#746 = VECTOR ( 'NONE', #1945, 1000.000000000000000 ) ;
#747 = CARTESIAN_POINT ( 'NONE',  ( 7.449999999999999289, 11.50000000000000178, -4.949999999999999289 ) ) ;
#748 = DIRECTION ( 'NONE',  ( 5.595882180570350110E-16, -0.000000000000000000, -1.000000000000000000 ) ) ;
#749 = VECTOR ( 'NONE', #768, 1000.000000000000000 ) ;
#750 = EDGE_LOOP ( 'NONE', ( #1232, #50, #2578, #1546 ) ) ;
#751 = FACE_OUTER_BOUND ( 'NONE', #324, .T. ) ;
#752 = CARTESIAN_POINT ( 'NONE',  ( -7.749999999999999112, 42.32164522684905705, 5.250000000000000000 ) ) ;
#753 = EDGE_CURVE ( 'NONE', #943, #1461, #302, .T. ) ;
#754 = ORIENTED_EDGE ( 'NONE', *, *, #744, .T. ) ;
#755 = DIRECTION ( 'NONE',  ( 0.000000000000000000, 0.000000000000000000, 1.000000000000000000 ) ) ;
#756 = CARTESIAN_POINT ( 'NONE',  ( 1.699999999999993072, 0.6999999999999999556, -2.730583249222737811E-15 ) ) ;
#757 = CARTESIAN_POINT ( 'NONE',  ( 5.799999999999999822, -7.782623792124925721, 3.634999999999999343 ) ) ;
#758 = CARTESIAN_POINT ( 'NONE',  ( 7.449999999999999289, 11.80000000000000071, -5.249999999999999112 ) ) ;
#759 = PLANE ( 'NONE',  #1752 ) ;
#760 = CIRCLE ( 'NONE', #626, 0.1999999999999996503 ) ;
#761 = EDGE_LOOP ( 'NONE', ( #2417, #44, #2305, #1698 ) ) ;
#762 = ADVANCED_FACE ( 'NONE', ( #1188 ), #1154, .F. ) ;
#763 = LINE ( 'NONE', #1597, #2271 ) ;
#764 = FACE_OUTER_BOUND ( 'NONE', #58, .T. ) ;
#765 = CARTESIAN_POINT ( 'NONE',  ( -6.450000000000001954, -3.499999999999999556, 4.159999999999999254 ) ) ;
#766 = EDGE_CURVE ( 'NONE', #506, #1174, #1344, .T. ) ;
#767 = FACE_OUTER_BOUND ( 'NONE', #2513, .T. ) ;
#768 = DIRECTION ( 'NONE',  ( -0.000000000000000000, -1.000000000000000000, -0.000000000000000000 ) ) ;
#769 = CARTESIAN_POINT ( 'NONE',  ( 5.799999999999999822, 0.7999999999999999334, 3.634999999999999343 ) ) ;
#770 = ORIENTED_EDGE ( 'NONE', *, *, #1378, .F. ) ;
#771 = DIRECTION ( 'NONE',  ( -0.000000000000000000, -0.000000000000000000, 1.000000000000000000 ) ) ;
#772 = CARTESIAN_POINT ( 'NONE',  ( 3.259999999999998899, -7.782623792124925721, 3.634999999999999343 ) ) ;
#773 = CIRCLE ( 'NONE', #2319, 0.2999999999999999334 ) ;
#774 = ADVANCED_FACE ( 'NONE', ( #764 ), #1369, .T. ) ;
#775 = VECTOR ( 'NONE', #1504, 1000.000000000000000 ) ;
#776 = ADVANCED_BREP_SHAPE_REPRESENTATION ( 'HK4100F-DC5V-SHG', ( #105, #84, #40, #1896, #1908, #1012, #980, #2220 ), #584 ) ;
#777 = EDGE_LOOP ( 'NONE', ( #1622, #1690, #801, #1654 ) ) ;
#778 = CARTESIAN_POINT ( 'NONE',  ( 3.959999999999999964, 0.7999999999999999334, -3.634999999999998455 ) ) ;
#779 = DIRECTION ( 'NONE',  ( 0.000000000000000000, -1.000000000000000000, 0.000000000000000000 ) ) ;
#780 = EDGE_CURVE ( 'NONE', #2113, #1965, #1575, .T. ) ;
#781 = DIRECTION ( 'NONE',  ( 0.000000000000000000, -1.000000000000000000, 0.000000000000000000 ) ) ;
#782 = DIRECTION ( 'NONE',  ( 1.000000000000000000, -0.000000000000000000, 1.239088197126290669E-15 ) ) ;
#783 = AXIS2_PLACEMENT_3D ( 'NONE', #2628, #535, #1347 ) ;
#784 = ORIENTED_EDGE ( 'NONE', *, *, #1013, .T. ) ;
#785 = CIRCLE ( 'NONE', #2502, 0.3999999999999999667 ) ;
#786 = DIRECTION ( 'NONE',  ( 0.000000000000000000, 0.000000000000000000, 1.000000000000000000 ) ) ;
#787 = VECTOR ( 'NONE', #1226, 1000.000000000000000 ) ;
#788 = VECTOR ( 'NONE', #1087, 1000.000000000000000 ) ;
#789 = ORIENTED_EDGE ( 'NONE', *, *, #2215, .T. ) ;
#790 = ORIENTED_EDGE ( 'NONE', *, *, #320, .F. ) ;
#791 = LINE ( 'NONE', #2019, #2498 ) ;
#792 = ADVANCED_FACE ( 'NONE', ( #1610 ), #2424, .T. ) ;
#793 = DIRECTION ( 'NONE',  ( -0.000000000000000000, 0.000000000000000000, 1.000000000000000000 ) ) ;
#794 = LINE ( 'NONE', #363, #1686 ) ;
#795 = DIRECTION ( 'NONE',  ( 0.000000000000000000, 0.000000000000000000, -1.000000000000000000 ) ) ;
#796 = FACE_OUTER_BOUND ( 'NONE', #2136, .T. ) ;
#797 = EDGE_LOOP ( 'NONE', ( #2376, #726, #1, #2227 ) ) ;
#798 = CYLINDRICAL_SURFACE ( 'NONE', #862, 0.2999999999999999334 ) ;
#799 = EDGE_CURVE ( 'NONE', #1682, #1531, #1825, .T. ) ;
#800 = EDGE_LOOP ( 'NONE', ( #515, #2334, #301, #2392, #2338, #1310, #1006, #625, #2372, #2722, #520, #2672, #2615, #1887 ) ) ;
#801 = ORIENTED_EDGE ( 'NONE', *, *, #653, .T. ) ;
#802 = FACE_OUTER_BOUND ( 'NONE', #1323, .T. ) ;
#803 = EDGE_CURVE ( 'NONE', #2231, #184, #662, .T. ) ;
#804 = PLANE ( 'NONE',  #2016 ) ;
#805 = SURFACE_SIDE_STYLE ('',( #1203 ) ) ;
#806 = DIRECTION ( 'NONE',  ( 0.000000000000000000, -1.000000000000000000, 0.000000000000000000 ) ) ;
#807 = LINE ( 'NONE', #141, #1788 ) ;
#808 = VERTEX_POINT ( 'NONE', #2657 ) ;
#809 = CYLINDRICAL_SURFACE ( 'NONE', #2720, 0.2999999999999999334 ) ;
#810 = ORIENTED_EDGE ( 'NONE', *, *, #988, .F. ) ;
#811 = VECTOR ( 'NONE', #820, 1000.000000000000000 ) ;
#812 = ORIENTED_EDGE ( 'NONE', *, *, #653, .F. ) ;
#813 = CIRCLE ( 'NONE', #949, 0.5000000000000008882 ) ;
#814 = DIRECTION ( 'NONE',  ( -1.000000000000000000, -0.000000000000000000, -0.000000000000000000 ) ) ;
#815 = CIRCLE ( 'NONE', #2659, 0.1999999999999996503 ) ;
#816 = ORIENTED_EDGE ( 'NONE', *, *, #2197, .T. ) ;
#817 = LINE ( 'NONE', #1069, #523 ) ;
#818 = ADVANCED_FACE ( 'NONE', ( #319 ), #1563, .F. ) ;
#819 = CARTESIAN_POINT ( 'NONE',  ( 6.500000000000000000, -3.499999999999999556, -3.984999999999997211 ) ) ;
#820 = DIRECTION ( 'NONE',  ( -0.000000000000000000, 1.000000000000000000, -0.000000000000000000 ) ) ;
#821 = DIRECTION ( 'NONE',  ( 1.000000000000000000, -0.000000000000000000, 0.000000000000000000 ) ) ;
#822 = ORIENTED_EDGE ( 'NONE', *, *, #1308, .F. ) ;
#823 = CIRCLE ( 'NONE', #996, 0.2000000000000000944 ) ;
#824 = ADVANCED_FACE ( 'NONE', ( #1787 ), #2624, .F. ) ;
#825 = DIRECTION ( 'NONE',  ( 0.000000000000000000, -0.000000000000000000, 1.000000000000000000 ) ) ;
#826 = VERTEX_POINT ( 'NONE', #2456 ) ;
#827 =( GEOMETRIC_REPRESENTATION_CONTEXT ( 3 ) GLOBAL_UNCERTAINTY_ASSIGNED_CONTEXT ( ( #485 ) ) GLOBAL_UNIT_ASSIGNED_CONTEXT ( ( #1859, #399, #1029 ) ) REPRESENTATION_CONTEXT ( 'NONE', 'WORKASPACE' ) );
#828 = EDGE_CURVE ( 'NONE', #1479, #1958, #331, .T. ) ;
#829 = ORIENTED_EDGE ( 'NONE', *, *, #1418, .T. ) ;
#830 = DIRECTION ( 'NONE',  ( -0.000000000000000000, 1.000000000000000000, -0.000000000000000000 ) ) ;
#831 = EDGE_CURVE ( 'NONE', #989, #265, #1977, .T. ) ;
#832 = VERTEX_POINT ( 'NONE', #928 ) ;
#833 = CARTESIAN_POINT ( 'NONE',  ( 5.080000000000000071, 0.7999999999999999334, -1.829999999999992299 ) ) ;
#834 = DIRECTION ( 'NONE',  ( -1.000000000000000000, 0.000000000000000000, 0.000000000000000000 ) ) ;
#835 = ORIENTED_EDGE ( 'NONE', *, *, #2219, .T. ) ;
#836 = SURFACE_SIDE_STYLE ('',( #155 ) ) ;
#837 = ADVANCED_FACE ( 'NONE', ( #2436 ), #1774, .F. ) ;
#838 = ORIENTED_EDGE ( 'NONE', *, *, #2416, .T. ) ;
#839 = PLANE ( 'NONE',  #1905 ) ;
#840 = VECTOR ( 'NONE', #2534, 1000.000000000000000 ) ;
#841 = VERTEX_POINT ( 'NONE', #2204 ) ;
#842 = DIRECTION ( 'NONE',  ( 0.000000000000000000, 0.000000000000000000, 1.000000000000000000 ) ) ;
#843 = ORIENTED_EDGE ( 'NONE', *, *, #2295, .F. ) ;
#844 = LINE ( 'NONE', #879, #1435 ) ;
#845 = EDGE_CURVE ( 'NONE', #2342, #436, #940, .T. ) ;
#846 = FACE_OUTER_BOUND ( 'NONE', #2274, .T. ) ;
#847 = LINE ( 'NONE', #238, #1129 ) ;
#848 = DIRECTION ( 'NONE',  ( -1.000000000000000000, 0.000000000000000000, 0.000000000000000000 ) ) ;
#849 = ORIENTED_EDGE ( 'NONE', *, *, #188, .T. ) ;
#850 = DIRECTION ( 'NONE',  ( -1.000000000000000000, 0.000000000000000000, 2.168404344971007685E-15 ) ) ;
#851 = DIRECTION ( 'NONE',  ( 0.000000000000000000, 0.000000000000000000, 1.000000000000000000 ) ) ;
#852 = CIRCLE ( 'NONE', #904, 0.4000000000000001887 ) ;
#853 = VERTEX_POINT ( 'NONE', #1813 ) ;
#854 = DIRECTION ( 'NONE',  ( -0.000000000000000000, 1.000000000000000000, -0.000000000000000000 ) ) ;
#855 = DIRECTION ( 'NONE',  ( -0.000000000000000000, 1.000000000000000000, -0.000000000000000000 ) ) ;
#856 = EDGE_CURVE ( 'NONE', #1569, #1238, #1598, .T. ) ;
#857 = ORIENTED_EDGE ( 'NONE', *, *, #349, .T. ) ;
#858 = CARTESIAN_POINT ( 'NONE',  ( 3.259999999999999787, 0.7999999999999999334, -3.634999999999998455 ) ) ;
#859 = VECTOR ( 'NONE', #863, 1000.000000000000000 ) ;
#860 = ORIENTED_EDGE ( 'NONE', *, *, #2101, .T. ) ;
#861 = LINE ( 'NONE', #1495, #476 ) ;
#862 = AXIS2_PLACEMENT_3D ( 'NONE', #1649, #825, #2037 ) ;
#863 = DIRECTION ( 'NONE',  ( 1.606225440719263951E-15, 0.000000000000000000, 1.000000000000000000 ) ) ;
#864 = FACE_OUTER_BOUND ( 'NONE', #1305, .T. ) ;
#865 = ORIENTED_EDGE ( 'NONE', *, *, #2261, .T. ) ;
#866 = CARTESIAN_POINT ( 'NONE',  ( 0.000000000000000000, 0.5000000000000000000, 0.000000000000000000 ) ) ;
#867 = ORIENTED_EDGE ( 'NONE', *, *, #592, .T. ) ;
#868 = CARTESIAN_POINT ( 'NONE',  ( 3.259999999999999787, -7.782623792124925721, -3.634999999999998455 ) ) ;
#869 = FACE_OUTER_BOUND ( 'NONE', #1349, .T. ) ;
#870 = VECTOR ( 'NONE', #1306, 1000.000000000000000 ) ;
#871 = ORIENTED_EDGE ( 'NONE', *, *, #1947, .T. ) ;
#872 = DIRECTION ( 'NONE',  ( 0.000000000000000000, -1.000000000000000000, 0.000000000000000000 ) ) ;
#873 = VECTOR ( 'NONE', #969, 1000.000000000000000 ) ;
#874 = VECTOR ( 'NONE', #99, 1000.000000000000000 ) ;
#875 = AXIS2_PLACEMENT_3D ( 'NONE', #343, #307, #2409 ) ;
#876 = VECTOR ( 'NONE', #2287, 1000.000000000000000 ) ;
#877 = ORIENTED_EDGE ( 'NONE', *, *, #2450, .F. ) ;
#878 = ADVANCED_FACE ( 'NONE', ( #2243 ), #809, .T. ) ;
#879 = CARTESIAN_POINT ( 'NONE',  ( 7.449999999999999289, 0.5000000000000000000, -4.950000000000000178 ) ) ;
#880 = CARTESIAN_POINT ( 'NONE',  ( 7.449999999999999289, 0.7999999999999999334, -4.950000000000000178 ) ) ;
#881 = PLANE ( 'NONE',  #1550 ) ;
#882 = EDGE_LOOP ( 'NONE', ( #1765, #1189, #572, #1851 ) ) ;
#883 = LINE ( 'NONE', #2, #2380 ) ;
#884 = DIRECTION ( 'NONE',  ( -0.000000000000000000, 0.000000000000000000, 1.000000000000000000 ) ) ;
#885 = ORIENTED_EDGE ( 'NONE', *, *, #156, .F. ) ;
#886 = DIRECTION ( 'NONE',  ( 1.000000000000000000, 0.000000000000000000, 0.000000000000000000 ) ) ;
#887 = DIRECTION ( 'NONE',  ( -0.000000000000000000, 1.000000000000000000, -0.000000000000000000 ) ) ;
#888 = EDGE_CURVE ( 'NONE', #826, #639, #182, .T. ) ;
#889 = ORIENTED_EDGE ( 'NONE', *, *, #766, .F. ) ;
#890 = LINE ( 'NONE', #1734, #746 ) ;
#891 = PRODUCT_DEFINITION ( 'UNKNOWN', '', #2563, #710 ) ;
#892 = ORIENTED_EDGE ( 'NONE', *, *, #2391, .T. ) ;
#893 = CARTESIAN_POINT ( 'NONE',  ( 3.959999999999999964, -7.782623792124925721, -3.634999999999998455 ) ) ;
#894 = CARTESIAN_POINT ( 'NONE',  ( 0.000000000000000000, 0.5000000000000000000, 0.000000000000000000 ) ) ;
#895 = SURFACE_STYLE_USAGE ( .BOTH. , #47 ) ;
#896 = ADVANCED_FACE ( 'NONE', ( #1460 ), #1874, .T. ) ;
#897 = ORIENTED_EDGE ( 'NONE', *, *, #1720, .F. ) ;
#898 = FACE_OUTER_BOUND ( 'NONE', #2255, .T. ) ;
#899 = SURFACE_STYLE_USAGE ( .BOTH. , #1953 ) ;
#900 = PRODUCT ( 'HK4100F-DC5V-SHG', 'HK4100F-DC5V-SHG', '', ( #255 ) ) ;
#901 = ORIENTED_EDGE ( 'NONE', *, *, #1935, .F. ) ;
#902 = CARTESIAN_POINT ( 'NONE',  ( 0.000000000000000000, 11.50000000000000178, -4.949999999999999289 ) ) ;
#903 = DIRECTION ( 'NONE',  ( 0.000000000000000000, -1.000000000000000000, 0.000000000000000000 ) ) ;
#904 = AXIS2_PLACEMENT_3D ( 'NONE', #2593, #2440, #2284 ) ;
#905 = CYLINDRICAL_SURFACE ( 'NONE', #2062, 0.5000000000000004441 ) ;
#906 = ORIENTED_EDGE ( 'NONE', *, *, #1308, .T. ) ;
#907 = CARTESIAN_POINT ( 'NONE',  ( 5.799999999999999822, -3.499999999999999556, 3.634999999999999343 ) ) ;
#908 = PLANE ( 'NONE',  #1430 ) ;
#909 = CIRCLE ( 'NONE', #2448, 0.2000000000000000944 ) ;
#910 = FACE_OUTER_BOUND ( 'NONE', #158, .T. ) ;
#911 = DIRECTION ( 'NONE',  ( 1.000000000000000000, 0.000000000000000000, 1.239088197126291261E-15 ) ) ;
#912 = ORIENTED_EDGE ( 'NONE', *, *, #2391, .F. ) ;
#913 = ADVANCED_FACE ( 'NONE', ( #1860 ), #624, .T. ) ;
#914 = LINE ( 'NONE', #2228, #375 ) ;
#915 = CARTESIAN_POINT ( 'NONE',  ( -6.650000000000001243, -7.782623792124925721, -3.460000000000002629 ) ) ;
#916 = CIRCLE ( 'NONE', #2457, 0.5000000000000004441 ) ;
#917 = DIRECTION ( 'NONE',  ( 0.000000000000000000, -1.000000000000000000, 0.000000000000000000 ) ) ;
#918 = ORIENTED_EDGE ( 'NONE', *, *, #332, .F. ) ;
#919 = ORIENTED_EDGE ( 'NONE', *, *, #948, .F. ) ;
#920 = LINE ( 'NONE', #310, #2635 ) ;
#921 = EDGE_CURVE ( 'NONE', #1578, #189, #1398, .T. ) ;
#922 = CIRCLE ( 'NONE', #2548, 0.2000000000000000944 ) ;
#923 = ORIENTED_EDGE ( 'NONE', *, *, #606, .T. ) ;
#924 = DIRECTION ( 'NONE',  ( -0.000000000000000000, 1.000000000000000000, -0.000000000000000000 ) ) ;
#925 = FACE_OUTER_BOUND ( 'NONE', #1974, .T. ) ;
#926 = ORIENTED_EDGE ( 'NONE', *, *, #2230, .T. ) ;
#927 = DIRECTION ( 'NONE',  ( 0.000000000000000000, 0.000000000000000000, 1.000000000000000000 ) ) ;
#928 = CARTESIAN_POINT ( 'NONE',  ( 3.959999999999999964, -3.499999999999999556, -3.984999999999998099 ) ) ;
#929 = EDGE_CURVE ( 'NONE', #990, #580, #2697, .T. ) ;
#930 = EDGE_LOOP ( 'NONE', ( #889, #2323, #468, #683 ) ) ;
#931 = DIRECTION ( 'NONE',  ( -0.000000000000000000, -1.000000000000000000, -0.000000000000000000 ) ) ;
#932 =( LENGTH_UNIT ( ) NAMED_UNIT ( * ) SI_UNIT ( .MILLI., .METRE. ) );
#933 = VECTOR ( 'NONE', #30, 1000.000000000000000 ) ;
#934 = EDGE_LOOP ( 'NONE', ( #202, #906, #282, #1904 ) ) ;
#935 = CYLINDRICAL_SURFACE ( 'NONE', #2461, 0.1999999999999996503 ) ;
#936 = DIRECTION ( 'NONE',  ( 6.590894665565381585E-16, 0.000000000000000000, -1.000000000000000000 ) ) ;
#937 = ORIENTED_EDGE ( 'NONE', *, *, #2494, .T. ) ;
#938 = EDGE_LOOP ( 'NONE', ( #784, #1407, #919, #2328 ) ) ;
#939 = CARTESIAN_POINT ( 'NONE',  ( 6.500000000000000000, -7.782623792124925721, -3.634999999999997566 ) ) ;
#940 = LINE ( 'NONE', #2014, #345 ) ;
#941 = EDGE_CURVE ( 'NONE', #654, #1636, #1404, .T. ) ;
#942 = PRESENTATION_LAYER_ASSIGNMENT (  '', '', ( #97 ) ) ;
#943 = VERTEX_POINT ( 'NONE', #1666 ) ;
#944 = DIRECTION ( 'NONE',  ( 0.000000000000000000, 0.000000000000000000, 1.000000000000000000 ) ) ;
#945 = CIRCLE ( 'NONE', #2712, 0.2999999999999999334 ) ;
#946 = EDGE_LOOP ( 'NONE', ( #2118, #2727, #358, #2482 ) ) ;
#947 = DIRECTION ( 'NONE',  ( 0.000000000000000000, -0.000000000000000000, 1.000000000000000000 ) ) ;
#948 = EDGE_CURVE ( 'NONE', #1234, #985, #1618, .T. ) ;
#949 = AXIS2_PLACEMENT_3D ( 'NONE', #2394, #318, #118 ) ;
#950 = VERTEX_POINT ( 'NONE', #2253 ) ;
#951 = DIRECTION ( 'NONE',  ( 0.000000000000000000, 0.000000000000000000, -1.000000000000000000 ) ) ;
#952 = DIRECTION ( 'NONE',  ( -0.000000000000000000, 0.000000000000000000, 1.000000000000000000 ) ) ;
#953 = CARTESIAN_POINT ( 'NONE',  ( 3.259999999999998899, 0.7999999999999999334, 3.984999999999998987 ) ) ;
#954 = MECHANICAL_DESIGN_GEOMETRIC_PRESENTATION_REPRESENTATION (  '', ( #1760 ), #1139 ) ;
#955 = AXIS2_PLACEMENT_3D ( 'NONE', #2343, #1260, #1656 ) ;
#956 = ADVANCED_FACE ( 'NONE', ( #2292 ), #356, .F. ) ;
#957 = CARTESIAN_POINT ( 'NONE',  ( 0.000000000000000000, 0.7999999999999999334, 0.000000000000000000 ) ) ;
#958 = DIRECTION ( 'NONE',  ( -0.000000000000000000, 0.000000000000000000, 1.000000000000000000 ) ) ;
#959 = AXIS2_PLACEMENT_3D ( 'NONE', #534, #2637, #2003 ) ;
#960 = VECTOR ( 'NONE', #2595, 1000.000000000000000 ) ;
#961 = PLANE ( 'NONE',  #2335 ) ;
#962 = DIRECTION ( 'NONE',  ( 1.000000000000000000, 0.000000000000000000, -1.239088197126290669E-15 ) ) ;
#963 = AXIS2_PLACEMENT_3D ( 'NONE', #590, #806, #2272 ) ;
#964 = ORIENTED_EDGE ( 'NONE', *, *, #2111, .F. ) ;
#965 = CARTESIAN_POINT ( 'NONE',  ( 3.259999999999999787, -3.499999999999999556, -3.634999999999998455 ) ) ;
#966 = DIRECTION ( 'NONE',  ( 1.000000000000000000, -0.000000000000000000, -0.000000000000000000 ) ) ;
#967 = EDGE_CURVE ( 'NONE', #1328, #360, #2481, .T. ) ;
#968 = PLANE ( 'NONE',  #159 ) ;
#969 = DIRECTION ( 'NONE',  ( -0.000000000000000000, 1.000000000000000000, -0.000000000000000000 ) ) ;
#970 = EDGE_CURVE ( 'NONE', #1640, #360, #2511, .T. ) ;
#971 = FACE_OUTER_BOUND ( 'NONE', #2604, .T. ) ;
#972 = CARTESIAN_POINT ( 'NONE',  ( -7.449999999999999289, 0.5000000000000000000, 5.250000000000000000 ) ) ;
#973 = VECTOR ( 'NONE', #21, 1000.000000000000000 ) ;
#974 = VERTEX_POINT ( 'NONE', #1210 ) ;
#975 = PLANE ( 'NONE',  #1929 ) ;
#976 = CARTESIAN_POINT ( 'NONE',  ( -7.449999999999999289, 42.32164522684905705, -4.950000000000000178 ) ) ;
#977 = ADVANCED_FACE ( 'NONE', ( #2095 ), #595, .T. ) ;
#978 = ORIENTED_EDGE ( 'NONE', *, *, #929, .F. ) ;
#979 = CARTESIAN_POINT ( 'NONE',  ( 4.679999999999997051, 0.5000000000000000000, 2.029999999999998472 ) ) ;
#980 = MANIFOLD_SOLID_BREP ( 'Boss-Extrude3[6]', #2265 ) ;
#981 = DIRECTION ( 'NONE',  ( -1.000000000000000000, 0.000000000000000000, 0.000000000000000000 ) ) ;
#982 = PRESENTATION_STYLE_ASSIGNMENT (( #1644 ) ) ;
#983 = DIRECTION ( 'NONE',  ( 0.000000000000000000, 0.000000000000000000, -1.000000000000000000 ) ) ;
#984 = CARTESIAN_POINT ( 'NONE',  ( -5.079999999999997407, 0.6999999999999999556, -3.099999999999998757 ) ) ;
#985 = VERTEX_POINT ( 'NONE', #638 ) ;
#986 = CARTESIAN_POINT ( 'NONE',  ( 2.900000000000000355, 0.7999999999999999334, -2.229999999999996874 ) ) ;
#987 = CARTESIAN_POINT ( 'NONE',  ( 3.259999999999998899, -7.782623792124925721, 3.984999999999998987 ) ) ;
#988 = EDGE_CURVE ( 'NONE', #1971, #679, #613, .T. ) ;
#989 = VERTEX_POINT ( 'NONE', #1693 ) ;
#990 = VERTEX_POINT ( 'NONE', #1119 ) ;
#991 = CARTESIAN_POINT ( 'NONE',  ( 3.259999999999998899, -3.499999999999999556, 3.634999999999999343 ) ) ;
#992 = DIRECTION ( 'NONE',  ( 0.000000000000000000, 0.000000000000000000, -1.000000000000000000 ) ) ;
#993 = DIRECTION ( 'NONE',  ( 1.000000000000000000, 0.000000000000000000, 0.000000000000000000 ) ) ;
#994 = ADVANCED_FACE ( 'NONE', ( #1330 ), #52, .T. ) ;
#995 = CARTESIAN_POINT ( 'NONE',  ( 1.699999999999998623, 0.5000000000000000000, 3.299999999999998490 ) ) ;
#996 = AXIS2_PLACEMENT_3D ( 'NONE', #2473, #1599, #2247 ) ;
#997 = ORIENTED_EDGE ( 'NONE', *, *, #2399, .T. ) ;
#998 = VECTOR ( 'NONE', #814, 1000.000000000000000 ) ;
#999 = VECTOR ( 'NONE', #455, 1000.000000000000000 ) ;
#1000 = CARTESIAN_POINT ( 'NONE',  ( 4.749999999999999112, 0.5000000000000004441, -5.249999999999998224 ) ) ;
#1001 =( NAMED_UNIT ( * ) PLANE_ANGLE_UNIT ( ) SI_UNIT ( $, .RADIAN. ) );
#1002 = VECTOR ( 'NONE', #412, 1000.000000000000000 ) ;
#1003 = VECTOR ( 'NONE', #192, 1000.000000000000000 ) ;
#1004 = ORIENTED_EDGE ( 'NONE', *, *, #1337, .F. ) ;
#1005 = EDGE_CURVE ( 'NONE', #2471, #1499, #815, .T. ) ;
#1006 = ORIENTED_EDGE ( 'NONE', *, *, #7, .F. ) ;
#1007 = DIRECTION ( 'NONE',  ( -0.000000000000000000, 1.734723475976807292E-15, -1.000000000000000000 ) ) ;
#1008 = DIRECTION ( 'NONE',  ( 0.000000000000000000, 1.000000000000000000, 0.000000000000000000 ) ) ;
#1009 = LINE ( 'NONE', #2465, #1296 ) ;
#1010 = LINE ( 'NONE', #2645, #1579 ) ;
#1011 = CARTESIAN_POINT ( 'NONE',  ( 3.259999999999999787, 0.7999999999999999334, -3.634999999999998455 ) ) ;
#1012 = MANIFOLD_SOLID_BREP ( 'Boss-Extrude3[5]', #367 ) ;
#1013 = EDGE_CURVE ( 'NONE', #1564, #853, #1390, .T. ) ;
#1014 = VERTEX_POINT ( 'NONE', #215 ) ;
#1015 = VECTOR ( 'NONE', #821, 1000.000000000000000 ) ;
#1016 = SURFACE_STYLE_FILL_AREA ( #2066 ) ;
#1017 = DIRECTION ( 'NONE',  ( -2.369840814175974061E-16, 0.000000000000000000, 1.000000000000000000 ) ) ;
#1018 = EDGE_LOOP ( 'NONE', ( #2514, #737, #460, #719 ) ) ;
#1019 = ORIENTED_EDGE ( 'NONE', *, *, #2434, .F. ) ;
#1020 = EDGE_CURVE ( 'NONE', #2264, #1463, #1032, .T. ) ;
#1021 = DIRECTION ( 'NONE',  ( 0.000000000000000000, 0.000000000000000000, -1.000000000000000000 ) ) ;
#1022 = ORIENTED_EDGE ( 'NONE', *, *, #149, .T. ) ;
#1023 = EDGE_CURVE ( 'NONE', #2687, #990, #425, .T. ) ;
#1024 = CARTESIAN_POINT ( 'NONE',  ( 3.959999999999999076, -7.782623792124925721, 3.634999999999999343 ) ) ;
#1025 = DIRECTION ( 'NONE',  ( -0.000000000000000000, 1.000000000000000000, -0.000000000000000000 ) ) ;
#1026 = CARTESIAN_POINT ( 'NONE',  ( 0.000000000000000000, -3.500000000000000000, 0.000000000000000000 ) ) ;
#1027 =( GEOMETRIC_REPRESENTATION_CONTEXT ( 3 ) GLOBAL_UNCERTAINTY_ASSIGNED_CONTEXT ( ( #281 ) ) GLOBAL_UNIT_ASSIGNED_CONTEXT ( ( #2022, #351, #125 ) ) REPRESENTATION_CONTEXT ( 'NONE', 'WORKASPACE' ) );
#1028 = ORIENTED_EDGE ( 'NONE', *, *, #1518, .F. ) ;
#1029 =( NAMED_UNIT ( * ) SI_UNIT ( $, .STERADIAN. ) SOLID_ANGLE_UNIT ( ) );
#1030 = DIRECTION ( 'NONE',  ( -0.000000000000000000, 1.000000000000000000, -0.000000000000000000 ) ) ;
#1031 = EDGE_CURVE ( 'NONE', #832, #2606, #1060, .T. ) ;
#1032 = CIRCLE ( 'NONE', #64, 0.5000000000000004441 ) ;
#1033 = ORIENTED_EDGE ( 'NONE', *, *, #2674, .T. ) ;
#1034 = CIRCLE ( 'NONE', #1385, 0.2999999999999999334 ) ;
#1035 = ADVANCED_FACE ( 'NONE', ( #1907 ), #1311, .F. ) ;
#1036 = ORIENTED_EDGE ( 'NONE', *, *, #1783, .F. ) ;
#1037 = CARTESIAN_POINT ( 'NONE',  ( 7.449999999999999289, 0.5000000000000000000, -4.950000000000000178 ) ) ;
#1038 = VERTEX_POINT ( 'NONE', #1728 ) ;
#1039 = CARTESIAN_POINT ( 'NONE',  ( 5.079999999999999183, 0.7999999999999999334, 1.829999999999995630 ) ) ;
#1040 = DIRECTION ( 'NONE',  ( -0.000000000000000000, 1.000000000000000000, -0.000000000000000000 ) ) ;
#1041 = DIRECTION ( 'NONE',  ( 0.000000000000000000, 0.000000000000000000, -1.000000000000000000 ) ) ;
#1042 = CARTESIAN_POINT ( 'NONE',  ( 1.900000000000000577, 0.7999999999999999334, -3.499999999999996891 ) ) ;
#1043 = ORIENTED_EDGE ( 'NONE', *, *, #2373, .T. ) ;
#1044 = CARTESIAN_POINT ( 'NONE',  ( 6.500000000000000000, -3.499999999999999556, -3.634999999999997566 ) ) ;
#1045 = FILL_AREA_STYLE_COLOUR ( '', #2285 ) ;
#1046 = AXIS2_PLACEMENT_3D ( 'NONE', #2233, #348, #1179 ) ;
#1047 = ORIENTED_EDGE ( 'NONE', *, *, #1111, .T. ) ;
#1048 = DIRECTION ( 'NONE',  ( -0.000000000000000000, -1.000000000000000000, -0.000000000000000000 ) ) ;
#1049 = VECTOR ( 'NONE', #2336, 1000.000000000000000 ) ;
#1050 = ORIENTED_EDGE ( 'NONE', *, *, #1588, .F. ) ;
#1051 = LINE ( 'NONE', #187, #1661 ) ;
#1052 = EDGE_LOOP ( 'NONE', ( #2688, #1573, #2072, #2068 ) ) ;
#1053 = SURFACE_STYLE_USAGE ( .BOTH. , #2723 ) ;
#1054 = DIRECTION ( 'NONE',  ( 0.000000000000000000, 0.000000000000000000, -1.000000000000000000 ) ) ;
#1055 = DIRECTION ( 'NONE',  ( -0.000000000000000000, -0.000000000000000000, -1.000000000000000000 ) ) ;
#1056 = CARTESIAN_POINT ( 'NONE',  ( 1.700000000000000400, 0.5000000000000000000, -3.299999999999997158 ) ) ;
#1057 = ORIENTED_EDGE ( 'NONE', *, *, #1231, .T. ) ;
#1058 = EDGE_CURVE ( 'NONE', #1346, #1784, #2566, .T. ) ;
#1059 = CARTESIAN_POINT ( 'NONE',  ( 1.699999999999998401, 0.6999999999999999556, 3.229999999999999094 ) ) ;
#1060 = LINE ( 'NONE', #2117, #1601 ) ;
#1061 = EDGE_LOOP ( 'NONE', ( #926, #15, #1089, #340 ) ) ;
#1062 = CARTESIAN_POINT ( 'NONE',  ( -6.450000000000001954, -3.499999999999999556, 3.460000000000000853 ) ) ;
#1063 = DIRECTION ( 'NONE',  ( -0.000000000000000000, 1.000000000000000000, -0.000000000000000000 ) ) ;
#1064 = COLOUR_RGB ( '',0.7921568627450980005, 0.8196078431372548767, 0.9333333333333333481 ) ;
#1065 = ORIENTED_EDGE ( 'NONE', *, *, #1992, .T. ) ;
#1066 = FACE_OUTER_BOUND ( 'NONE', #2025, .T. ) ;
#1067 = EDGE_CURVE ( 'NONE', #573, #742, #2132, .T. ) ;
#1068 = ORIENTED_EDGE ( 'NONE', *, *, #2077, .F. ) ;
#1069 = CARTESIAN_POINT ( 'NONE',  ( 4.249999999999998224, 0.5000000000000000000, -5.249999999999998224 ) ) ;
#1070 = PLANE ( 'NONE',  #107 ) ;
#1071 = CARTESIAN_POINT ( 'NONE',  ( -4.249999999999998224, 0.5000000000000000000, -5.249999999999998224 ) ) ;
#1072 = EDGE_LOOP ( 'NONE', ( #2262, #2397, #2504, #1373 ) ) ;
#1073 = CARTESIAN_POINT ( 'NONE',  ( 4.679999999999998828, 0.7999999999999999334, 1.829999999999998517 ) ) ;
#1074 = CARTESIAN_POINT ( 'NONE',  ( 5.079999999999999183, 0.6999999999999999556, 1.829999999999995630 ) ) ;
#1075 = EDGE_LOOP ( 'NONE', ( #721, #1375, #2655, #2403 ) ) ;
#1076 = DIRECTION ( 'NONE',  ( -0.000000000000000000, -1.000000000000000000, -0.000000000000000000 ) ) ;
#1077 = CARTESIAN_POINT ( 'NONE',  ( 4.679999999999998828, 0.6999999999999999556, 1.829999999999998517 ) ) ;
#1078 = ADVANCED_FACE ( 'NONE', ( #456 ), #1295, .F. ) ;
#1079 = ORIENTED_EDGE ( 'NONE', *, *, #2124, .F. ) ;
#1080 = LINE ( 'NONE', #1037, #2110 ) ;
#1081 = VECTOR ( 'NONE', #1309, 1000.000000000000000 ) ;
#1082 = ORIENTED_EDGE ( 'NONE', *, *, #1992, .F. ) ;
#1083 = DIRECTION ( 'NONE',  ( -0.000000000000000000, -1.000000000000000000, -0.000000000000000000 ) ) ;
#1084 = PLANE ( 'NONE',  #2661 ) ;
#1085 = CARTESIAN_POINT ( 'NONE',  ( -5.249999999999999112, 0.5000000000000000000, -5.249999999999998224 ) ) ;
#1086 = ORIENTED_EDGE ( 'NONE', *, *, #1257, .F. ) ;
#1087 = DIRECTION ( 'NONE',  ( -1.000000000000000000, -0.000000000000000000, -6.590894665565380599E-16 ) ) ;
#1088 = CARTESIAN_POINT ( 'NONE',  ( 1.700000000000000178, 0.6999999999999999556, -3.229999999999996874 ) ) ;
#1089 = ORIENTED_EDGE ( 'NONE', *, *, #133, .F. ) ;
#1090 = VECTOR ( 'NONE', #507, 1000.000000000000000 ) ;
#1091 = DIRECTION ( 'NONE',  ( -1.000000000000000000, 0.000000000000000000, -0.000000000000000000 ) ) ;
#1092 = DIRECTION ( 'NONE',  ( 0.000000000000000000, -0.000000000000000000, -1.000000000000000000 ) ) ;
#1093 = ORIENTED_EDGE ( 'NONE', *, *, #1372, .F. ) ;
#1094 = CARTESIAN_POINT ( 'NONE',  ( 7.449999999999999289, 0.5000000000000000000, -5.249999999999999112 ) ) ;
#1095 = AXIS2_PLACEMENT_3D ( 'NONE', #756, #2269, #1590 ) ;
#1096 = VECTOR ( 'NONE', #1692, 1000.000000000000000 ) ;
#1097 = EDGE_CURVE ( 'NONE', #2540, #2731, #2237, .T. ) ;
#1098 = VECTOR ( 'NONE', #1412, 1000.000000000000000 ) ;
#1099 = ORIENTED_EDGE ( 'NONE', *, *, #741, .T. ) ;
#1100 = DIRECTION ( 'NONE',  ( -0.000000000000000000, 1.000000000000000000, 0.000000000000000000 ) ) ;
#1101 = FACE_OUTER_BOUND ( 'NONE', #278, .T. ) ;
#1102 = CARTESIAN_POINT ( 'NONE',  ( 1.900000000000000355, 0.5828427124746189403, -3.499999999999996891 ) ) ;
#1103 = EDGE_LOOP ( 'NONE', ( #1556, #2001, #2454 ) ) ;
#1104 = DIRECTION ( 'NONE',  ( 0.000000000000000000, 0.000000000000000000, -1.000000000000000000 ) ) ;
#1105 = FILL_AREA_STYLE_COLOUR ( '', #328 ) ;
#1106 = VERTEX_POINT ( 'NONE', #723 ) ;
#1107 = LINE ( 'NONE', #1925, #1109 ) ;
#1108 = CARTESIAN_POINT ( 'NONE',  ( 7.449999999999999289, 0.5000000000000000000, 4.950000000000001066 ) ) ;
#1109 = VECTOR ( 'NONE', #1955, 1000.000000000000000 ) ;
#1110 = CYLINDRICAL_SURFACE ( 'NONE', #1667, 0.2999999999999999334 ) ;
#1111 = EDGE_CURVE ( 'NONE', #1147, #2535, #500, .T. ) ;
#1112 = ORIENTED_EDGE ( 'NONE', *, *, #2189, .F. ) ;
#1113 = FACE_OUTER_BOUND ( 'NONE', #596, .T. ) ;
#1114 = DIRECTION ( 'NONE',  ( 1.000000000000000000, 0.000000000000000000, 6.590894665565380599E-16 ) ) ;
#1115 = CARTESIAN_POINT ( 'NONE',  ( 1.900000000000000577, 0.6999999999999999556, -3.499999999999996891 ) ) ;
#1116 = EDGE_CURVE ( 'NONE', #2535, #1038, #1794, .T. ) ;
#1117 = DIRECTION ( 'NONE',  ( -0.000000000000000000, 1.000000000000000000, -0.000000000000000000 ) ) ;
#1118 = LINE ( 'NONE', #489, #2598 ) ;
#1119 = CARTESIAN_POINT ( 'NONE',  ( 7.449999999999999289, 11.50000000000000178, -5.249999999999999112 ) ) ;
#1120 = ORIENTED_EDGE ( 'NONE', *, *, #1133, .F. ) ;
#1121 = EDGE_CURVE ( 'NONE', #2098, #990, #2579, .T. ) ;
#1122 = DIRECTION ( 'NONE',  ( -1.000000000000000000, 0.000000000000000000, -0.000000000000000000 ) ) ;
#1123 = CARTESIAN_POINT ( 'NONE',  ( -4.679999999999998828, 0.7999999999999999334, 3.499999999999998668 ) ) ;
#1124 =( BOUNDED_CURVE ( )  B_SPLINE_CURVE ( 3, ( #1056, #466, #1102, #1115 ),
 .UNSPECIFIED., .F., .F. ) 
 B_SPLINE_CURVE_WITH_KNOTS ( ( 4, 4 ),
 ( 4.712388980384689674, 6.283185307179586232 ),
 .UNSPECIFIED. ) 
 CURVE ( )  GEOMETRIC_REPRESENTATION_ITEM ( )  RATIONAL_B_SPLINE_CURVE ( ( 1.000000000000000000, 0.8047378541243649375, 0.8047378541243649375, 1.000000000000000000 ) ) 
 REPRESENTATION_ITEM ( '' )  );
#1125 = ADVANCED_FACE ( 'NONE', ( #89 ), #759, .F. ) ;
#1126 = DIRECTION ( 'NONE',  ( 0.000000000000000000, 1.000000000000000000, 0.000000000000000000 ) ) ;
#1127 = ORIENTED_EDGE ( 'NONE', *, *, #741, .F. ) ;
#1128 = CARTESIAN_POINT ( 'NONE',  ( 3.259999999999999787, 0.7999999999999999334, -3.984999999999997211 ) ) ;
#1129 = VECTOR ( 'NONE', #193, 1000.000000000000000 ) ;
#1130 =( NAMED_UNIT ( * ) PLANE_ANGLE_UNIT ( ) SI_UNIT ( $, .RADIAN. ) );
#1131 = VECTOR ( 'NONE', #1114, 1000.000000000000000 ) ;
#1132 = VERTEX_POINT ( 'NONE', #2390 ) ;
#1133 = EDGE_CURVE ( 'NONE', #580, #679, #2405, .T. ) ;
#1134 = DIRECTION ( 'NONE',  ( 6.505213034913037648E-15, 0.000000000000000000, 1.000000000000000000 ) ) ;
#1135 = DIRECTION ( 'NONE',  ( 0.000000000000000000, -1.000000000000000000, 0.000000000000000000 ) ) ;
#1136 = ORIENTED_EDGE ( 'NONE', *, *, #101, .F. ) ;
#1137 = PLANE ( 'NONE',  #2148 ) ;
#1138 = DIRECTION ( 'NONE',  ( -0.000000000000000000, -1.000000000000000000, 0.000000000000000000 ) ) ;
#1139 =( GEOMETRIC_REPRESENTATION_CONTEXT ( 3 ) GLOBAL_UNCERTAINTY_ASSIGNED_CONTEXT ( ( #649 ) ) GLOBAL_UNIT_ASSIGNED_CONTEXT ( ( #1658, #2087, #1290 ) ) REPRESENTATION_CONTEXT ( 'NONE', 'WORKASPACE' ) );
#1140 = DIRECTION ( 'NONE',  ( -1.000000000000000000, 0.000000000000000000, 0.000000000000000000 ) ) ;
#1141 = ORIENTED_EDGE ( 'NONE', *, *, #2410, .F. ) ;
#1142 = ORIENTED_EDGE ( 'NONE', *, *, #1837, .F. ) ;
#1143 = VECTOR ( 'NONE', #1700, 1000.000000000000000 ) ;
#1144 = CARTESIAN_POINT ( 'NONE',  ( 1.899999999999998579, 0.7999999999999999334, 3.229999999999998650 ) ) ;
#1145 = STYLED_ITEM ( 'NONE', ( #1678 ), #980 ) ;
#1146 = CIRCLE ( 'NONE', #1361, 0.2000000000000000944 ) ;
#1147 = VERTEX_POINT ( 'NONE', #1351 ) ;
#1148 = CARTESIAN_POINT ( 'NONE',  ( 1.899999999999999023, 0.7999999999999999334, 3.499999999999998668 ) ) ;
#1149 = DIRECTION ( 'NONE',  ( 0.000000000000000000, 0.000000000000000000, -1.000000000000000000 ) ) ;
#1150 = VERTEX_POINT ( 'NONE', #1771 ) ;
#1151 = EDGE_CURVE ( 'NONE', #1585, #72, #100, .T. ) ;
#1152 = ORIENTED_EDGE ( 'NONE', *, *, #373, .T. ) ;
#1153 = CARTESIAN_POINT ( 'NONE',  ( -7.449999999999999289, 0.7999999999999999334, -4.950000000000000178 ) ) ;
#1154 = PLANE ( 'NONE',  #2061 ) ;
#1155 = ORIENTED_EDGE ( 'NONE', *, *, #56, .T. ) ;
#1156 = ORIENTED_EDGE ( 'NONE', *, *, #325, .F. ) ;
#1157 = CARTESIAN_POINT ( 'NONE',  ( 3.259999999999998899, -3.499999999999999556, 3.634999999999999343 ) ) ;
#1158 = ADVANCED_FACE ( 'NONE', ( #925 ), #114, .F. ) ;
#1159 = MECHANICAL_DESIGN_GEOMETRIC_PRESENTATION_REPRESENTATION (  '', ( #1285 ), #680 ) ;
#1160 = EDGE_LOOP ( 'NONE', ( #2522, #463, #2669, #382 ) ) ;
#1161 = DIRECTION ( 'NONE',  ( 0.000000000000000000, -1.000000000000000000, 0.000000000000000000 ) ) ;
#1162 = CARTESIAN_POINT ( 'NONE',  ( 7.449999999999999289, 11.50000000000000178, -4.949999999999999289 ) ) ;
#1163 = ORIENTED_EDGE ( 'NONE', *, *, #2267, .T. ) ;
#1164 = ORIENTED_EDGE ( 'NONE', *, *, #2644, .F. ) ;
#1165 = DIRECTION ( 'NONE',  ( -0.000000000000000000, 1.000000000000000000, 0.000000000000000000 ) ) ;
#1166 = DIRECTION ( 'NONE',  ( -0.000000000000000000, 1.000000000000000000, 0.000000000000000000 ) ) ;
#1167 = CARTESIAN_POINT ( 'NONE',  ( 3.259999999999999787, 0.7999999999999999334, -3.634999999999998455 ) ) ;
#1168 = LINE ( 'NONE', #2449, #2056 ) ;
#1169 = CARTESIAN_POINT ( 'NONE',  ( -6.650000000000002132, -7.782623792124925721, 3.460000000000000853 ) ) ;
#1170 = VECTOR ( 'NONE', #451, 1000.000000000000000 ) ;
#1171 = DIRECTION ( 'NONE',  ( 0.000000000000000000, 0.000000000000000000, -1.000000000000000000 ) ) ;
#1172 = CARTESIAN_POINT ( 'NONE',  ( 3.259999999999999787, -7.782623792124925721, -3.984999999999997211 ) ) ;
#1173 = AXIS2_PLACEMENT_3D ( 'NONE', #288, #81, #1574 ) ;
#1174 = VERTEX_POINT ( 'NONE', #2239 ) ;
#1175 = VECTOR ( 'NONE', #1135, 1000.000000000000000 ) ;
#1176 = PLANE ( 'NONE',  #1833 ) ;
#1177 = DIRECTION ( 'NONE',  ( 1.000000000000000000, 0.000000000000000000, 4.336808689942025625E-15 ) ) ;
#1178 = ADVANCED_FACE ( 'NONE', ( #327 ), #2183, .F. ) ;
#1179 = DIRECTION ( 'NONE',  ( 0.000000000000000000, 0.000000000000000000, -1.000000000000000000 ) ) ;
#1180 = DIRECTION ( 'NONE',  ( 1.000000000000000000, 0.000000000000000000, 0.000000000000000000 ) ) ;
#1181 = FILL_AREA_STYLE ('',( #2270 ) ) ;
#1182 = AXIS2_PLACEMENT_3D ( 'NONE', #772, #952, #1355 ) ;
#1183 = CIRCLE ( 'NONE', #2333, 0.1999999999999996503 ) ;
#1184 = LINE ( 'NONE', #1820, #749 ) ;
#1185 = CARTESIAN_POINT ( 'NONE',  ( 5.800000000000000711, 0.7999999999999999334, -3.634999999999997566 ) ) ;
#1186 = ORIENTED_EDGE ( 'NONE', *, *, #1470, .T. ) ;
#1187 = DIRECTION ( 'NONE',  ( 0.000000000000000000, 0.000000000000000000, 1.000000000000000000 ) ) ;
#1188 = FACE_OUTER_BOUND ( 'NONE', #1862, .T. ) ;
#1189 = ORIENTED_EDGE ( 'NONE', *, *, #266, .T. ) ;
#1190 = CARTESIAN_POINT ( 'NONE',  ( 4.679999999999998828, 0.6999999999999999556, -2.229999999999995097 ) ) ;
#1191 = DIRECTION ( 'NONE',  ( 0.000000000000000000, -0.000000000000000000, -1.000000000000000000 ) ) ;
#1192 = CARTESIAN_POINT ( 'NONE',  ( 7.449999999999999289, 0.5000000000000000000, 4.950000000000001066 ) ) ;
#1193 = LINE ( 'NONE', #563, #2361 ) ;
#1194 = VECTOR ( 'NONE', #1048, 1000.000000000000000 ) ;
#1195 = ADVANCED_FACE ( 'NONE', ( #2632 ), #551, .T. ) ;
#1196 = ORIENTED_EDGE ( 'NONE', *, *, #527, .F. ) ;
#1197 = CARTESIAN_POINT ( 'NONE',  ( 1.899999999999998579, 0.7999999999999999334, 3.229999999999998650 ) ) ;
#1198 = DIRECTION ( 'NONE',  ( 0.000000000000000000, -1.000000000000000000, 0.000000000000000000 ) ) ;
#1199 = ORIENTED_EDGE ( 'NONE', *, *, #1961, .T. ) ;
#1200 = VERTEX_POINT ( 'NONE', #2646 ) ;
#1201 = CARTESIAN_POINT ( 'NONE',  ( -7.449999999999999289, 11.50000000000000178, -4.949999999999999289 ) ) ;
#1202 = CARTESIAN_POINT ( 'NONE',  ( 5.080000000000000071, 0.6999999999999999556, -1.829999999999992299 ) ) ;
#1203 = SURFACE_STYLE_FILL_AREA ( #1819 ) ;
#1204 = FACE_OUTER_BOUND ( 'NONE', #2166, .T. ) ;
#1205 = DIRECTION ( 'NONE',  ( 0.000000000000000000, 0.000000000000000000, -1.000000000000000000 ) ) ;
#1206 = VECTOR ( 'NONE', #1025, 1000.000000000000000 ) ;
#1207 = ORIENTED_EDGE ( 'NONE', *, *, #2674, .F. ) ;
#1208 = EDGE_CURVE ( 'NONE', #23, #2113, #1594, .T. ) ;
#1209 = FILL_AREA_STYLE_COLOUR ( '', #661 ) ;
#1210 = CARTESIAN_POINT ( 'NONE',  ( 1.700000000000000400, 0.5000000000000000000, -3.299999999999997158 ) ) ;
#1211 = AXIS2_PLACEMENT_3D ( 'NONE', #2341, #1315, #1333 ) ;
#1212 = ORIENTED_EDGE ( 'NONE', *, *, #1997, .F. ) ;
#1213 = VECTOR ( 'NONE', #2469, 1000.000000000000000 ) ;
#1214 = ORIENTED_EDGE ( 'NONE', *, *, #1257, .T. ) ;
#1215 = DIRECTION ( 'NONE',  ( 1.000000000000000000, 0.000000000000000000, 0.000000000000000000 ) ) ;
#1216 = EDGE_CURVE ( 'NONE', #2643, #2540, #1757, .T. ) ;
#1217 = DIRECTION ( 'NONE',  ( -0.000000000000000000, 0.000000000000000000, -1.000000000000000000 ) ) ;
#1218 = PLANE ( 'NONE',  #1785 ) ;
#1219 = LINE ( 'NONE', #2063, #876 ) ;
#1220 = LINE ( 'NONE', #984, #372 ) ;
#1221 = TOROIDAL_SURFACE ( 'NONE', #1394, 0.1999999999999998446, 0.2000000000000000111 ) ;
#1222 = ORIENTED_EDGE ( 'NONE', *, *, #2711, .T. ) ;
#1223 = VECTOR ( 'NONE', #42, 1000.000000000000000 ) ;
#1224 = VECTOR ( 'NONE', #214, 1000.000000000000000 ) ;
#1225 = LINE ( 'NONE', #2263, #738 ) ;
#1226 = DIRECTION ( 'NONE',  ( -1.000000000000000000, -0.000000000000000000, -1.239088197126290669E-15 ) ) ;
#1227 = AXIS2_PLACEMENT_3D ( 'NONE', #2730, #1017, #2714 ) ;
#1228 = AXIS2_PLACEMENT_3D ( 'NONE', #2190, #1140, #1345 ) ;
#1229 = EDGE_CURVE ( 'NONE', #580, #1772, #945, .T. ) ;
#1230 = VERTEX_POINT ( 'NONE', #1185 ) ;
#1231 = EDGE_CURVE ( 'NONE', #1200, #1432, #557, .T. ) ;
#1232 = ORIENTED_EDGE ( 'NONE', *, *, #1664, .F. ) ;
#1233 = DIRECTION ( 'NONE',  ( 0.000000000000000000, -0.000000000000000000, -1.000000000000000000 ) ) ;
#1234 = VERTEX_POINT ( 'NONE', #2024 ) ;
#1235 = CARTESIAN_POINT ( 'NONE',  ( 4.679999999999997051, 0.6999999999999999556, 2.029999999999998472 ) ) ;
#1236 = DIRECTION ( 'NONE',  ( -0.000000000000000000, -0.000000000000000000, -1.000000000000000000 ) ) ;
#1237 = LINE ( 'NONE', #2076, #1015 ) ;
#1238 = VERTEX_POINT ( 'NONE', #127 ) ;
#1239 = PLANE ( 'NONE',  #2626 ) ;
#1240 = DIRECTION ( 'NONE',  ( 0.000000000000000000, 1.000000000000000000, -1.734723475976807292E-15 ) ) ;
#1241 = ORIENTED_EDGE ( 'NONE', *, *, #1927, .T. ) ;
#1242 = VERTEX_POINT ( 'NONE', #2619 ) ;
#1243 = LINE ( 'NONE', #2103, #1143 ) ;
#1244 = EDGE_CURVE ( 'NONE', #161, #1572, #734, .T. ) ;
#1245 = EDGE_LOOP ( 'NONE', ( #1282, #392, #2715, #135 ) ) ;
#1246 = PRESENTATION_STYLE_ASSIGNMENT (( #1053 ) ) ;
#1247 = DIRECTION ( 'NONE',  ( -0.000000000000000000, 1.000000000000000000, -0.000000000000000000 ) ) ;
#1248 = FACE_OUTER_BOUND ( 'NONE', #147, .T. ) ;
#1249 = CARTESIAN_POINT ( 'NONE',  ( 2.899999999999999023, 0.5000000000000000000, 2.029999999999998472 ) ) ;
#1250 = MECHANICAL_DESIGN_GEOMETRIC_PRESENTATION_REPRESENTATION (  '', ( #97 ), #1027 ) ;
#1251 = ORIENTED_EDGE ( 'NONE', *, *, #1671, .T. ) ;
#1252 = DIRECTION ( 'NONE',  ( -1.000000000000000000, 0.000000000000000000, 0.000000000000000000 ) ) ;
#1253 = ADVANCED_FACE ( 'NONE', ( #796 ), #700, .T. ) ;
#1254 =( GEOMETRIC_REPRESENTATION_CONTEXT ( 3 ) GLOBAL_UNCERTAINTY_ASSIGNED_CONTEXT ( ( #2112 ) ) GLOBAL_UNIT_ASSIGNED_CONTEXT ( ( #1515, #1938, #2379 ) ) REPRESENTATION_CONTEXT ( 'NONE', 'WORKASPACE' ) );
#1255 = ORIENTED_EDGE ( 'NONE', *, *, #1280, .F. ) ;
#1256 = DIRECTION ( 'NONE',  ( 0.000000000000000000, 0.000000000000000000, -1.000000000000000000 ) ) ;
#1257 = EDGE_CURVE ( 'NONE', #453, #447, #2467, .T. ) ;
#1258 = VERTEX_POINT ( 'NONE', #2046 ) ;
#1259 = VECTOR ( 'NONE', #715, 1000.000000000000000 ) ;
#1260 = DIRECTION ( 'NONE',  ( 1.000000000000000000, 0.000000000000000000, -0.000000000000000000 ) ) ;
#1261 = ADVANCED_FACE ( 'NONE', ( #1832 ), #1413, .T. ) ;
#1262 = EDGE_LOOP ( 'NONE', ( #665, #20, #1448, #2214 ) ) ;
#1263 = FACE_OUTER_BOUND ( 'NONE', #102, .T. ) ;
#1264 = CARTESIAN_POINT ( 'NONE',  ( 5.249999999999999112, 0.5000000000000000000, 5.250000000000000000 ) ) ;
#1265 = CARTESIAN_POINT ( 'NONE',  ( 5.250000000000000000, 0.5000000000000000000, -4.950000000000000178 ) ) ;
#1266 = CARTESIAN_POINT ( 'NONE',  ( 0.000000000000000000, 0.5000000000000000000, 3.299999999999998490 ) ) ;
#1267 = ORIENTED_EDGE ( 'NONE', *, *, #1067, .T. ) ;
#1268 =( NAMED_UNIT ( * ) SI_UNIT ( $, .STERADIAN. ) SOLID_ANGLE_UNIT ( ) );
#1269 = DIRECTION ( 'NONE',  ( 1.000000000000000000, -0.000000000000000000, -0.000000000000000000 ) ) ;
#1270 = ORIENTED_EDGE ( 'NONE', *, *, #1405, .T. ) ;
#1271 = DIRECTION ( 'NONE',  ( -1.606225440719263951E-15, 0.000000000000000000, 1.000000000000000000 ) ) ;
#1272 = MECHANICAL_DESIGN_GEOMETRIC_PRESENTATION_REPRESENTATION (  '', ( #571 ), #827 ) ;
#1273 = ORIENTED_EDGE ( 'NONE', *, *, #2689, .F. ) ;
#1274 = CARTESIAN_POINT ( 'NONE',  ( 6.499999999999999112, 0.7999999999999999334, 3.634999999999999343 ) ) ;
#1275 = VERTEX_POINT ( 'NONE', #972 ) ;
#1276 = CARTESIAN_POINT ( 'NONE',  ( 3.959999999999999964, -3.499999999999999556, -3.634999999999998455 ) ) ;
#1277 = DIRECTION ( 'NONE',  ( 0.000000000000000000, 0.000000000000000000, -1.000000000000000000 ) ) ;
#1278 = LINE ( 'NONE', #1085, #933 ) ;
#1279 = ORIENTED_EDGE ( 'NONE', *, *, #1121, .T. ) ;
#1280 = EDGE_CURVE ( 'NONE', #1569, #1539, #1193, .T. ) ;
#1281 = DIRECTION ( 'NONE',  ( 1.000000000000000000, 0.000000000000000000, 0.000000000000000000 ) ) ;
#1282 = ORIENTED_EDGE ( 'NONE', *, *, #2689, .T. ) ;
#1283 = FACE_OUTER_BOUND ( 'NONE', #2254, .T. ) ;
#1284 = DIRECTION ( 'NONE',  ( 0.000000000000000000, 0.000000000000000000, -1.000000000000000000 ) ) ;
#1285 = STYLED_ITEM ( 'NONE', ( #696 ), #776 ) ;
#1286 = EDGE_LOOP ( 'NONE', ( #1358, #2070, #892, #1033 ) ) ;
#1287 = LINE ( 'NONE', #659, #1317 ) ;
#1288 = EDGE_CURVE ( 'NONE', #1965, #2471, #1220, .T. ) ;
#1289 = ORIENTED_EDGE ( 'NONE', *, *, #1031, .T. ) ;
#1290 =( NAMED_UNIT ( * ) SI_UNIT ( $, .STERADIAN. ) SOLID_ANGLE_UNIT ( ) );
#1291 = CARTESIAN_POINT ( 'NONE',  ( -7.449999999999999289, 0.5000000000000004441, 4.950000000000000178 ) ) ;
#1292 = DIRECTION ( 'NONE',  ( -1.000000000000000000, 0.000000000000000000, 0.000000000000000000 ) ) ;
#1293 = ORIENTED_EDGE ( 'NONE', *, *, #94, .T. ) ;
#1294 = LINE ( 'NONE', #1044, #2115 ) ;
#1295 = PLANE ( 'NONE',  #283 ) ;
#1296 = VECTOR ( 'NONE', #577, 1000.000000000000000 ) ;
#1297 = ADVANCED_FACE ( 'NONE', ( #1248 ), #366, .F. ) ;
#1298 = ORIENTED_EDGE ( 'NONE', *, *, #1810, .F. ) ;
#1299 = DIRECTION ( 'NONE',  ( 1.000000000000000000, 0.000000000000000000, 1.606225440719262570E-15 ) ) ;
#1300 = PLANE ( 'NONE',  #1211 ) ;
#1301 = VECTOR ( 'NONE', #1606, 1000.000000000000000 ) ;
#1302 = EDGE_LOOP ( 'NONE', ( #1492, #1962, #235, #2133 ) ) ;
#1303 = CARTESIAN_POINT ( 'NONE',  ( -6.650000000000001243, -7.782623792124925721, -3.460000000000002629 ) ) ;
#1304 = AXIS2_PLACEMENT_3D ( 'NONE', #1786, #1165, #927 ) ;
#1305 = EDGE_LOOP ( 'NONE', ( #1989, #789, #1872, #510 ) ) ;
#1306 = DIRECTION ( 'NONE',  ( 0.000000000000000000, -0.000000000000000000, 1.000000000000000000 ) ) ;
#1307 = AXIS2_PLACEMENT_3D ( 'NONE', #2524, #243, #3 ) ;
#1308 = EDGE_CURVE ( 'NONE', #1147, #1585, #1821, .T. ) ;
#1309 = DIRECTION ( 'NONE',  ( 1.000000000000000000, 0.000000000000000000, 9.745637505487692338E-16 ) ) ;
#1310 = ORIENTED_EDGE ( 'NONE', *, *, #1498, .F. ) ;
#1311 = PLANE ( 'NONE',  #1307 ) ;
#1312 = ORIENTED_EDGE ( 'NONE', *, *, #440, .F. ) ;
#1313 = AXIS2_PLACEMENT_3D ( 'NONE', #1982, #2210, #1554 ) ;
#1314 = CYLINDRICAL_SURFACE ( 'NONE', #2173, 0.2000000000000000944 ) ;
#1315 = DIRECTION ( 'NONE',  ( 0.000000000000000000, -1.000000000000000000, 0.000000000000000000 ) ) ;
#1316 = EDGE_CURVE ( 'NONE', #436, #251, #1592, .T. ) ;
#1317 = VECTOR ( 'NONE', #615, 1000.000000000000000 ) ;
#1318 = PRESENTATION_LAYER_ASSIGNMENT (  '', '', ( #1145 ) ) ;
#1319 = VECTOR ( 'NONE', #2681, 1000.000000000000000 ) ;
#1320 = DIRECTION ( 'NONE',  ( 0.000000000000000000, 0.000000000000000000, -1.000000000000000000 ) ) ;
#1321 = EDGE_CURVE ( 'NONE', #292, #447, #152, .T. ) ;
#1322 = AXIS2_PLACEMENT_3D ( 'NONE', #2667, #781, #1620 ) ;
#1323 = EDGE_LOOP ( 'NONE', ( #1729, #1811, #2241, #1457, #1484, #1931, #2266, #2590, #2344, #1795 ) ) ;
#1324 = CARTESIAN_POINT ( 'NONE',  ( 2.899999999999998579, 0.7999999999999999334, 3.229999999999998650 ) ) ;
#1325 = CARTESIAN_POINT ( 'NONE',  ( 7.449999999999999289, 11.50000000000000178, 4.950000000000000178 ) ) ;
#1326 = PLANE ( 'NONE',  #357 ) ;
#1327 = EDGE_CURVE ( 'NONE', #1275, #2264, #353, .T. ) ;
#1328 = VERTEX_POINT ( 'NONE', #619 ) ;
#1329 = DIRECTION ( 'NONE',  ( -0.000000000000000000, 1.000000000000000000, -0.000000000000000000 ) ) ;
#1330 = FACE_OUTER_BOUND ( 'NONE', #2433, .T. ) ;
#1331 = ORIENTED_EDGE ( 'NONE', *, *, #540, .F. ) ;
#1332 = CARTESIAN_POINT ( 'NONE',  ( 2.900000000000000355, 0.5000000000000000000, -3.229999999999996874 ) ) ;
#1333 = DIRECTION ( 'NONE',  ( 0.000000000000000000, -0.000000000000000000, -1.000000000000000000 ) ) ;
#1334 = CIRCLE ( 'NONE', #2517, 0.2999999999999999334 ) ;
#1335 = CARTESIAN_POINT ( 'NONE',  ( -7.449999999999999289, 11.50000000000000178, 4.950000000000000178 ) ) ;
#1336 = EDGE_LOOP ( 'NONE', ( #1988, #1639, #1449, #1207 ) ) ;
#1337 = EDGE_CURVE ( 'NONE', #1328, #2493, #807, .T. ) ;
#1338 = DIRECTION ( 'NONE',  ( 0.000000000000000000, 0.000000000000000000, -1.000000000000000000 ) ) ;
#1339 = EDGE_LOOP ( 'NONE', ( #1434, #669, #41 ) ) ;
#1340 = CARTESIAN_POINT ( 'NONE',  ( -6.650000000000001243, -7.782623792124925721, -3.460000000000002629 ) ) ;
#1341 = DIRECTION ( 'NONE',  ( -0.000000000000000000, -0.000000000000000000, -1.000000000000000000 ) ) ;
#1342 = ORIENTED_EDGE ( 'NONE', *, *, #1691, .T. ) ;
#1343 = DIRECTION ( 'NONE',  ( -0.000000000000000000, 0.000000000000000000, 1.000000000000000000 ) ) ;
#1344 = LINE ( 'NONE', #131, #1663 ) ;
#1345 = DIRECTION ( 'NONE',  ( 0.000000000000000000, 0.000000000000000000, 1.000000000000000000 ) ) ;
#1346 = VERTEX_POINT ( 'NONE', #1455 ) ;
#1347 = DIRECTION ( 'NONE',  ( 1.000000000000000000, 0.000000000000000000, 0.000000000000000000 ) ) ;
#1348 = ADVANCED_FACE ( 'NONE', ( #2654 ), #2695, .T. ) ;
#1349 = EDGE_LOOP ( 'NONE', ( #1994, #401, #2310, #116 ) ) ;
#1350 = DIRECTION ( 'NONE',  ( -1.000000000000000000, 0.000000000000000000, 0.000000000000000000 ) ) ;
#1351 = CARTESIAN_POINT ( 'NONE',  ( 5.799999999999999822, -3.499999999999999556, 3.984999999999998987 ) ) ;
#1352 = ORIENTED_EDGE ( 'NONE', *, *, #426, .F. ) ;
#1353 = ORIENTED_EDGE ( 'NONE', *, *, #2222, .F. ) ;
#1354 = DIRECTION ( 'NONE',  ( -0.000000000000000000, 1.000000000000000000, -0.000000000000000000 ) ) ;
#1355 = DIRECTION ( 'NONE',  ( 1.000000000000000000, 0.000000000000000000, 0.000000000000000000 ) ) ;
#1356 = VECTOR ( 'NONE', #1420, 1000.000000000000000 ) ;
#1357 = ORIENTED_EDGE ( 'NONE', *, *, #2683, .T. ) ;
#1358 = ORIENTED_EDGE ( 'NONE', *, *, #941, .F. ) ;
#1359 = TOROIDAL_SURFACE ( 'NONE', #709, 1.200000000000000178, 0.2000000000000000111 ) ;
#1360 = PLANE ( 'NONE',  #115 ) ;
#1361 = AXIS2_PLACEMENT_3D ( 'NONE', #1235, #1687, #1883 ) ;
#1362 = EDGE_LOOP ( 'NONE', ( #2558, #1776, #1596, #2484 ) ) ;
#1363 = FACE_OUTER_BOUND ( 'NONE', #1339, .T. ) ;
#1364 = CARTESIAN_POINT ( 'NONE',  ( -7.749999999999999112, 0.5000000000000000000, -5.249999999999999112 ) ) ;
#1365 = ORIENTED_EDGE ( 'NONE', *, *, #509, .F. ) ;
#1366 = ORIENTED_EDGE ( 'NONE', *, *, #1280, .T. ) ;
#1367 = EDGE_CURVE ( 'NONE', #1038, #506, #2682, .T. ) ;
#1368 = CARTESIAN_POINT ( 'NONE',  ( 7.749999999999999112, 0.5000000000000000000, -4.950000000000000178 ) ) ;
#1369 = CYLINDRICAL_SURFACE ( 'NONE', #205, 0.2999999999999999334 ) ;
#1370 = EDGE_LOOP ( 'NONE', ( #1858, #1366, #2398, #1099 ) ) ;
#1371 = FACE_OUTER_BOUND ( 'NONE', #2634, .T. ) ;
#1372 = EDGE_CURVE ( 'NONE', #2421, #265, #1621, .T. ) ;
#1373 = ORIENTED_EDGE ( 'NONE', *, *, #2620, .F. ) ;
#1374 = DIRECTION ( 'NONE',  ( 0.000000000000000000, -1.734723475976807292E-15, 1.000000000000000000 ) ) ;
#1375 = ORIENTED_EDGE ( 'NONE', *, *, #1805, .T. ) ;
#1376 = DIRECTION ( 'NONE',  ( -0.000000000000000000, 1.000000000000000000, -0.000000000000000000 ) ) ;
#1377 = DIRECTION ( 'NONE',  ( -4.336808689942025625E-15, 0.000000000000000000, 1.000000000000000000 ) ) ;
#1378 = EDGE_CURVE ( 'NONE', #1150, #524, #1437, .T. ) ;
#1379 = AXIS2_PLACEMENT_3D ( 'NONE', #2032, #166, #1591 ) ;
#1380 = CARTESIAN_POINT ( 'NONE',  ( 0.000000000000000000, 0.5000000000000000000, 0.000000000000000000 ) ) ;
#1381 = AXIS2_PLACEMENT_3D ( 'NONE', #1088, #884, #1742 ) ;
#1382 = CARTESIAN_POINT ( 'NONE',  ( 6.499999999999999112, -7.782623792124925721, 3.634999999999999343 ) ) ;
#1383 = CARTESIAN_POINT ( 'NONE',  ( 6.499999999999999112, -3.499999999999999556, 3.634999999999999343 ) ) ;
#1384 = EDGE_CURVE ( 'NONE', #1539, #1230, #1425, .T. ) ;
#1385 = AXIS2_PLACEMENT_3D ( 'NONE', #1737, #1468, #2739 ) ;
#1386 = LINE ( 'NONE', #758, #1319 ) ;
#1387 = CARTESIAN_POINT ( 'NONE',  ( -7.749999999999999112, 0.5000000000000000000, 4.950000000000001066 ) ) ;
#1388 = CIRCLE ( 'NONE', #735, 1.000000000000000000 ) ;
#1389 = ORIENTED_EDGE ( 'NONE', *, *, #501, .T. ) ;
#1390 = CIRCLE ( 'NONE', #1381, 0.2000000000000000944 ) ;
#1391 = CARTESIAN_POINT ( 'NONE',  ( -7.449999999999999289, 11.50000000000000178, -4.950000000000000178 ) ) ;
#1392 = DIRECTION ( 'NONE',  ( 1.000000000000000000, 0.000000000000000000, -0.000000000000000000 ) ) ;
#1393 = CARTESIAN_POINT ( 'NONE',  ( 4.880000000000000782, 0.5000000000000000000, 1.156482317317875472E-15 ) ) ;
#1394 = AXIS2_PLACEMENT_3D ( 'NONE', #279, #480, #2194 ) ;
#1395 = ADVANCED_FACE ( 'NONE', ( #1660 ), #2090, .T. ) ;
#1396 = AXIS2_PLACEMENT_3D ( 'NONE', #9, #872, #2529 ) ;
#1397 = PLANE ( 'NONE',  #1615 ) ;
#1398 = CIRCLE ( 'NONE', #2206, 0.2999999999999999334 ) ;
#1399 = LINE ( 'NONE', #550, #1442 ) ;
#1400 = CARTESIAN_POINT ( 'NONE',  ( -6.450000000000001066, -7.782623792124925721, -3.460000000000002629 ) ) ;
#1401 = EDGE_CURVE ( 'NONE', #1242, #1985, #2345, .T. ) ;
#1402 = EDGE_LOOP ( 'NONE', ( #923, #142, #1251, #329, #2138, #2611, #1022, #4 ) ) ;
#1403 = FACE_OUTER_BOUND ( 'NONE', #2388, .T. ) ;
#1404 = LINE ( 'NONE', #582, #1002 ) ;
#1405 = EDGE_CURVE ( 'NONE', #1150, #714, #2725, .T. ) ;
#1406 = ORIENTED_EDGE ( 'NONE', *, *, #1133, .T. ) ;
#1407 = ORIENTED_EDGE ( 'NONE', *, *, #2267, .F. ) ;
#1408 = DIRECTION ( 'NONE',  ( -0.000000000000000000, 1.000000000000000000, -0.000000000000000000 ) ) ;
#1409 = EDGE_CURVE ( 'NONE', #1275, #2144, #2704, .T. ) ;
#1410 = CARTESIAN_POINT ( 'NONE',  ( -7.449999999999999289, 11.50000000000000178, 4.950000000000000178 ) ) ;
#1411 = LINE ( 'NONE', #1868, #2633 ) ;
#1412 = DIRECTION ( 'NONE',  ( -1.000000000000000000, 0.000000000000000000, 0.000000000000000000 ) ) ;
#1413 = CYLINDRICAL_SURFACE ( 'NONE', #2092, 0.5000000000000004441 ) ;
#1414 = VECTOR ( 'NONE', #428, 1000.000000000000000 ) ;
#1415 = VERTEX_POINT ( 'NONE', #633 ) ;
#1416 = LINE ( 'NONE', #986, #1213 ) ;
#1417 = ORIENTED_EDGE ( 'NONE', *, *, #1866, .F. ) ;
#1418 = EDGE_CURVE ( 'NONE', #2687, #2298, #1034, .T. ) ;
#1419 = EDGE_LOOP ( 'NONE', ( #2147, #1086, #1560, #312 ) ) ;
#1420 = DIRECTION ( 'NONE',  ( -2.369840814175974061E-16, 0.000000000000000000, 1.000000000000000000 ) ) ;
#1421 = LINE ( 'NONE', #1382, #873 ) ;
#1422 = SURFACE_SIDE_STYLE ('',( #2059 ) ) ;
#1423 = EDGE_CURVE ( 'NONE', #2643, #1494, #773, .T. ) ;
#1424 = CYLINDRICAL_SURFACE ( 'NONE', #526, 0.3999999999999999667 ) ;
#1425 = LINE ( 'NONE', #179, #811 ) ;
#1426 = AXIS2_PLACEMENT_3D ( 'NONE', #2492, #2064, #2075 ) ;
#1427 = ORIENTED_EDGE ( 'NONE', *, *, #49, .T. ) ;
#1428 = DIRECTION ( 'NONE',  ( 1.000000000000000000, 0.000000000000000000, 9.745637505487692338E-16 ) ) ;
#1429 = DIRECTION ( 'NONE',  ( 0.000000000000000000, 0.000000000000000000, -1.000000000000000000 ) ) ;
#1430 = AXIS2_PLACEMENT_3D ( 'NONE', #2352, #2369, #1912 ) ;
#1431 = ORIENTED_EDGE ( 'NONE', *, *, #1020, .F. ) ;
#1432 = VERTEX_POINT ( 'NONE', #1265 ) ;
#1433 = DIRECTION ( 'NONE',  ( -0.000000000000000000, 1.000000000000000000, -0.000000000000000000 ) ) ;
#1434 = ORIENTED_EDGE ( 'NONE', *, *, #2629, .T. ) ;
#1435 = VECTOR ( 'NONE', #1722, 1000.000000000000000 ) ;
#1436 = CARTESIAN_POINT ( 'NONE',  ( 4.679999999999999716, 0.7999999999999999334, -1.829999999999995408 ) ) ;
#1437 = LINE ( 'NONE', #591, #694 ) ;
#1438 = CARTESIAN_POINT ( 'NONE',  ( 7.449999999999999289, 11.50000000000000178, -4.949999999999999289 ) ) ;
#1439 = AXIS2_PLACEMENT_3D ( 'NONE', #2021, #2439, #1855 ) ;
#1440 = EDGE_LOOP ( 'NONE', ( #2192, #248, #2582, #427 ) ) ;
#1441 = CIRCLE ( 'NONE', #1439, 1.000000000000000000 ) ;
#1442 = VECTOR ( 'NONE', #562, 1000.000000000000000 ) ;
#1443 = DIRECTION ( 'NONE',  ( 0.000000000000000000, 0.000000000000000000, 1.000000000000000000 ) ) ;
#1444 = CARTESIAN_POINT ( 'NONE',  ( -7.749999999999999112, 0.5000000000000000000, -4.950000000000001066 ) ) ;
#1445 = AXIS2_PLACEMENT_3D ( 'NONE', #1836, #2277, #400 ) ;
#1446 = VECTOR ( 'NONE', #2708, 1000.000000000000000 ) ;
#1447 = EDGE_CURVE ( 'NONE', #724, #1531, #847, .T. ) ;
#1448 = ORIENTED_EDGE ( 'NONE', *, *, #856, .T. ) ;
#1449 = ORIENTED_EDGE ( 'NONE', *, *, #2185, .F. ) ;
#1450 = DIRECTION ( 'NONE',  ( 1.000000000000000000, -0.000000000000000000, -0.000000000000000000 ) ) ;
#1451 = ORIENTED_EDGE ( 'NONE', *, *, #1005, .F. ) ;
#1452 = FACE_OUTER_BOUND ( 'NONE', #1103, .T. ) ;
#1453 = ADVANCED_FACE ( 'NONE', ( #210 ), #1084, .F. ) ;
#1454 = CARTESIAN_POINT ( 'NONE',  ( 7.749999999999999112, 0.5000000000000000000, 5.250000000000000000 ) ) ;
#1455 = CARTESIAN_POINT ( 'NONE',  ( -6.450000000000001066, 0.7999999999999999334, -3.460000000000002629 ) ) ;
#1456 = CARTESIAN_POINT ( 'NONE',  ( 4.749999999999999112, 0.5000000000000004441, 4.950000000000001954 ) ) ;
#1457 = ORIENTED_EDGE ( 'NONE', *, *, #921, .T. ) ;
#1458 = CIRCLE ( 'NONE', #678, 0.5000000000000007772 ) ;
#1459 =( LENGTH_UNIT ( ) NAMED_UNIT ( * ) SI_UNIT ( .MILLI., .METRE. ) );
#1460 = FACE_OUTER_BOUND ( 'NONE', #797, .T. ) ;
#1461 = VERTEX_POINT ( 'NONE', #833 ) ;
#1462 = EDGE_CURVE ( 'NONE', #2640, #2421, #2317, .T. ) ;
#1463 = VERTEX_POINT ( 'NONE', #667 ) ;
#1464 = LINE ( 'NONE', #449, #998 ) ;
#1465 = ORIENTED_EDGE ( 'NONE', *, *, #574, .F. ) ;
#1466 = CARTESIAN_POINT ( 'NONE',  ( -5.079999999999997407, 0.7999999999999999334, -3.099999999999998757 ) ) ;
#1467 = FACE_OUTER_BOUND ( 'NONE', #2459, .T. ) ;
#1468 = DIRECTION ( 'NONE',  ( 0.000000000000000000, 1.000000000000000000, 0.000000000000000000 ) ) ;
#1469 = LINE ( 'NONE', #2710, #1677 ) ;
#1470 = EDGE_CURVE ( 'NONE', #524, #161, #1902, .T. ) ;
#1471 = EDGE_LOOP ( 'NONE', ( #1004, #2121, #1156, #2472 ) ) ;
#1472 = CARTESIAN_POINT ( 'NONE',  ( 5.800000000000000711, -3.499999999999999556, -3.984999999999997211 ) ) ;
#1473 = VECTOR ( 'NONE', #1501, 1000.000000000000000 ) ;
#1474 = ORIENTED_EDGE ( 'NONE', *, *, #970, .F. ) ;
#1475 = CYLINDRICAL_SURFACE ( 'NONE', #488, 0.4000000000000001887 ) ;
#1476 = ORIENTED_EDGE ( 'NONE', *, *, #1229, .F. ) ;
#1477 = AXIS2_PLACEMENT_3D ( 'NONE', #2435, #2203, #306 ) ;
#1478 = CARTESIAN_POINT ( 'NONE',  ( 7.449999999999999289, 11.50000000000000178, 4.950000000000000178 ) ) ;
#1479 = VERTEX_POINT ( 'NONE', #422 ) ;
#1480 = EDGE_CURVE ( 'NONE', #1014, #441, #909, .T. ) ;
#1481 = PLANE ( 'NONE',  #1614 ) ;
#1482 = LINE ( 'NONE', #2126, #2044 ) ;
#1483 = CARTESIAN_POINT ( 'NONE',  ( 5.080000000000000071, 0.7999999999999999334, -1.829999999999992299 ) ) ;
#1484 = ORIENTED_EDGE ( 'NONE', *, *, #1927, .F. ) ;
#1485 = VECTOR ( 'NONE', #361, 1000.000000000000000 ) ;
#1486 = CIRCLE ( 'NONE', #2547, 0.4000000000000001887 ) ;
#1487 = ORIENTED_EDGE ( 'NONE', *, *, #888, .F. ) ;
#1488 = DIRECTION ( 'NONE',  ( 1.000000000000000000, 0.000000000000000000, -6.505213034913037648E-15 ) ) ;
#1489 = CARTESIAN_POINT ( 'NONE',  ( -7.749999999999999112, 0.5000000000000000000, -4.950000000000000178 ) ) ;
#1490 = EDGE_CURVE ( 'NONE', #714, #566, #682, .T. ) ;
#1491 = CIRCLE ( 'NONE', #614, 0.3999999999999999667 ) ;
#1492 = ORIENTED_EDGE ( 'NONE', *, *, #1031, .F. ) ;
#1493 = PLANE ( 'NONE',  #1886 ) ;
#1494 = VERTEX_POINT ( 'NONE', #1496 ) ;
#1495 = CARTESIAN_POINT ( 'NONE',  ( 5.079999999999999183, 0.7999999999999999334, 1.829999999999995630 ) ) ;
#1496 = CARTESIAN_POINT ( 'NONE',  ( 7.449999999999999289, 11.80000000000000071, 4.950000000000000178 ) ) ;
#1497 = CARTESIAN_POINT ( 'NONE',  ( -6.450000000000001066, -3.499999999999999556, -3.460000000000002629 ) ) ;
#1498 = EDGE_CURVE ( 'NONE', #1258, #943, #2358, .T. ) ;
#1499 = VERTEX_POINT ( 'NONE', #1688 ) ;
#1500 = LINE ( 'NONE', #1472, #1224 ) ;
#1501 = DIRECTION ( 'NONE',  ( 2.369840814175974061E-16, -0.000000000000000000, -1.000000000000000000 ) ) ;
#1502 = VERTEX_POINT ( 'NONE', #647 ) ;
#1503 = FACE_OUTER_BOUND ( 'NONE', #2621, .T. ) ;
#1504 = DIRECTION ( 'NONE',  ( -0.000000000000000000, -1.000000000000000000, -0.000000000000000000 ) ) ;
#1505 = AXIS2_PLACEMENT_3D ( 'NONE', #902, #886, #1731 ) ;
#1506 = ORIENTED_EDGE ( 'NONE', *, *, #359, .T. ) ;
#1507 = EDGE_CURVE ( 'NONE', #2264, #1415, #1482, .T. ) ;
#1508 = CARTESIAN_POINT ( 'NONE',  ( 0.000000000000000000, 0.5000000000000000000, 0.000000000000000000 ) ) ;
#1509 = ORIENTED_EDGE ( 'NONE', *, *, #501, .F. ) ;
#1510 = DIRECTION ( 'NONE',  ( 0.000000000000000000, 0.000000000000000000, -1.000000000000000000 ) ) ;
#1511 = CARTESIAN_POINT ( 'NONE',  ( -7.449999999999999289, 0.5000000000000000000, -4.950000000000000178 ) ) ;
#1512 = ORIENTED_EDGE ( 'NONE', *, *, #2246, .T. ) ;
#1513 = ADVANCED_FACE ( 'NONE', ( #1101 ), #1070, .T. ) ;
#1514 = CARTESIAN_POINT ( 'NONE',  ( 1.899999999999999023, 0.7999999999999999334, 3.499999999999998668 ) ) ;
#1515 =( LENGTH_UNIT ( ) NAMED_UNIT ( * ) SI_UNIT ( .MILLI., .METRE. ) );
#1516 = PRESENTATION_LAYER_ASSIGNMENT (  '', '', ( #2402 ) ) ;
#1517 = ORIENTED_EDGE ( 'NONE', *, *, #156, .T. ) ;
#1518 = EDGE_CURVE ( 'NONE', #2516, #251, #1918, .T. ) ;
#1519 = DIRECTION ( 'NONE',  ( 0.000000000000000000, 0.000000000000000000, -1.000000000000000000 ) ) ;
#1520 = CARTESIAN_POINT ( 'NONE',  ( 1.700000000000000178, 0.5000000000000000000, -3.229999999999996874 ) ) ;
#1521 = PLANE ( 'NONE',  #1804 ) ;
#1522 = EDGE_CURVE ( 'NONE', #1014, #2156, #1875, .T. ) ;
#1523 = VECTOR ( 'NONE', #1796, 1000.000000000000000 ) ;
#1524 = EDGE_LOOP ( 'NONE', ( #1684, #1065, #1713, #816 ) ) ;
#1525 = DIRECTION ( 'NONE',  ( 0.000000000000000000, 0.000000000000000000, -1.000000000000000000 ) ) ;
#1526 = AXIS2_PLACEMENT_3D ( 'NONE', #2609, #1584, #1781 ) ;
#1527 = CARTESIAN_POINT ( 'NONE',  ( 1.699999999999993072, 0.5000000000000000000, -2.730583249222737811E-15 ) ) ;
#1528 = ORIENTED_EDGE ( 'NONE', *, *, #2051, .F. ) ;
#1529 = DIRECTION ( 'NONE',  ( 1.239088197126291261E-15, -0.000000000000000000, 1.000000000000000000 ) ) ;
#1530 = DIRECTION ( 'NONE',  ( 0.000000000000000000, 0.000000000000000000, 1.000000000000000000 ) ) ;
#1531 = VERTEX_POINT ( 'NONE', #1674 ) ;
#1532 = PRESENTATION_LAYER_ASSIGNMENT (  '', '', ( #1760 ) ) ;
#1533 = CARTESIAN_POINT ( 'NONE',  ( 3.259999999999999787, -7.782623792124925721, -3.634999999999998455 ) ) ;
#1534 = LINE ( 'NONE', #2383, #68 ) ;
#1535 = VECTOR ( 'NONE', #362, 1000.000000000000000 ) ;
#1536 = EDGE_CURVE ( 'NONE', #2313, #974, #61, .T. ) ;
#1537 = AXIS2_PLACEMENT_3D ( 'NONE', #747, #2608, #2212 ) ;
#1538 = DIRECTION ( 'NONE',  ( 1.000000000000000000, 0.000000000000000000, 0.000000000000000000 ) ) ;
#1539 = VERTEX_POINT ( 'NONE', #1960 ) ;
#1540 = DIRECTION ( 'NONE',  ( 0.000000000000000000, -1.000000000000000000, 0.000000000000000000 ) ) ;
#1541 = ORIENTED_EDGE ( 'NONE', *, *, #188, .F. ) ;
#1542 = ADVANCED_FACE ( 'NONE', ( #2168 ), #908, .F. ) ;
#1543 = FACE_OUTER_BOUND ( 'NONE', #938, .T. ) ;
#1544 = DIRECTION ( 'NONE',  ( -1.000000000000000000, 0.000000000000000000, -0.000000000000000000 ) ) ;
#1545 = EDGE_CURVE ( 'NONE', #2000, #658, #2555, .T. ) ;
#1546 = ORIENTED_EDGE ( 'NONE', *, *, #509, .T. ) ;
#1547 = CARTESIAN_POINT ( 'NONE',  ( -4.679999999999997939, 0.6999999999999999556, -3.100000000000000977 ) ) ;
#1548 = LINE ( 'NONE', #246, #240 ) ;
#1549 = EDGE_CURVE ( 'NONE', #808, #1676, #1388, .T. ) ;
#1550 = AXIS2_PLACEMENT_3D ( 'NONE', #1026, #1724, #2561 ) ;
#1551 = CARTESIAN_POINT ( 'NONE',  ( -6.650000000000002132, -7.782623792124925721, 3.460000000000000853 ) ) ;
#1552 = ORIENTED_EDGE ( 'NONE', *, *, #1805, .F. ) ;
#1553 = VERTEX_POINT ( 'NONE', #1123 ) ;
#1554 = DIRECTION ( 'NONE',  ( 0.000000000000000000, 0.000000000000000000, -1.000000000000000000 ) ) ;
#1555 =( NAMED_UNIT ( * ) PLANE_ANGLE_UNIT ( ) SI_UNIT ( $, .RADIAN. ) );
#1556 = ORIENTED_EDGE ( 'NONE', *, *, #462, .T. ) ;
#1557 = PLANE ( 'NONE',  #206 ) ;
#1558 = DIRECTION ( 'NONE',  ( 0.000000000000000000, 0.000000000000000000, -1.000000000000000000 ) ) ;
#1559 = ADVANCED_FACE ( 'NONE', ( #869 ), #1607, .T. ) ;
#1560 = ORIENTED_EDGE ( 'NONE', *, *, #2219, .F. ) ;
#1561 = ORIENTED_EDGE ( 'NONE', *, *, #2240, .F. ) ;
#1562 = DIRECTION ( 'NONE',  ( -1.000000000000000000, -0.000000000000000000, -0.000000000000000000 ) ) ;
#1563 = PLANE ( 'NONE',  #2017 ) ;
#1564 = VERTEX_POINT ( 'NONE', #1520 ) ;
#1565 = FACE_OUTER_BOUND ( 'NONE', #1792, .T. ) ;
#1566 = VECTOR ( 'NONE', #1562, 1000.000000000000000 ) ;
#1567 = EDGE_CURVE ( 'NONE', #1852, #573, #2707, .T. ) ;
#1568 = AXIS2_PLACEMENT_3D ( 'NONE', #1623, #2049, #2252 ) ;
#1569 = VERTEX_POINT ( 'NONE', #656 ) ;
#1570 = CARTESIAN_POINT ( 'NONE',  ( -6.450000000000001954, -7.782623792124925721, 3.460000000000000853 ) ) ;
#1571 = CARTESIAN_POINT ( 'NONE',  ( 7.449999999999999289, 0.5000000000000004441, 4.950000000000000178 ) ) ;
#1572 = VERTEX_POINT ( 'NONE', #704 ) ;
#1573 = ORIENTED_EDGE ( 'NONE', *, *, #2658, .T. ) ;
#1574 = DIRECTION ( 'NONE',  ( 0.000000000000000000, 0.000000000000000000, -1.000000000000000000 ) ) ;
#1575 = LINE ( 'NONE', #740, #483 ) ;
#1576 = EDGE_CURVE ( 'NONE', #1106, #853, #675, .T. ) ;
#1577 = CIRCLE ( 'NONE', #607, 0.2999999999999999334 ) ;
#1578 = VERTEX_POINT ( 'NONE', #1489 ) ;
#1579 = VECTOR ( 'NONE', #2694, 1000.000000000000000 ) ;
#1580 = CARTESIAN_POINT ( 'NONE',  ( 2.899999999999999023, 0.7999999999999999334, 2.229999999999998650 ) ) ;
#1581 = ORIENTED_EDGE ( 'NONE', *, *, #440, .T. ) ;
#1582 = EDGE_CURVE ( 'NONE', #1415, #714, #1534, .T. ) ;
#1583 = LINE ( 'NONE', #537, #1801 ) ;
#1584 = DIRECTION ( 'NONE',  ( 0.000000000000000000, 1.734723475976807292E-15, 1.000000000000000000 ) ) ;
#1585 = VERTEX_POINT ( 'NONE', #70 ) ;
#1586 = PLANE ( 'NONE',  #1477 ) ;
#1587 = CARTESIAN_POINT ( 'NONE',  ( 1.900000000000000577, 0.7999999999999999334, -3.499999999999996891 ) ) ;
#1588 = EDGE_CURVE ( 'NONE', #974, #1564, #218, .T. ) ;
#1589 = CARTESIAN_POINT ( 'NONE',  ( 7.749999999999999112, 42.32164522684905705, -4.950000000000000178 ) ) ;
#1590 = DIRECTION ( 'NONE',  ( 1.000000000000000000, 0.000000000000000000, -1.606225440719262570E-15 ) ) ;
#1591 = DIRECTION ( 'NONE',  ( 0.000000000000000000, 0.000000000000000000, 1.000000000000000000 ) ) ;
#1592 =( BOUNDED_CURVE ( )  B_SPLINE_CURVE ( 3, ( #2250, #2260, #2709, #995 ),
 .UNSPECIFIED., .F., .T. ) 
 B_SPLINE_CURVE_WITH_KNOTS ( ( 4, 4 ),
 ( 0.000000000000000000, 1.570796326794896558 ),
 .UNSPECIFIED. ) 
 CURVE ( )  GEOMETRIC_REPRESENTATION_ITEM ( )  RATIONAL_B_SPLINE_CURVE ( ( 1.000000000000000000, 0.8047378541243649375, 0.8047378541243649375, 1.000000000000000000 ) ) 
 REPRESENTATION_ITEM ( '' )  );
#1593 = FACE_OUTER_BOUND ( 'NONE', #2278, .T. ) ;
#1594 = LINE ( 'NONE', #285, #2008 ) ;
#1595 = ADVANCED_FACE ( 'NONE', ( #459 ), #1300, .F. ) ;
#1596 = ORIENTED_EDGE ( 'NONE', *, *, #1316, .F. ) ;
#1597 = CARTESIAN_POINT ( 'NONE',  ( 1.978364413614001424E-15, 0.5000000000000000000, -2.029999999999999805 ) ) ;
#1598 = LINE ( 'NONE', #2445, #2597 ) ;
#1599 = DIRECTION ( 'NONE',  ( 0.000000000000000000, -1.000000000000000000, 0.000000000000000000 ) ) ;
#1600 = EDGE_CURVE ( 'NONE', #32, #241, #2150, .T. ) ;
#1601 = VECTOR ( 'NONE', #35, 1000.000000000000000 ) ;
#1602 = FACE_OUTER_BOUND ( 'NONE', #10, .T. ) ;
#1603 = VECTOR ( 'NONE', #1870, 1000.000000000000000 ) ;
#1604 = EDGE_CURVE ( 'NONE', #161, #478, #2135, .T. ) ;
#1605 = CARTESIAN_POINT ( 'NONE',  ( -7.449999999999999289, 11.50000000000000178, 5.250000000000000000 ) ) ;
#1606 = DIRECTION ( 'NONE',  ( -1.000000000000000000, -0.000000000000000000, -0.000000000000000000 ) ) ;
#1607 = TOROIDAL_SURFACE ( 'NONE', #2367, 0.2000000000000001776, 0.2000000000000000111 ) ;
#1608 = VERTEX_POINT ( 'NONE', #22 ) ;
#1609 = CARTESIAN_POINT ( 'NONE',  ( -4.679999999999995275, 0.6999999999999999556, -3.500000000000001332 ) ) ;
#1610 = FACE_OUTER_BOUND ( 'NONE', #1336, .T. ) ;
#1611 = EDGE_CURVE ( 'NONE', #1915, #1893, #2164, .T. ) ;
#1612 = ORIENTED_EDGE ( 'NONE', *, *, #1216, .F. ) ;
#1613 = DIRECTION ( 'NONE',  ( 0.000000000000000000, 0.000000000000000000, -1.000000000000000000 ) ) ;
#1614 = AXIS2_PLACEMENT_3D ( 'NONE', #1466, #208, #2314 ) ;
#1615 = AXIS2_PLACEMENT_3D ( 'NONE', #2248, #779, #1191 ) ;
#1616 = FACE_OUTER_BOUND ( 'NONE', #389, .T. ) ;
#1617 = LINE ( 'NONE', #1631, #688 ) ;
#1618 = CIRCLE ( 'NONE', #708, 0.2000000000000000944 ) ;
#1619 = STYLED_ITEM ( 'NONE', ( #1891 ), #1908 ) ;
#1620 = DIRECTION ( 'NONE',  ( 0.000000000000000000, 0.000000000000000000, -1.000000000000000000 ) ) ;
#1621 = LINE ( 'NONE', #2478, #106 ) ;
#1622 = ORIENTED_EDGE ( 'NONE', *, *, #1823, .T. ) ;
#1623 = CARTESIAN_POINT ( 'NONE',  ( 0.000000000000000000, -3.500000000000000000, 0.000000000000000000 ) ) ;
#1624 =( LENGTH_UNIT ( ) NAMED_UNIT ( * ) SI_UNIT ( .MILLI., .METRE. ) );
#1625 = PRODUCT_RELATED_PRODUCT_CATEGORY ( 'part', '', ( #900 ) ) ;
#1626 = ORIENTED_EDGE ( 'NONE', *, *, #74, .T. ) ;
#1627 = ORIENTED_EDGE ( 'NONE', *, *, #643, .T. ) ;
#1628 = EDGE_CURVE ( 'NONE', #1578, #2144, #231, .T. ) ;
#1629 = CARTESIAN_POINT ( 'NONE',  ( -4.680000000000000604, 0.5000000000000000000, 3.099999999999998757 ) ) ;
#1630 = CYLINDRICAL_SURFACE ( 'NONE', #1095, 0.2000000000000000944 ) ;
#1631 = CARTESIAN_POINT ( 'NONE',  ( -6.650000000000002132, 0.7999999999999999334, 3.460000000000000853 ) ) ;
#1632 = CYLINDRICAL_SURFACE ( 'NONE', #611, 1.000000000000000000 ) ;
#1633 = DIRECTION ( 'NONE',  ( 0.000000000000000000, 0.000000000000000000, 1.000000000000000000 ) ) ;
#1634 = VECTOR ( 'NONE', #2521, 1000.000000000000000 ) ;
#1635 = UNCERTAINTY_MEASURE_WITH_UNIT (LENGTH_MEASURE( 1.000000000000000082E-05 ), #2693, 'distance_accuracy_value', 'NONE');
#1636 = VERTEX_POINT ( 'NONE', #55 ) ;
#1637 = CARTESIAN_POINT ( 'NONE',  ( -7.449999999999999289, 11.50000000000000178, 0.000000000000000000 ) ) ;
#1638 = EDGE_CURVE ( 'NONE', #639, #1784, #492, .T. ) ;
#1639 = ORIENTED_EDGE ( 'NONE', *, *, #49, .F. ) ;
#1640 = VERTEX_POINT ( 'NONE', #2601 ) ;
#1641 = CARTESIAN_POINT ( 'NONE',  ( 4.879999999999999893, 0.5000000000000000000, 1.829999999999996962 ) ) ;
#1642 = COLOUR_RGB ( '',0.7921568627450980005, 0.8196078431372548767, 0.9333333333333333481 ) ;
#1643 = DIRECTION ( 'NONE',  ( 1.000000000000000000, 0.000000000000000000, 0.000000000000000000 ) ) ;
#1644 = SURFACE_STYLE_USAGE ( .BOTH. , #1422 ) ;
#1645 = DIRECTION ( 'NONE',  ( -0.000000000000000000, -1.000000000000000000, -0.000000000000000000 ) ) ;
#1646 = CARTESIAN_POINT ( 'NONE',  ( 2.899999999999998579, 0.6999999999999999556, 3.229999999999998650 ) ) ;
#1647 = EDGE_CURVE ( 'NONE', #1502, #2298, #1548, .T. ) ;
#1648 = ORIENTED_EDGE ( 'NONE', *, *, #2373, .F. ) ;
#1649 = CARTESIAN_POINT ( 'NONE',  ( 7.449999999999999289, 11.50000000000000178, 0.000000000000000000 ) ) ;
#1650 = CARTESIAN_POINT ( 'NONE',  ( -7.449999999999999289, 0.5000000000000004441, -4.950000000000000178 ) ) ;
#1651 = VECTOR ( 'NONE', #2395, 1000.000000000000000 ) ;
#1652 = ORIENTED_EDGE ( 'NONE', *, *, #2494, .F. ) ;
#1653 = VECTOR ( 'NONE', #1341, 1000.000000000000000 ) ;
#1654 = ORIENTED_EDGE ( 'NONE', *, *, #1758, .F. ) ;
#1655 = EDGE_CURVE ( 'NONE', #1572, #1150, #1942, .T. ) ;
#1656 = DIRECTION ( 'NONE',  ( 0.000000000000000000, 0.000000000000000000, -1.000000000000000000 ) ) ;
#1657 = ORIENTED_EDGE ( 'NONE', *, *, #1013, .F. ) ;
#1658 =( LENGTH_UNIT ( ) NAMED_UNIT ( * ) SI_UNIT ( .MILLI., .METRE. ) );
#1659 = DIRECTION ( 'NONE',  ( 0.000000000000000000, -1.000000000000000000, 0.000000000000000000 ) ) ;
#1660 = FACE_OUTER_BOUND ( 'NONE', #2366, .T. ) ;
#1661 = VECTOR ( 'NONE', #830, 1000.000000000000000 ) ;
#1662 = ORIENTED_EDGE ( 'NONE', *, *, #1321, .F. ) ;
#1663 = VECTOR ( 'NONE', #2027, 1000.000000000000000 ) ;
#1664 = EDGE_CURVE ( 'NONE', #826, #989, #504, .T. ) ;
#1665 = LINE ( 'NONE', #411, #788 ) ;
#1666 = CARTESIAN_POINT ( 'NONE',  ( 4.679999999999998828, 0.7999999999999999334, -2.229999999999995097 ) ) ;
#1667 = AXIS2_PLACEMENT_3D ( 'NONE', #2089, #1659, #1054 ) ;
#1668 = ORIENTED_EDGE ( 'NONE', *, *, #831, .F. ) ;
#1669 = EDGE_LOOP ( 'NONE', ( #1779, #258, #1451, #398 ) ) ;
#1670 = DIRECTION ( 'NONE',  ( 0.000000000000000000, -1.000000000000000000, 0.000000000000000000 ) ) ;
#1671 = EDGE_CURVE ( 'NONE', #1608, #2231, #330, .T. ) ;
#1672 = ORIENTED_EDGE ( 'NONE', *, *, #2301, .F. ) ;
#1673 = DIRECTION ( 'NONE',  ( 1.000000000000000000, 0.000000000000000000, 0.000000000000000000 ) ) ;
#1674 = CARTESIAN_POINT ( 'NONE',  ( 3.959999999999999076, 0.7999999999999999334, 3.634999999999999343 ) ) ;
#1675 = DIRECTION ( 'NONE',  ( 1.000000000000000000, -0.000000000000000000, 1.606225440719263951E-15 ) ) ;
#1676 = VERTEX_POINT ( 'NONE', #2002 ) ;
#1677 = VECTOR ( 'NONE', #2289, 1000.000000000000000 ) ;
#1678 = PRESENTATION_STYLE_ASSIGNMENT (( #2686 ) ) ;
#1679 = ORIENTED_EDGE ( 'NONE', *, *, #1316, .T. ) ;
#1680 = FACE_OUTER_BOUND ( 'NONE', #2627, .T. ) ;
#1681 = ADVANCED_FACE ( 'NONE', ( #2612 ), #1137, .F. ) ;
#1682 = VERTEX_POINT ( 'NONE', #727 ) ;
#1683 = DIRECTION ( 'NONE',  ( 0.000000000000000000, 0.000000000000000000, 1.000000000000000000 ) ) ;
#1684 = ORIENTED_EDGE ( 'NONE', *, *, #1231, .F. ) ;
#1685 = CARTESIAN_POINT ( 'NONE',  ( 7.449999999999999289, 0.7999999999999999334, -4.950000000000000178 ) ) ;
#1686 = VECTOR ( 'NONE', #2488, 1000.000000000000000 ) ;
#1687 = DIRECTION ( 'NONE',  ( -1.000000000000000000, 0.000000000000000000, 0.000000000000000000 ) ) ;
#1688 = CARTESIAN_POINT ( 'NONE',  ( -4.880000000000001670, 0.5000000000000000000, 3.099999999999996092 ) ) ;
#1689 = CARTESIAN_POINT ( 'NONE',  ( 3.959999999999999964, 0.7999999999999999334, -3.984999999999998099 ) ) ;
#1690 = ORIENTED_EDGE ( 'NONE', *, *, #1647, .F. ) ;
#1691 = EDGE_CURVE ( 'NONE', #1132, #629, #813, .T. ) ;
#1692 = DIRECTION ( 'NONE',  ( -1.606225440719264148E-15, 0.000000000000000000, 1.000000000000000000 ) ) ;
#1693 = CARTESIAN_POINT ( 'NONE',  ( -6.650000000000000355, 0.7999999999999999334, -4.160000000000001918 ) ) ;
#1694 = ORIENTED_EDGE ( 'NONE', *, *, #1997, .T. ) ;
#1695 = VECTOR ( 'NONE', #716, 1000.000000000000000 ) ;
#1696 = LINE ( 'NONE', #2324, #2348 ) ;
#1697 = CARTESIAN_POINT ( 'NONE',  ( 2.899999999999998579, 0.6999999999999999556, 3.229999999999998650 ) ) ;
#1698 = ORIENTED_EDGE ( 'NONE', *, *, #1447, .T. ) ;
#1699 = VECTOR ( 'NONE', #438, 1000.000000000000000 ) ;
#1700 = DIRECTION ( 'NONE',  ( 0.000000000000000000, -0.000000000000000000, 1.000000000000000000 ) ) ;
#1701 = ADVANCED_FACE ( 'NONE', ( #2186 ), #1761, .F. ) ;
#1702 = ORIENTED_EDGE ( 'NONE', *, *, #583, .F. ) ;
#1703 = FILL_AREA_STYLE ('',( #2300 ) ) ;
#1704 = CARTESIAN_POINT ( 'NONE',  ( 4.679999999999999716, 0.5000000000000000000, -1.829999999999995408 ) ) ;
#1705 = FACE_OUTER_BOUND ( 'NONE', #1018, .T. ) ;
#1706 = EDGE_LOOP ( 'NONE', ( #2078, #273, #1657, #1050 ) ) ;
#1707 = AXIS2_PLACEMENT_3D ( 'NONE', #2462, #1007, #2004 ) ;
#1708 = CARTESIAN_POINT ( 'NONE',  ( 1.900000000000000577, 0.7999999999999999334, -3.499999999999996891 ) ) ;
#1709 = DIRECTION ( 'NONE',  ( 0.000000000000000000, -1.000000000000000000, 0.000000000000000000 ) ) ;
#1710 = EDGE_CURVE ( 'NONE', #1564, #1234, #287, .T. ) ;
#1711 = VECTOR ( 'NONE', #2662, 1000.000000000000000 ) ;
#1712 = AXIS2_PLACEMENT_3D ( 'NONE', #1514, #469, #712 ) ;
#1713 = ORIENTED_EDGE ( 'NONE', *, *, #988, .T. ) ;
#1714 = CARTESIAN_POINT ( 'NONE',  ( -4.679999999999998828, 0.6999999999999999556, 3.299999999999998490 ) ) ;
#1715 = DIRECTION ( 'NONE',  ( -0.000000000000000000, -0.000000000000000000, 1.000000000000000000 ) ) ;
#1716 = EDGE_CURVE ( 'NONE', #2510, #2599, #1976, .T. ) ;
#1717 = VECTOR ( 'NONE', #1320, 1000.000000000000000 ) ;
#1718 = ORIENTED_EDGE ( 'NONE', *, *, #1582, .T. ) ;
#1719 = CARTESIAN_POINT ( 'NONE',  ( -7.749999999999999112, 42.32164522684905705, -4.950000000000000178 ) ) ;
#1720 = EDGE_CURVE ( 'NONE', #2493, #1640, #274, .T. ) ;
#1721 = ORIENTED_EDGE ( 'NONE', *, *, #1462, .F. ) ;
#1722 = DIRECTION ( 'NONE',  ( 1.000000000000000000, -0.000000000000000000, -0.000000000000000000 ) ) ;
#1723 = DIRECTION ( 'NONE',  ( 0.000000000000000000, 0.000000000000000000, -1.000000000000000000 ) ) ;
#1724 = DIRECTION ( 'NONE',  ( 0.000000000000000000, 1.000000000000000000, 0.000000000000000000 ) ) ;
#1725 = ADVANCED_FACE ( 'NONE', ( #1812 ), #69, .T. ) ;
#1726 = ORIENTED_EDGE ( 'NONE', *, *, #429, .T. ) ;
#1727 = LINE ( 'NONE', #2349, #999 ) ;
#1728 = CARTESIAN_POINT ( 'NONE',  ( 5.799999999999999822, 0.7999999999999999334, 3.634999999999999343 ) ) ;
#1729 = ORIENTED_EDGE ( 'NONE', *, *, #1327, .F. ) ;
#1730 = CIRCLE ( 'NONE', #2736, 0.5000000000000004441 ) ;
#1731 = DIRECTION ( 'NONE',  ( 0.000000000000000000, 0.000000000000000000, -1.000000000000000000 ) ) ;
#1732 = CARTESIAN_POINT ( 'NONE',  ( -4.680000000000000604, 0.6999999999999999556, 3.099999999999998757 ) ) ;
#1733 = ORIENTED_EDGE ( 'NONE', *, *, #2663, .T. ) ;
#1734 = CARTESIAN_POINT ( 'NONE',  ( 7.449999999999999289, 0.7999999999999999334, 4.950000000000001066 ) ) ;
#1735 = ORIENTED_EDGE ( 'NONE', *, *, #1749, .T. ) ;
#1736 = FACE_OUTER_BOUND ( 'NONE', #2048, .T. ) ;
#1737 = CARTESIAN_POINT ( 'NONE',  ( -7.449999999999999289, 11.50000000000000178, -4.949999999999999289 ) ) ;
#1738 =( NAMED_UNIT ( * ) SI_UNIT ( $, .STERADIAN. ) SOLID_ANGLE_UNIT ( ) );
#1739 = ORIENTED_EDGE ( 'NONE', *, *, #1405, .F. ) ;
#1740 = EDGE_CURVE ( 'NONE', #553, #990, #2489, .T. ) ;
#1741 = LINE ( 'NONE', #2581, #484 ) ;
#1742 = DIRECTION ( 'NONE',  ( 1.000000000000000000, 0.000000000000000000, 0.000000000000000000 ) ) ;
#1743 = MECHANICAL_DESIGN_GEOMETRIC_PRESENTATION_REPRESENTATION (  '', ( #2402 ), #2716 ) ;
#1744 = ORIENTED_EDGE ( 'NONE', *, *, #2666, .F. ) ;
#1745 = CARTESIAN_POINT ( 'NONE',  ( 1.699999999999998401, 0.5000000000000000000, 3.229999999999999094 ) ) ;
#1746 = DIRECTION ( 'NONE',  ( 0.000000000000000000, -1.000000000000000000, 0.000000000000000000 ) ) ;
#1747 = LINE ( 'NONE', #1551, #2286 ) ;
#1748 = AXIS2_PLACEMENT_3D ( 'NONE', #739, #1966, #542 ) ;
#1749 = EDGE_CURVE ( 'NONE', #441, #985, #103, .T. ) ;
#1750 = ORIENTED_EDGE ( 'NONE', *, *, #2246, .F. ) ;
#1751 = DIRECTION ( 'NONE',  ( -0.000000000000000000, 0.000000000000000000, 1.000000000000000000 ) ) ;
#1752 = AXIS2_PLACEMENT_3D ( 'NONE', #2596, #1987, #947 ) ;
#1753 =( NAMED_UNIT ( * ) SI_UNIT ( $, .STERADIAN. ) SOLID_ANGLE_UNIT ( ) );
#1754 = UNCERTAINTY_MEASURE_WITH_UNIT (LENGTH_MEASURE( 1.000000000000000082E-05 ), #932, 'distance_accuracy_value', 'NONE');
#1755 = ORIENTED_EDGE ( 'NONE', *, *, #2512, .T. ) ;
#1756 = DIRECTION ( 'NONE',  ( 1.606225440719264148E-15, -0.000000000000000000, 1.000000000000000000 ) ) ;
#1757 = LINE ( 'NONE', #300, #1175 ) ;
#1758 = EDGE_CURVE ( 'NONE', #490, #184, #914, .T. ) ;
#1759 = ORIENTED_EDGE ( 'NONE', *, *, #56, .F. ) ;
#1760 = STYLED_ITEM ( 'NONE', ( #1246 ), #105 ) ;
#1761 = PLANE ( 'NONE',  #1748 ) ;
#1762 = VECTOR ( 'NONE', #1021, 1000.000000000000000 ) ;
#1763 = AXIS2_PLACEMENT_3D ( 'NONE', #1850, #1873, #154 ) ;
#1764 = LINE ( 'NONE', #2588, #1003 ) ;
#1765 = ORIENTED_EDGE ( 'NONE', *, *, #1384, .F. ) ;
#1766 = ORIENTED_EDGE ( 'NONE', *, *, #402, .F. ) ;
#1767 = LINE ( 'NONE', #496, #564 ) ;
#1768 = EDGE_CURVE ( 'NONE', #1676, #1852, #2600, .T. ) ;
#1769 = ORIENTED_EDGE ( 'NONE', *, *, #448, .T. ) ;
#1770 = CARTESIAN_POINT ( 'NONE',  ( 2.900000000000000355, 0.6999999999999999556, -3.229999999999996874 ) ) ;
#1771 = CARTESIAN_POINT ( 'NONE',  ( -7.449999999999999289, 0.7999999999999999334, 4.950000000000001066 ) ) ;
#1772 = VERTEX_POINT ( 'NONE', #1368 ) ;
#1773 = CARTESIAN_POINT ( 'NONE',  ( 2.899999999999999023, 0.6999999999999999556, 2.229999999999998650 ) ) ;
#1774 = PLANE ( 'NONE',  #2160 ) ;
#1775 = AXIS2_PLACEMENT_3D ( 'NONE', #868, #262, #1091 ) ;
#1776 = ORIENTED_EDGE ( 'NONE', *, *, #2602, .F. ) ;
#1777 = ORIENTED_EDGE ( 'NONE', *, *, #1647, .T. ) ;
#1778 = PLANE ( 'NONE',  #430 ) ;
#1779 = ORIENTED_EDGE ( 'NONE', *, *, #2033, .T. ) ;
#1780 = CARTESIAN_POINT ( 'NONE',  ( -4.879999999999999893, 0.6999999999999999556, -2.730790504118330254E-15 ) ) ;
#1781 = DIRECTION ( 'NONE',  ( 0.000000000000000000, 1.000000000000000000, -1.734723475976803939E-15 ) ) ;
#1782 = ORIENTED_EDGE ( 'NONE', *, *, #643, .F. ) ;
#1783 = EDGE_CURVE ( 'NONE', #1876, #1965, #2322, .T. ) ;
#1784 = VERTEX_POINT ( 'NONE', #2636 ) ;
#1785 = AXIS2_PLACEMENT_3D ( 'NONE', #757, #139, #602 ) ;
#1786 = CARTESIAN_POINT ( 'NONE',  ( 7.449999999999999289, 11.50000000000000178, -4.949999999999999289 ) ) ;
#1787 = FACE_OUTER_BOUND ( 'NONE', #761, .T. ) ;
#1788 = VECTOR ( 'NONE', #782, 1000.000000000000000 ) ;
#1789 = ORIENTED_EDGE ( 'NONE', *, *, #2711, .F. ) ;
#1790 = ADVANCED_FACE ( 'NONE', ( #751 ), #1586, .F. ) ;
#1791 = DIRECTION ( 'NONE',  ( -0.000000000000000000, -1.000000000000000000, -0.000000000000000000 ) ) ;
#1792 = EDGE_LOOP ( 'NONE', ( #645, #1721, #67, #1487 ) ) ;
#1793 = CARTESIAN_POINT ( 'NONE',  ( -4.879999999999998117, 0.6999999999999999556, -3.100000000000000089 ) ) ;
#1794 = LINE ( 'NONE', #1999, #1653 ) ;
#1795 = ORIENTED_EDGE ( 'NONE', *, *, #1507, .F. ) ;
#1796 = DIRECTION ( 'NONE',  ( -1.000000000000000000, -0.000000000000000000, -9.745637505487692338E-16 ) ) ;
#1797 = CARTESIAN_POINT ( 'NONE',  ( 0.000000000000000000, 0.7999999999999999334, 0.000000000000000000 ) ) ;
#1798 = ADVANCED_FACE ( 'NONE', ( #491 ), #1176, .F. ) ;
#1799 = AXIS2_PLACEMENT_3D ( 'NONE', #1039, #2544, #1932 ) ;
#1800 = CIRCLE ( 'NONE', #1396, 0.4000000000000001887 ) ;
#1801 = VECTOR ( 'NONE', #2225, 1000.000000000000000 ) ;
#1802 = CARTESIAN_POINT ( 'NONE',  ( 5.800000000000000711, 0.7999999999999999334, -3.634999999999997566 ) ) ;
#1803 =( GEOMETRIC_REPRESENTATION_CONTEXT ( 3 ) GLOBAL_UNCERTAINTY_ASSIGNED_CONTEXT ( ( #2143 ) ) GLOBAL_UNIT_ASSIGNED_CONTEXT ( ( #1624, #1001, #18 ) ) REPRESENTATION_CONTEXT ( 'NONE', 'WORKASPACE' ) );
#1804 = AXIS2_PLACEMENT_3D ( 'NONE', #1024, #2519, #2603 ) ;
#1805 = EDGE_CURVE ( 'NONE', #32, #292, #2013, .T. ) ;
#1806 = PLANE ( 'NONE',  #525 ) ;
#1807 = CARTESIAN_POINT ( 'NONE',  ( -5.080000000000000959, 0.7999999999999999334, 3.099999999999996092 ) ) ;
#1808 = DIRECTION ( 'NONE',  ( 0.000000000000000000, -0.000000000000000000, 1.000000000000000000 ) ) ;
#1809 = CARTESIAN_POINT ( 'NONE',  ( 5.799999999999999822, -7.782623792124925721, 3.984999999999998987 ) ) ;
#1810 = EDGE_CURVE ( 'NONE', #1234, #1014, #763, .T. ) ;
#1811 = ORIENTED_EDGE ( 'NONE', *, *, #1409, .T. ) ;
#1812 = FACE_OUTER_BOUND ( 'NONE', #2617, .T. ) ;
#1813 = CARTESIAN_POINT ( 'NONE',  ( 1.900000000000000133, 0.6999999999999999556, -3.229999999999996874 ) ) ;
#1814 = ADVANCED_FACE ( 'NONE', ( #2026 ), #1239, .F. ) ;
#1815 = ADVANCED_FACE ( 'NONE', ( #1403 ), #975, .F. ) ;
#1816 = CARTESIAN_POINT ( 'NONE',  ( -4.679999999999995275, 0.7999999999999999334, -3.500000000000001332 ) ) ;
#1817 = AXIS2_PLACEMENT_3D ( 'NONE', #2568, #686, #1519 ) ;
#1818 = CARTESIAN_POINT ( 'NONE',  ( -4.249999999999999112, 0.5000000000000000000, 4.950000000000001066 ) ) ;
#1819 = FILL_AREA_STYLE ('',( #1856 ) ) ;
#1820 = CARTESIAN_POINT ( 'NONE',  ( 4.679999999999997051, 0.7999999999999999334, 2.229999999999998650 ) ) ;
#1821 = LINE ( 'NONE', #381, #2411 ) ;
#1822 = VERTEX_POINT ( 'NONE', #1197 ) ;
#1823 = EDGE_CURVE ( 'NONE', #490, #2298, #377, .T. ) ;
#1824 = CARTESIAN_POINT ( 'NONE',  ( 7.749999999999999112, 11.50000000000000178, 5.250000000000000000 ) ) ;
#1825 = LINE ( 'NONE', #518, #1846 ) ;
#1826 = EDGE_LOOP ( 'NONE', ( #885, #1744, #1164, #1082 ) ) ;
#1827 = PLANE ( 'NONE',  #660 ) ;
#1828 = ADVANCED_FACE ( 'NONE', ( #355 ), #2291, .T. ) ;
#1829 = AXIS2_PLACEMENT_3D ( 'NONE', #1571, #1973, #512 ) ;
#1830 = CARTESIAN_POINT ( 'NONE',  ( -4.249999999999999112, 0.5000000000000000000, -4.950000000000000178 ) ) ;
#1831 = CARTESIAN_POINT ( 'NONE',  ( -5.249999999999999112, 0.5000000000000000000, 5.250000000000000000 ) ) ;
#1832 = FACE_OUTER_BOUND ( 'NONE', #368, .T. ) ;
#1833 = AXIS2_PLACEMENT_3D ( 'NONE', #1153, #1990, #92 ) ;
#1834 = ORIENTED_EDGE ( 'NONE', *, *, #1097, .F. ) ;
#1835 = DIRECTION ( 'NONE',  ( 0.000000000000000000, -1.000000000000000000, 0.000000000000000000 ) ) ;
#1836 = CARTESIAN_POINT ( 'NONE',  ( -7.449999999999999289, 11.50000000000000178, -4.949999999999999289 ) ) ;
#1837 = EDGE_CURVE ( 'NONE', #2231, #1275, #1225, .T. ) ;
#1838 = EDGE_LOOP ( 'NONE', ( #849, #146, #1652, #2104 ) ) ;
#1839 = ORIENTED_EDGE ( 'NONE', *, *, #1749, .F. ) ;
#1840 = CARTESIAN_POINT ( 'NONE',  ( 3.259999999999998899, 0.7999999999999999334, 3.634999999999999343 ) ) ;
#1841 = AXIS2_PLACEMENT_3D ( 'NONE', #2559, #2706, #1338 ) ;
#1842 = AXIS2_PLACEMENT_3D ( 'NONE', #376, #600, #2690 ) ;
#1843 = LINE ( 'NONE', #548, #76 ) ;
#1844 = FACE_OUTER_BOUND ( 'NONE', #2556, .T. ) ;
#1845 = ADVANCED_FACE ( 'NONE', ( #2656 ), #798, .T. ) ;
#1846 = VECTOR ( 'NONE', #2229, 1000.000000000000000 ) ;
#1847 = CARTESIAN_POINT ( 'NONE',  ( 5.799999999999999822, -3.499999999999999556, 3.634999999999999343 ) ) ;
#1848 = DIRECTION ( 'NONE',  ( -5.595882180570349124E-16, -0.000000000000000000, 1.000000000000000000 ) ) ;
#1849 = ORIENTED_EDGE ( 'NONE', *, *, #2086, .F. ) ;
#1850 = CARTESIAN_POINT ( 'NONE',  ( 1.978364413614001424E-15, 0.6999999999999999556, -2.029999999999999805 ) ) ;
#1851 = ORIENTED_EDGE ( 'NONE', *, *, #320, .T. ) ;
#1852 = VERTEX_POINT ( 'NONE', #130 ) ;
#1853 = FACE_OUTER_BOUND ( 'NONE', #1370, .T. ) ;
#1854 = EDGE_CURVE ( 'NONE', #553, #2643, #2670, .T. ) ;
#1855 = DIRECTION ( 'NONE',  ( 0.000000000000000000, 0.000000000000000000, -1.000000000000000000 ) ) ;
#1856 = FILL_AREA_STYLE_COLOUR ( '', #1642 ) ;
#1857 = DIRECTION ( 'NONE',  ( 0.000000000000000000, 1.000000000000000000, 0.000000000000000000 ) ) ;
#1858 = ORIENTED_EDGE ( 'NONE', *, *, #856, .F. ) ;
#1859 =( LENGTH_UNIT ( ) NAMED_UNIT ( * ) SI_UNIT ( .MILLI., .METRE. ) );
#1860 = FACE_OUTER_BOUND ( 'NONE', #2699, .T. ) ;
#1861 = ADVANCED_FACE ( 'NONE', ( #144 ), #2444, .F. ) ;
#1862 = EDGE_LOOP ( 'NONE', ( #1465, #216, #635, #857 ) ) ;
#1863 = ORIENTED_EDGE ( 'NONE', *, *, #7, .T. ) ;
#1864 = DIRECTION ( 'NONE',  ( 0.000000000000000000, -1.000000000000000000, 0.000000000000000000 ) ) ;
#1865 = CLOSED_SHELL ( 'NONE', ( #792, #16, #2692, #1701, #2096, #2171 ) ) ;
#1866 = EDGE_CURVE ( 'NONE', #1258, #985, #1416, .T. ) ;
#1867 = ORIENTED_EDGE ( 'NONE', *, *, #2129, .F. ) ;
#1868 = CARTESIAN_POINT ( 'NONE',  ( 1.899999999999999023, 0.6999999999999999556, 3.499999999999998668 ) ) ;
#1869 = FACE_OUTER_BOUND ( 'NONE', #1072, .T. ) ;
#1870 = DIRECTION ( 'NONE',  ( 1.000000000000000000, 0.000000000000000000, 0.000000000000000000 ) ) ;
#1871 = CARTESIAN_POINT ( 'NONE',  ( -7.449999999999999289, 11.50000000000000178, -5.249999999999999112 ) ) ;
#1872 = ORIENTED_EDGE ( 'NONE', *, *, #828, .F. ) ;
#1873 = DIRECTION ( 'NONE',  ( 1.000000000000000000, 0.000000000000000000, 9.745637505487692338E-16 ) ) ;
#1874 = CYLINDRICAL_SURFACE ( 'NONE', #1227, 0.1999999999999996503 ) ;
#1875 = CIRCLE ( 'NONE', #697, 0.1999999999999998723 ) ;
#1876 = VERTEX_POINT ( 'NONE', #1609 ) ;
#1877 = VECTOR ( 'NONE', #529, 1000.000000000000000 ) ;
#1878 = ORIENTED_EDGE ( 'NONE', *, *, #1116, .T. ) ;
#1879 = LINE ( 'NONE', #2123, #252 ) ;
#1880 = ORIENTED_EDGE ( 'NONE', *, *, #2562, .F. ) ;
#1881 = VECTOR ( 'NONE', #931, 1000.000000000000000 ) ;
#1882 = DIRECTION ( 'NONE',  ( -0.000000000000000000, -0.000000000000000000, -1.000000000000000000 ) ) ;
#1883 = DIRECTION ( 'NONE',  ( 0.000000000000000000, 0.000000000000000000, 1.000000000000000000 ) ) ;
#1884 = DIRECTION ( 'NONE',  ( 0.000000000000000000, 0.000000000000000000, 1.000000000000000000 ) ) ;
#1885 = DIRECTION ( 'NONE',  ( 1.000000000000000000, 0.000000000000000000, -1.239088197126291261E-15 ) ) ;
#1886 = AXIS2_PLACEMENT_3D ( 'NONE', #432, #628, #2703 ) ;
#1887 = ORIENTED_EDGE ( 'NONE', *, *, #2157, .F. ) ;
#1888 = AXIS2_PLACEMENT_3D ( 'NONE', #1444, #2038, #1240 ) ;
#1889 = VECTOR ( 'NONE', #2523, 1000.000000000000000 ) ;
#1890 = ADVANCED_FACE ( 'NONE', ( #383 ), #554, .T. ) ;
#1891 = PRESENTATION_STYLE_ASSIGNMENT (( #259 ) ) ;
#1892 = FILL_AREA_STYLE ('',( #1045 ) ) ;
#1893 = VERTEX_POINT ( 'NONE', #581 ) ;
#1894 = DIRECTION ( 'NONE',  ( 1.000000000000000000, 0.000000000000000000, -4.336808689942016158E-15 ) ) ;
#1895 = ORIENTED_EDGE ( 'NONE', *, *, #448, .F. ) ;
#1896 = MANIFOLD_SOLID_BREP ( 'Boss-Extrude3[3]', #2700 ) ;
#1897 = DIRECTION ( 'NONE',  ( -0.000000000000000000, 1.000000000000000000, -0.000000000000000000 ) ) ;
#1898 = EDGE_CURVE ( 'NONE', #1461, #2564, #1906, .T. ) ;
#1899 = ORIENTED_EDGE ( 'NONE', *, *, #2644, .T. ) ;
#1900 = PLANE ( 'NONE',  #1799 ) ;
#1901 = DIRECTION ( 'NONE',  ( 0.000000000000000000, -0.000000000000000000, 1.000000000000000000 ) ) ;
#1902 = LINE ( 'NONE', #880, #1699 ) ;
#1903 = DIRECTION ( 'NONE',  ( -1.000000000000000000, 0.000000000000000000, -6.590894665565380599E-16 ) ) ;
#1904 = ORIENTED_EDGE ( 'NONE', *, *, #487, .T. ) ;
#1905 = AXIS2_PLACEMENT_3D ( 'NONE', #2134, #2509, #1903 ) ;
#1906 = LINE ( 'NONE', #2729, #1889 ) ;
#1907 = FACE_OUTER_BOUND ( 'NONE', #2696, .T. ) ;
#1908 = MANIFOLD_SOLID_BREP ( 'Boss-Extrude3[4]', #232 ) ;
#1909 = ADVANCED_FACE ( 'NONE', ( #2565 ), #369, .T. ) ;
#1910 = EDGE_LOOP ( 'NONE', ( #2356, #1928, #1273, #333 ) ) ;
#1911 = DIRECTION ( 'NONE',  ( -4.336808689942015369E-15, 0.000000000000000000, -1.000000000000000000 ) ) ;
#1912 = DIRECTION ( 'NONE',  ( 0.000000000000000000, 0.000000000000000000, 1.000000000000000000 ) ) ;
#1913 = EDGE_LOOP ( 'NONE', ( #532, #877, #770, #1270 ) ) ;
#1914 = FACE_OUTER_BOUND ( 'NONE', #1826, .T. ) ;
#1915 = VERTEX_POINT ( 'NONE', #637 ) ;
#1916 = PLANE ( 'NONE',  #2671 ) ;
#1917 = EDGE_CURVE ( 'NONE', #2731, #1608, #2552, .T. ) ;
#1918 = LINE ( 'NONE', #1527, #859 ) ;
#1919 = DIRECTION ( 'NONE',  ( 0.000000000000000000, 0.000000000000000000, 1.000000000000000000 ) ) ;
#1920 = ORIENTED_EDGE ( 'NONE', *, *, #606, .F. ) ;
#1921 = CARTESIAN_POINT ( 'NONE',  ( 2.899999999999999023, 0.7999999999999999334, 2.229999999999998650 ) ) ;
#1922 = VECTOR ( 'NONE', #2035, 1000.000000000000000 ) ;
#1923 = EDGE_LOOP ( 'NONE', ( #897, #865, #605, #2012 ) ) ;
#1924 = VECTOR ( 'NONE', #2648, 1000.000000000000000 ) ;
#1925 = CARTESIAN_POINT ( 'NONE',  ( -6.450000000000001066, 0.7999999999999999334, -3.460000000000002629 ) ) ;
#1926 = CARTESIAN_POINT ( 'NONE',  ( 1.699999999999994849, 0.5000000000000000000, 2.730583249222740572E-15 ) ) ;
#1927 = EDGE_CURVE ( 'NONE', #2414, #189, #883, .T. ) ;
#1928 = ORIENTED_EDGE ( 'NONE', *, *, #1984, .T. ) ;
#1929 = AXIS2_PLACEMENT_3D ( 'NONE', #2685, #1187, #2495 ) ;
#1930 = FACE_OUTER_BOUND ( 'NONE', #2717, .T. ) ;
#1931 = ORIENTED_EDGE ( 'NONE', *, *, #2683, .F. ) ;
#1932 = DIRECTION ( 'NONE',  ( 2.369840814175974061E-16, 0.000000000000000000, -1.000000000000000000 ) ) ;
#1933 = DIRECTION ( 'NONE',  ( 1.000000000000000000, 0.000000000000000000, -0.000000000000000000 ) ) ;
#1934 = LINE ( 'NONE', #13, #2393 ) ;
#1935 = EDGE_CURVE ( 'NONE', #2325, #1569, #1500, .T. ) ;
#1936 = ORIENTED_EDGE ( 'NONE', *, *, #1716, .T. ) ;
#1937 = DIRECTION ( 'NONE',  ( -2.168404344971008079E-15, -0.000000000000000000, -1.000000000000000000 ) ) ;
#1938 =( NAMED_UNIT ( * ) PLANE_ANGLE_UNIT ( ) SI_UNIT ( $, .RADIAN. ) );
#1939 = CIRCLE ( 'NONE', #1046, 0.2000000000000000944 ) ;
#1940 = ORIENTED_EDGE ( 'NONE', *, *, #2365, .F. ) ;
#1941 = CARTESIAN_POINT ( 'NONE',  ( 5.799999999999999822, -7.782623792124925721, 3.634999999999999343 ) ) ;
#1942 = LINE ( 'NONE', #39, #1651 ) ;
#1943 = AXIS2_PLACEMENT_3D ( 'NONE', #264, #1126, #1901 ) ;
#1944 = ORIENTED_EDGE ( 'NONE', *, *, #43, .F. ) ;
#1945 = DIRECTION ( 'NONE',  ( -0.000000000000000000, -1.000000000000000000, -0.000000000000000000 ) ) ;
#1946 = ORIENTED_EDGE ( 'NONE', *, *, #394, .F. ) ;
#1947 = EDGE_CURVE ( 'NONE', #2701, #2325, #1294, .T. ) ;
#1948 = FACE_OUTER_BOUND ( 'NONE', #1838, .T. ) ;
#1949 = CARTESIAN_POINT ( 'NONE',  ( 2.899999999999999023, 0.7999999999999999334, 2.229999999999998650 ) ) ;
#1950 = FILL_AREA_STYLE ('',( #2577 ) ) ;
#1951 = ORIENTED_EDGE ( 'NONE', *, *, #364, .T. ) ;
#1952 = CARTESIAN_POINT ( 'NONE',  ( 7.449999999999999289, 0.5000000000000000000, -4.950000000000000178 ) ) ;
#1953 = SURFACE_SIDE_STYLE ('',( #2146 ) ) ;
#1954 = ORIENTED_EDGE ( 'NONE', *, *, #1604, .T. ) ;
#1955 = DIRECTION ( 'NONE',  ( -0.000000000000000000, -0.000000000000000000, 1.000000000000000000 ) ) ;
#1956 = DIRECTION ( 'NONE',  ( -0.000000000000000000, 1.000000000000000000, -0.000000000000000000 ) ) ;
#1957 = CARTESIAN_POINT ( 'NONE',  ( 6.500000000000000000, 0.7999999999999999334, -3.634999999999997566 ) ) ;
#1958 = VERTEX_POINT ( 'NONE', #51 ) ;
#1959 = CYLINDRICAL_SURFACE ( 'NONE', #1313, 0.4000000000000001887 ) ;
#1960 = CARTESIAN_POINT ( 'NONE',  ( 5.800000000000000711, -3.499999999999999556, -3.634999999999997566 ) ) ;
#1961 = EDGE_CURVE ( 'NONE', #1432, #478, #623, .T. ) ;
#1962 = ORIENTED_EDGE ( 'NONE', *, *, #2365, .T. ) ;
#1963 = DIRECTION ( 'NONE',  ( 5.595882180570349124E-16, 0.000000000000000000, -1.000000000000000000 ) ) ;
#1964 = PRESENTATION_STYLE_ASSIGNMENT (( #899 ) ) ;
#1965 = VERTEX_POINT ( 'NONE', #2131 ) ;
#1966 = DIRECTION ( 'NONE',  ( -4.336808689942025625E-15, 0.000000000000000000, -1.000000000000000000 ) ) ;
#1967 = DIRECTION ( 'NONE',  ( 0.000000000000000000, 0.000000000000000000, 1.000000000000000000 ) ) ;
#1968 = CARTESIAN_POINT ( 'NONE',  ( 3.959999999999999964, -3.499999999999999556, -3.634999999999998455 ) ) ;
#1969 = ORIENTED_EDGE ( 'NONE', *, *, #1823, .F. ) ;
#1970 = FACE_OUTER_BOUND ( 'NONE', #87, .T. ) ;
#1971 = VERTEX_POINT ( 'NONE', #2307 ) ;
#1972 = PLANE ( 'NONE',  #2673 ) ;
#1973 = DIRECTION ( 'NONE',  ( 0.000000000000000000, -1.000000000000000000, 0.000000000000000000 ) ) ;
#1974 = EDGE_LOOP ( 'NONE', ( #2428, #1718, #1739, #672, #2102, #1512, #676, #309 ) ) ;
#1975 = VECTOR ( 'NONE', #944, 1000.000000000000000 ) ;
#1976 = LINE ( 'NONE', #533, #467 ) ;
#1977 = LINE ( 'NONE', #2613, #2460 ) ;
#1978 = CIRCLE ( 'NONE', #955, 0.2000000000000000944 ) ;
#1979 = AXIS2_PLACEMENT_3D ( 'NONE', #1073, #2094, #2536 ) ;
#1980 = LINE ( 'NONE', #83, #2020 ) ;
#1981 = ORIENTED_EDGE ( 'NONE', *, *, #183, .T. ) ;
#1982 = CARTESIAN_POINT ( 'NONE',  ( -4.680000000000000604, 0.7999999999999999334, 3.099999999999998757 ) ) ;
#1983 = SHAPE_DEFINITION_REPRESENTATION ( #2570, #776 ) ;
#1984 = EDGE_CURVE ( 'NONE', #1958, #1876, #1665, .T. ) ;
#1985 = VERTEX_POINT ( 'NONE', #1921 ) ;
#1986 = CARTESIAN_POINT ( 'NONE',  ( -7.749999999999999112, 0.5000000000000000000, 4.950000000000000178 ) ) ;
#1987 = DIRECTION ( 'NONE',  ( 0.000000000000000000, 1.000000000000000000, 0.000000000000000000 ) ) ;
#1988 = ORIENTED_EDGE ( 'NONE', *, *, #1611, .F. ) ;
#1989 = ORIENTED_EDGE ( 'NONE', *, *, #1576, .T. ) ;
#1990 = DIRECTION ( 'NONE',  ( -1.000000000000000000, 0.000000000000000000, 0.000000000000000000 ) ) ;
#1991 = DIRECTION ( 'NONE',  ( 0.000000000000000000, -0.000000000000000000, 1.000000000000000000 ) ) ;
#1992 = EDGE_CURVE ( 'NONE', #1200, #1971, #1727, .T. ) ;
#1993 = ORIENTED_EDGE ( 'NONE', *, *, #1462, .T. ) ;
#1994 = ORIENTED_EDGE ( 'NONE', *, *, #1005, .T. ) ;
#1995 = CYLINDRICAL_SURFACE ( 'NONE', #2202, 1.000000000000000000 ) ;
#1996 = ORIENTED_EDGE ( 'NONE', *, *, #1545, .F. ) ;
#1997 = EDGE_CURVE ( 'NONE', #808, #2516, #922, .T. ) ;
#1998 = DIRECTION ( 'NONE',  ( -0.000000000000000000, -1.000000000000000000, -0.000000000000000000 ) ) ;
#1999 = CARTESIAN_POINT ( 'NONE',  ( 5.799999999999999822, 0.7999999999999999334, 3.634999999999999343 ) ) ;
#2000 = VERTEX_POINT ( 'NONE', #34 ) ;
#2001 = ORIENTED_EDGE ( 'NONE', *, *, #1423, .T. ) ;
#2002 = CARTESIAN_POINT ( 'NONE',  ( 2.899999999999999023, 0.6999999999999999556, 2.229999999999998650 ) ) ;
#2003 = DIRECTION ( 'NONE',  ( 0.000000000000000000, 0.000000000000000000, 1.000000000000000000 ) ) ;
#2004 = DIRECTION ( 'NONE',  ( 0.000000000000000000, -1.000000000000000000, -1.734723475976804333E-15 ) ) ;
#2005 = EDGE_CURVE ( 'NONE', #1479, #1106, #17, .T. ) ;
#2006 = CARTESIAN_POINT ( 'NONE',  ( 0.000000000000000000, 0.7999999999999999334, 0.000000000000000000 ) ) ;
#2007 = DIRECTION ( 'NONE',  ( 1.000000000000000000, 0.000000000000000000, 0.000000000000000000 ) ) ;
#2008 = VECTOR ( 'NONE', #748, 1000.000000000000000 ) ;
#2009 = CARTESIAN_POINT ( 'NONE',  ( 4.879999999999999893, 0.6999999999999999556, -1.829999999999992299 ) ) ;
#2010 = DIRECTION ( 'NONE',  ( 1.239088197126290669E-15, 0.000000000000000000, 1.000000000000000000 ) ) ;
#2011 = ADVANCED_FACE ( 'NONE', ( #651 ), #442, .T. ) ;
#2012 = ORIENTED_EDGE ( 'NONE', *, *, #237, .T. ) ;
#2013 = LINE ( 'NONE', #965, #1924 ) ;
#2014 = CARTESIAN_POINT ( 'NONE',  ( -4.679999999999998828, 0.6999999999999999556, 3.499999999999998668 ) ) ;
#2015 = CIRCLE ( 'NONE', #657, 0.2000000000000000944 ) ;
#2016 = AXIS2_PLACEMENT_3D ( 'NONE', #2006, #1008, #150 ) ;
#2017 = AXIS2_PLACEMENT_3D ( 'NONE', #752, #104, #119 ) ;
#2018 = CIRCLE ( 'NONE', #2721, 0.1999999999999996503 ) ;
#2019 = CARTESIAN_POINT ( 'NONE',  ( 6.500000000000000000, -7.782623792124925721, -3.634999999999997566 ) ) ;
#2020 = VECTOR ( 'NONE', #2554, 1000.000000000000000 ) ;
#2021 = CARTESIAN_POINT ( 'NONE',  ( 2.899999999999998579, 0.7999999999999999334, 3.229999999999998650 ) ) ;
#2022 =( LENGTH_UNIT ( ) NAMED_UNIT ( * ) SI_UNIT ( .MILLI., .METRE. ) );
#2023 = CARTESIAN_POINT ( 'NONE',  ( 5.249999999999999112, 0.5000000000000000000, -5.249999999999998224 ) ) ;
#2024 = CARTESIAN_POINT ( 'NONE',  ( 2.900000000000000355, 0.5000000000000000000, -2.029999999999996696 ) ) ;
#2025 = EDGE_LOOP ( 'NONE', ( #1769, #1735, #1417, #2407 ) ) ;
#2026 = FACE_OUTER_BOUND ( 'NONE', #2296, .T. ) ;
#2027 = DIRECTION ( 'NONE',  ( 0.000000000000000000, 0.000000000000000000, 1.000000000000000000 ) ) ;
#2028 = ORIENTED_EDGE ( 'NONE', *, *, #929, .T. ) ;
#2029 = LINE ( 'NONE', #137, #1711 ) ;
#2030 = AXIS2_PLACEMENT_3D ( 'NONE', #1714, #1894, #1911 ) ;
#2031 = LINE ( 'NONE', #576, #297 ) ;
#2032 = CARTESIAN_POINT ( 'NONE',  ( -7.449999999999999289, 11.50000000000000178, 4.950000000000000178 ) ) ;
#2033 = EDGE_CURVE ( 'NONE', #1965, #558, #1183, .T. ) ;
#2034 = LINE ( 'NONE', #140, #2207 ) ;
#2035 = DIRECTION ( 'NONE',  ( 1.000000000000000000, 0.000000000000000000, 0.000000000000000000 ) ) ;
#2036 = ORIENTED_EDGE ( 'NONE', *, *, #1208, .T. ) ;
#2037 = DIRECTION ( 'NONE',  ( 1.000000000000000000, 0.000000000000000000, 0.000000000000000000 ) ) ;
#2038 = DIRECTION ( 'NONE',  ( 0.000000000000000000, -1.734723475976807292E-15, -1.000000000000000000 ) ) ;
#2039 = ORIENTED_EDGE ( 'NONE', *, *, #1423, .F. ) ;
#2040 = EDGE_CURVE ( 'NONE', #374, #1479, #528, .T. ) ;
#2041 = ORIENTED_EDGE ( 'NONE', *, *, #921, .F. ) ;
#2042 = DIRECTION ( 'NONE',  ( -1.000000000000000000, 0.000000000000000000, 0.000000000000000000 ) ) ;
#2043 = CARTESIAN_POINT ( 'NONE',  ( -4.679999999999995275, 0.6999999999999999556, -3.300000000000001155 ) ) ;
#2044 = VECTOR ( 'NONE', #224, 1000.000000000000000 ) ;
#2045 = LINE ( 'NONE', #2466, #31 ) ;
#2046 = CARTESIAN_POINT ( 'NONE',  ( 2.900000000000000355, 0.7999999999999999334, -2.229999999999996874 ) ) ;
#2047 = VECTOR ( 'NONE', #771, 1000.000000000000000 ) ;
#2048 = EDGE_LOOP ( 'NONE', ( #2567, #308, #1759, #304 ) ) ;
#2049 = DIRECTION ( 'NONE',  ( 0.000000000000000000, 1.000000000000000000, 0.000000000000000000 ) ) ;
#2050 = CARTESIAN_POINT ( 'NONE',  ( 2.900000000000000355, 0.6999999999999999556, -2.029999999999996696 ) ) ;
#2051 = EDGE_CURVE ( 'NONE', #1585, #1174, #2431, .T. ) ;
#2052 = ORIENTED_EDGE ( 'NONE', *, *, #766, .T. ) ;
#2053 = ORIENTED_EDGE ( 'NONE', *, *, #1367, .T. ) ;
#2054 = LINE ( 'NONE', #1589, #2594 ) ;
#2055 = COLOUR_RGB ( '',0.2509803921568627416, 0.2509803921568627416, 0.2509803921568627416 ) ;
#2056 = VECTOR ( 'NONE', #2691, 1000.000000000000000 ) ;
#2057 = VECTOR ( 'NONE', #924, 1000.000000000000000 ) ;
#2058 = CARTESIAN_POINT ( 'NONE',  ( 0.000000000000000000, 11.50000000000000178, 4.950000000000000178 ) ) ;
#2059 = SURFACE_STYLE_FILL_AREA ( #1181 ) ;
#2060 = ADVANCED_FACE ( 'NONE', ( #1363 ), #2418, .T. ) ;
#2061 = AXIS2_PLACEMENT_3D ( 'NONE', #728, #1392, #2187 ) ;
#2062 = AXIS2_PLACEMENT_3D ( 'NONE', #2176, #2074, #1538 ) ;
#2063 = CARTESIAN_POINT ( 'NONE',  ( -4.249999999999998224, 0.5000000000000000000, -5.249999999999998224 ) ) ;
#2064 = DIRECTION ( 'NONE',  ( 0.000000000000000000, 1.000000000000000000, 0.000000000000000000 ) ) ;
#2065 = ORIENTED_EDGE ( 'NONE', *, *, #1409, .F. ) ;
#2066 = FILL_AREA_STYLE ('',( #1209 ) ) ;
#2067 = CARTESIAN_POINT ( 'NONE',  ( 4.749999999999999112, 0.5000000000000004441, -5.249999999999998224 ) ) ;
#2068 = ORIENTED_EDGE ( 'NONE', *, *, #1058, .T. ) ;
#2069 = ADVANCED_FACE ( 'NONE', ( #1543 ), #1359, .T. ) ;
#2070 = ORIENTED_EDGE ( 'NONE', *, *, #2518, .T. ) ;
#2071 = CARTESIAN_POINT ( 'NONE',  ( 6.500000000000000000, 0.7999999999999999334, -3.984999999999997211 ) ) ;
#2072 = ORIENTED_EDGE ( 'NONE', *, *, #43, .T. ) ;
#2073 = PRESENTATION_LAYER_ASSIGNMENT (  '', '', ( #1285 ) ) ;
#2074 = DIRECTION ( 'NONE',  ( 0.000000000000000000, 0.000000000000000000, 1.000000000000000000 ) ) ;
#2075 = DIRECTION ( 'NONE',  ( 0.000000000000000000, -0.000000000000000000, 1.000000000000000000 ) ) ;
#2076 = CARTESIAN_POINT ( 'NONE',  ( 3.259999999999999787, -3.499999999999999556, -3.634999999999998455 ) ) ;
#2077 = EDGE_CURVE ( 'NONE', #478, #950, #1583, .T. ) ;
#2078 = ORIENTED_EDGE ( 'NONE', *, *, #2718, .T. ) ;
#2079 = CARTESIAN_POINT ( 'NONE',  ( 7.449999999999999289, 42.32164522684905705, -5.249999999999999112 ) ) ;
#2080 = ORIENTED_EDGE ( 'NONE', *, *, #79, .F. ) ;
#2081 = ORIENTED_EDGE ( 'NONE', *, *, #344, .F. ) ;
#2082 = EDGE_CURVE ( 'NONE', #129, #436, #88, .T. ) ;
#2083 = DIRECTION ( 'NONE',  ( 0.000000000000000000, -0.000000000000000000, -1.000000000000000000 ) ) ;
#2084 = CLOSED_SHELL ( 'NONE', ( #631, #824, #762, #2728, #2339, #2698 ) ) ;
#2085 = ORIENTED_EDGE ( 'NONE', *, *, #2124, .T. ) ;
#2086 = EDGE_CURVE ( 'NONE', #2156, #742, #2018, .T. ) ;
#2087 =( NAMED_UNIT ( * ) PLANE_ANGLE_UNIT ( ) SI_UNIT ( $, .RADIAN. ) );
#2088 = STYLED_ITEM ( 'NONE', ( #1964 ), #1012 ) ;
#2089 = CARTESIAN_POINT ( 'NONE',  ( 7.449999999999999289, 42.32164522684905705, -4.949999999999999289 ) ) ;
#2090 = PLANE ( 'NONE',  #2364 ) ;
#2091 = CARTESIAN_POINT ( 'NONE',  ( 5.250000000000000000, 0.5000000000000000000, 4.950000000000001066 ) ) ;
#2092 = AXIS2_PLACEMENT_3D ( 'NONE', #2288, #407, #2508 ) ;
#2093 = EDGE_LOOP ( 'NONE', ( #754, #1312, #386, #1036 ) ) ;
#2094 = DIRECTION ( 'NONE',  ( -0.000000000000000000, -1.000000000000000000, -0.000000000000000000 ) ) ;
#2095 = FACE_OUTER_BOUND ( 'NONE', #1362, .T. ) ;
#2096 = ADVANCED_FACE ( 'NONE', ( #898 ), #1972, .F. ) ;
#2097 = VECTOR ( 'NONE', #6, 1000.000000000000000 ) ;
#2098 = VERTEX_POINT ( 'NONE', #511 ) ;
#2099 = AXIS2_PLACEMENT_3D ( 'NONE', #1172, #2010, #962 ) ;
#2100 = CARTESIAN_POINT ( 'NONE',  ( -5.080000000000000959, 0.6999999999999999556, 3.099999999999996092 ) ) ;
#2101 = EDGE_CURVE ( 'NONE', #2510, #1915, #733, .T. ) ;
#2102 = ORIENTED_EDGE ( 'NONE', *, *, #583, .T. ) ;
#2103 = CARTESIAN_POINT ( 'NONE',  ( 5.799999999999999822, -3.499999999999999556, 3.634999999999999343 ) ) ;
#2104 = ORIENTED_EDGE ( 'NONE', *, *, #718, .T. ) ;
#2105 = VECTOR ( 'NONE', #2678, 1000.000000000000000 ) ;
#2106 = CARTESIAN_POINT ( 'NONE',  ( -7.749999999999999112, 42.32164522684905705, 5.250000000000000000 ) ) ;
#2107 = CARTESIAN_POINT ( 'NONE',  ( 3.259999999999999787, -3.499999999999999556, -3.984999999999997211 ) ) ;
#2108 = DIRECTION ( 'NONE',  ( -0.000000000000000000, -1.000000000000000000, -0.000000000000000000 ) ) ;
#2109 = DIRECTION ( 'NONE',  ( 1.606225440719263951E-15, 0.000000000000000000, -1.000000000000000000 ) ) ;
#2110 = VECTOR ( 'NONE', #1450, 1000.000000000000000 ) ;
#2111 = EDGE_CURVE ( 'NONE', #2599, #654, #1741, .T. ) ;
#2112 = UNCERTAINTY_MEASURE_WITH_UNIT (LENGTH_MEASURE( 1.000000000000000082E-05 ), #1515, 'distance_accuracy_value', 'NONE');
#2113 = VERTEX_POINT ( 'NONE', #284 ) ;
#2114 = VECTOR ( 'NONE', #2649, 1000.000000000000000 ) ;
#2115 = VECTOR ( 'NONE', #1104, 1000.000000000000000 ) ;
#2116 = FILL_AREA_STYLE_COLOUR ( '', #160 ) ;
#2117 = CARTESIAN_POINT ( 'NONE',  ( 3.959999999999999964, -7.782623792124925721, -3.984999999999998099 ) ) ;
#2118 = ORIENTED_EDGE ( 'NONE', *, *, #967, .F. ) ;
#2119 = CARTESIAN_POINT ( 'NONE',  ( 7.749999999999999112, 0.5000000000000000000, 4.950000000000000178 ) ) ;
#2120 = CARTESIAN_POINT ( 'NONE',  ( -6.650000000000000355, -7.782623792124925721, -4.160000000000001918 ) ) ;
#2121 = ORIENTED_EDGE ( 'NONE', *, *, #109, .F. ) ;
#2122 = ADVANCED_FACE ( 'NONE', ( #499 ), #1557, .F. ) ;
#2123 = CARTESIAN_POINT ( 'NONE',  ( -6.650000000000001243, 0.7999999999999999334, -3.460000000000002629 ) ) ;
#2124 = EDGE_CURVE ( 'NONE', #2144, #1502, #1118, .T. ) ;
#2125 = ORIENTED_EDGE ( 'NONE', *, *, #2562, .T. ) ;
#2126 = CARTESIAN_POINT ( 'NONE',  ( -5.249999999999999112, 0.5000000000000000000, -5.249999999999998224 ) ) ;
#2127 = LINE ( 'NONE', #1483, #132 ) ;
#2128 = ORIENTED_EDGE ( 'NONE', *, *, #1810, .T. ) ;
#2129 = EDGE_CURVE ( 'NONE', #189, #2687, #299, .T. ) ;
#2130 = AXIS2_PLACEMENT_3D ( 'NONE', #1533, #2732, #1256 ) ;
#2131 = CARTESIAN_POINT ( 'NONE',  ( -5.079999999999997407, 0.6999999999999999556, -3.099999999999998757 ) ) ;
#2132 = LINE ( 'NONE', #1074, #1473 ) ;
#2133 = ORIENTED_EDGE ( 'NONE', *, *, #725, .T. ) ;
#2134 = CARTESIAN_POINT ( 'NONE',  ( -4.679999999999995275, 0.7999999999999999334, -3.500000000000001332 ) ) ;
#2135 = LINE ( 'NONE', #474, #775 ) ;
#2136 = EDGE_LOOP ( 'NONE', ( #1694, #1766, #1196, #410 ) ) ;
#2137 = CARTESIAN_POINT ( 'NONE',  ( 7.449999999999999289, 0.5000000000000000000, -4.950000000000000178 ) ) ;
#2138 = ORIENTED_EDGE ( 'NONE', *, *, #1327, .T. ) ;
#2139 = LINE ( 'NONE', #190, #870 ) ;
#2140 = COLOUR_RGB ( '',0.7921568627450980005, 0.8196078431372548767, 0.9333333333333333481 ) ;
#2141 = DIRECTION ( 'NONE',  ( 0.000000000000000000, 0.000000000000000000, 1.000000000000000000 ) ) ;
#2142 = PLANE ( 'NONE',  #539 ) ;
#2143 = UNCERTAINTY_MEASURE_WITH_UNIT (LENGTH_MEASURE( 1.000000000000000082E-05 ), #1624, 'distance_accuracy_value', 'NONE');
#2144 = VERTEX_POINT ( 'NONE', #1986 ) ;
#2145 =( NAMED_UNIT ( * ) PLANE_ANGLE_UNIT ( ) SI_UNIT ( $, .RADIAN. ) );
#2146 = SURFACE_STYLE_FILL_AREA ( #671 ) ;
#2147 = ORIENTED_EDGE ( 'NONE', *, *, #519, .F. ) ;
#2148 = AXIS2_PLACEMENT_3D ( 'NONE', #939, #2217, #1343 ) ;
#2149 = FACE_OUTER_BOUND ( 'NONE', #1075, .T. ) ;
#2150 = LINE ( 'NONE', #446, #191 ) ;
#2151 = ADVANCED_FACE ( 'NONE', ( #2182 ), #935, .T. ) ;
#2152 = ORIENTED_EDGE ( 'NONE', *, *, #1151, .T. ) ;
#2153 = CARTESIAN_POINT ( 'NONE',  ( 3.259999999999998899, -7.782623792124925721, 3.634999999999999343 ) ) ;
#2154 = ORIENTED_EDGE ( 'NONE', *, *, #1378, .T. ) ;
#2155 = DIRECTION ( 'NONE',  ( 1.000000000000000000, 0.000000000000000000, -4.336808689942016158E-15 ) ) ;
#2156 = VERTEX_POINT ( 'NONE', #313 ) ;
#2157 = EDGE_CURVE ( 'NONE', #1822, #129, #271, .T. ) ;
#2158 = SURFACE_SIDE_STYLE ('',( #242 ) ) ;
#2159 = DIRECTION ( 'NONE',  ( -1.000000000000000000, 0.000000000000000000, 0.000000000000000000 ) ) ;
#2160 = AXIS2_PLACEMENT_3D ( 'NONE', #93, #1377, #1177 ) ;
#2161 = VECTOR ( 'NONE', #151, 1000.000000000000000 ) ;
#2162 = ORIENTED_EDGE ( 'NONE', *, *, #349, .F. ) ;
#2163 = LINE ( 'NONE', #1941, #973 ) ;
#2164 = LINE ( 'NONE', #687, #646 ) ;
#2165 = PLANE ( 'NONE',  #1943 ) ;
#2166 = EDGE_LOOP ( 'NONE', ( #2713, #732, #1672, #90 ) ) ;
#2167 = DIRECTION ( 'NONE',  ( 0.000000000000000000, 0.000000000000000000, -1.000000000000000000 ) ) ;
#2168 = FACE_OUTER_BOUND ( 'NONE', #293, .T. ) ;
#2169 = ORIENTED_EDGE ( 'NONE', *, *, #2518, .F. ) ;
#2170 = CARTESIAN_POINT ( 'NONE',  ( -7.449999999999999289, 42.32164522684905705, -5.249999999999999112 ) ) ;
#2171 = ADVANCED_FACE ( 'NONE', ( #1593 ), #961, .F. ) ;
#2172 = ORIENTED_EDGE ( 'NONE', *, *, #540, .T. ) ;
#2173 = AXIS2_PLACEMENT_3D ( 'NONE', #2340, #1271, #1299 ) ;
#2174 = DIRECTION ( 'NONE',  ( -0.000000000000000000, 0.000000000000000000, 1.000000000000000000 ) ) ;
#2175 = CARTESIAN_POINT ( 'NONE',  ( 1.900000000000000133, 0.7999999999999999334, -3.229999999999996874 ) ) ;
#2176 = CARTESIAN_POINT ( 'NONE',  ( 4.749999999999999112, 0.5000000000000004441, -5.249999999999998224 ) ) ;
#2177 = ORIENTED_EDGE ( 'NONE', *, *, #1522, .F. ) ;
#2178 = CARTESIAN_POINT ( 'NONE',  ( -7.449999999999999289, 0.5000000000000000000, -5.249999999999999112 ) ) ;
#2179 = CARTESIAN_POINT ( 'NONE',  ( 0.000000000000000000, 0.000000000000000000, 0.000000000000000000 ) ) ;
#2180 = ADVANCED_FACE ( 'NONE', ( #971 ), #1424, .T. ) ;
#2181 = EDGE_LOOP ( 'NONE', ( #1626, #413, #812 ) ) ;
#2182 = FACE_OUTER_BOUND ( 'NONE', #1669, .T. ) ;
#2183 = PLANE ( 'NONE',  #2099 ) ;
#2184 = EDGE_LOOP ( 'NONE', ( #918, #871, #1755, #838 ) ) ;
#2185 = EDGE_CURVE ( 'NONE', #1636, #841, #2045, .T. ) ;
#2186 = FACE_OUTER_BOUND ( 'NONE', #1286, .T. ) ;
#2187 = DIRECTION ( 'NONE',  ( -0.000000000000000000, 0.000000000000000000, -1.000000000000000000 ) ) ;
#2188 = VECTOR ( 'NONE', #538, 1000.000000000000000 ) ;
#2189 = EDGE_CURVE ( 'NONE', #2614, #2353, #1010, .T. ) ;
#2190 = CARTESIAN_POINT ( 'NONE',  ( 0.000000000000000000, 0.6999999999999999556, 2.029999999999998472 ) ) ;
#2191 = VECTOR ( 'NONE', #1063, 1000.000000000000000 ) ;
#2192 = ORIENTED_EDGE ( 'NONE', *, *, #744, .F. ) ;
#2193 = ORIENTED_EDGE ( 'NONE', *, *, #237, .F. ) ;
#2194 = DIRECTION ( 'NONE',  ( 0.000000000000000000, 0.000000000000000000, -1.000000000000000000 ) ) ;
#2195 = APPLICATION_PROTOCOL_DEFINITION ( 'draft international standard', 'automotive_design', 1998, #2451 ) ;
#2196 = ORIENTED_EDGE ( 'NONE', *, *, #2157, .T. ) ;
#2197 = EDGE_CURVE ( 'NONE', #679, #1432, #2477, .T. ) ;
#2198 = DIRECTION ( 'NONE',  ( 0.000000000000000000, 1.000000000000000000, -0.000000000000000000 ) ) ;
#2199 = DIRECTION ( 'NONE',  ( 1.000000000000000000, 0.000000000000000000, 6.590894665565380599E-16 ) ) ;
#2200 = ORIENTED_EDGE ( 'NONE', *, *, #2416, .F. ) ;
#2201 = ORIENTED_EDGE ( 'NONE', *, *, #1611, .T. ) ;
#2202 = AXIS2_PLACEMENT_3D ( 'NONE', #1324, #1791, #2167 ) ;
#2203 = DIRECTION ( 'NONE',  ( 1.000000000000000000, 0.000000000000000000, 0.000000000000000000 ) ) ;
#2204 = CARTESIAN_POINT ( 'NONE',  ( -6.650000000000002132, 0.7999999999999999334, 3.460000000000000853 ) ) ;
#2205 = CIRCLE ( 'NONE', #2282, 0.2999999999999999334 ) ;
#2206 = AXIS2_PLACEMENT_3D ( 'NONE', #1650, #1198, #2496 ) ;
#2207 = VECTOR ( 'NONE', #983, 1000.000000000000000 ) ;
#2208 = ADVANCED_FACE ( 'NONE', ( #2491 ), #1632, .F. ) ;
#2209 = EDGE_LOOP ( 'NONE', ( #1342, #1517, #1057, #1199, #2479, #745, #244, #2279 ) ) ;
#2210 = DIRECTION ( 'NONE',  ( -0.000000000000000000, -1.000000000000000000, -0.000000000000000000 ) ) ;
#2211 = ORIENTED_EDGE ( 'NONE', *, *, #149, .F. ) ;
#2212 = DIRECTION ( 'NONE',  ( 0.000000000000000000, 0.000000000000000000, -1.000000000000000000 ) ) ;
#2213 = DIRECTION ( 'NONE',  ( -1.000000000000000000, 0.000000000000000000, -0.000000000000000000 ) ) ;
#2214 = ORIENTED_EDGE ( 'NONE', *, *, #2240, .T. ) ;
#2215 = EDGE_CURVE ( 'NONE', #853, #1958, #1399, .T. ) ;
#2216 = VERTEX_POINT ( 'NONE', #337 ) ;
#2217 = DIRECTION ( 'NONE',  ( -1.000000000000000000, 0.000000000000000000, -0.000000000000000000 ) ) ;
#2218 = DIRECTION ( 'NONE',  ( 0.000000000000000000, 0.000000000000000000, -1.000000000000000000 ) ) ;
#2219 = EDGE_CURVE ( 'NONE', #2606, #453, #168, .T. ) ;
#2220 = AXIS2_PLACEMENT_3D ( 'NONE', #2179, #2401, #508 ) ;
#2221 = CARTESIAN_POINT ( 'NONE',  ( 3.959999999999999076, 0.7999999999999999334, 3.634999999999999343 ) ) ;
#2222 = EDGE_CURVE ( 'NONE', #1494, #2098, #1386, .T. ) ;
#2223 = FACE_OUTER_BOUND ( 'NONE', #1419, .T. ) ;
#2224 = PLANE ( 'NONE',  #60 ) ;
#2225 = DIRECTION ( 'NONE',  ( 0.000000000000000000, 0.000000000000000000, 1.000000000000000000 ) ) ;
#2226 = DIRECTION ( 'NONE',  ( 0.000000000000000000, -1.000000000000000000, -1.734723475976807292E-15 ) ) ;
#2227 = ORIENTED_EDGE ( 'NONE', *, *, #373, .F. ) ;
#2228 = CARTESIAN_POINT ( 'NONE',  ( -7.449999999999999289, 11.80000000000000071, 5.250000000000000000 ) ) ;
#2229 = DIRECTION ( 'NONE',  ( -0.000000000000000000, 1.000000000000000000, -0.000000000000000000 ) ) ;
#2230 = EDGE_CURVE ( 'NONE', #1242, #1852, #1184, .T. ) ;
#2231 = VERTEX_POINT ( 'NONE', #1605 ) ;
#2232 = AXIS2_PLACEMENT_3D ( 'NONE', #1291, #2520, #1723 ) ;
#2233 = CARTESIAN_POINT ( 'NONE',  ( -4.679999999999997939, 0.5000000000000000000, -3.100000000000000977 ) ) ;
#2234 = VECTOR ( 'NONE', #1715, 1000.000000000000000 ) ;
#2235 = DIRECTION ( 'NONE',  ( 0.000000000000000000, -1.000000000000000000, 0.000000000000000000 ) ) ;
#2236 = PRESENTATION_STYLE_ASSIGNMENT (( #589 ) ) ;
#2237 = CIRCLE ( 'NONE', #1829, 0.2999999999999999334 ) ;
#2238 = DIRECTION ( 'NONE',  ( 0.000000000000000000, 0.000000000000000000, -1.000000000000000000 ) ) ;
#2239 = CARTESIAN_POINT ( 'NONE',  ( 6.499999999999999112, 0.7999999999999999334, 3.984999999999998987 ) ) ;
#2240 = EDGE_CURVE ( 'NONE', #1238, #530, #2452, .T. ) ;
#2241 = ORIENTED_EDGE ( 'NONE', *, *, #1628, .F. ) ;
#2242 = DIRECTION ( 'NONE',  ( 1.000000000000000000, 0.000000000000000000, 0.000000000000000000 ) ) ;
#2243 = FACE_OUTER_BOUND ( 'NONE', #777, .T. ) ;
#2244 = CIRCLE ( 'NONE', #1842, 1.200000000000000178 ) ;
#2245 = PRESENTATION_LAYER_ASSIGNMENT (  '', '', ( #1619 ) ) ;
#2246 = EDGE_CURVE ( 'NONE', #950, #2614, #352, .T. ) ;
#2247 = DIRECTION ( 'NONE',  ( 0.000000000000000000, 0.000000000000000000, -1.000000000000000000 ) ) ;
#2248 = CARTESIAN_POINT ( 'NONE',  ( 0.000000000000000000, 0.7999999999999999334, 0.000000000000000000 ) ) ;
#2249 = CARTESIAN_POINT ( 'NONE',  ( 2.900000000000000355, 0.7999999999999999334, -3.229999999999996874 ) ) ;
#2250 = CARTESIAN_POINT ( 'NONE',  ( 1.899999999999999023, 0.6999999999999999556, 3.499999999999998668 ) ) ;
#2251 = ORIENTED_EDGE ( 'NONE', *, *, #1655, .T. ) ;
#2252 = DIRECTION ( 'NONE',  ( 0.000000000000000000, -0.000000000000000000, 1.000000000000000000 ) ) ;
#2253 = CARTESIAN_POINT ( 'NONE',  ( 7.449999999999999289, 0.5000000000000000000, 4.950000000000001066 ) ) ;
#2254 = EDGE_LOOP ( 'NONE', ( #1662, #1222, #212, #1214 ) ) ;
#2255 = EDGE_LOOP ( 'NONE', ( #912, #1627, #860, #2201 ) ) ;
#2256 = DIRECTION ( 'NONE',  ( -1.000000000000000000, 0.000000000000000000, -0.000000000000000000 ) ) ;
#2257 = CYLINDRICAL_SURFACE ( 'NONE', #2425, 0.2999999999999999334 ) ;
#2258 = DIRECTION ( 'NONE',  ( -0.000000000000000000, -1.000000000000000000, -0.000000000000000000 ) ) ;
#2259 = CARTESIAN_POINT ( 'NONE',  ( 3.959999999999999964, 0.7999999999999999334, -3.634999999999998455 ) ) ;
#2260 = CARTESIAN_POINT ( 'NONE',  ( 1.899999999999998579, 0.5828427124746189403, 3.499999999999998668 ) ) ;
#2261 = EDGE_CURVE ( 'NONE', #2493, #1682, #2034, .T. ) ;
#2262 = ORIENTED_EDGE ( 'NONE', *, *, #101, .T. ) ;
#2263 = CARTESIAN_POINT ( 'NONE',  ( -7.449999999999999289, 42.32164522684905705, 5.250000000000000000 ) ) ;
#2264 = VERTEX_POINT ( 'NONE', #1831 ) ;
#2265 = CLOSED_SHELL ( 'NONE', ( #2306, #599, #1297, #837, #2122, #257 ) ) ;
#2266 = ORIENTED_EDGE ( 'NONE', *, *, #565, .F. ) ;
#2267 = EDGE_CURVE ( 'NONE', #985, #853, #163, .T. ) ;
#2268 = CARTESIAN_POINT ( 'NONE',  ( -4.749999999999999112, 0.5000000000000004441, -5.249999999999998224 ) ) ;
#2269 = DIRECTION ( 'NONE',  ( 1.606225440719263951E-15, 0.000000000000000000, 1.000000000000000000 ) ) ;
#2270 = FILL_AREA_STYLE_COLOUR ( '', #2140 ) ;
#2271 = VECTOR ( 'NONE', #1428, 1000.000000000000000 ) ;
#2272 = DIRECTION ( 'NONE',  ( 0.000000000000000000, 0.000000000000000000, -1.000000000000000000 ) ) ;
#2273 = DIRECTION ( 'NONE',  ( -0.000000000000000000, 0.000000000000000000, 1.000000000000000000 ) ) ;
#2274 = EDGE_LOOP ( 'NONE', ( #1476, #978, #2309, #1352 ) ) ;
#2275 = ADVANCED_FACE ( 'NONE', ( #1204 ), #663, .T. ) ;
#2276 = DIRECTION ( 'NONE',  ( -0.000000000000000000, -2.891205793294679411E-15, 1.000000000000000000 ) ) ;
#2277 = DIRECTION ( 'NONE',  ( 0.000000000000000000, 1.000000000000000000, 0.000000000000000000 ) ) ;
#2278 = EDGE_LOOP ( 'NONE', ( #2169, #964, #2630, #1782 ) ) ;
#2279 = ORIENTED_EDGE ( 'NONE', *, *, #565, .T. ) ;
#2280 = CARTESIAN_POINT ( 'NONE',  ( 1.899999999999999023, 0.6999999999999999556, 3.499999999999998668 ) ) ;
#2281 = AXIS2_PLACEMENT_3D ( 'NONE', #2106, #666, #28 ) ;
#2282 = AXIS2_PLACEMENT_3D ( 'NONE', #1410, #1217, #1180 ) ;
#2283 = ORIENTED_EDGE ( 'NONE', *, *, #2293, .F. ) ;
#2284 = DIRECTION ( 'NONE',  ( 0.000000000000000000, 0.000000000000000000, -1.000000000000000000 ) ) ;
#2285 = COLOUR_RGB ( '',0.7921568627450980005, 0.8196078431372548767, 0.9333333333333333481 ) ;
#2286 = VECTOR ( 'NONE', #1040, 1000.000000000000000 ) ;
#2287 = DIRECTION ( 'NONE',  ( 0.000000000000000000, 0.000000000000000000, 1.000000000000000000 ) ) ;
#2288 = CARTESIAN_POINT ( 'NONE',  ( -4.749999999999999112, 0.5000000000000004441, -5.249999999999998224 ) ) ;
#2289 = DIRECTION ( 'NONE',  ( -1.000000000000000000, -0.000000000000000000, 4.336808689942025625E-15 ) ) ;
#2290 = EDGE_LOOP ( 'NONE', ( #222, #2525, #495, #486 ) ) ;
#2291 = CYLINDRICAL_SURFACE ( 'NONE', #2413, 0.5000000000000004441 ) ;
#2292 = FACE_OUTER_BOUND ( 'NONE', #2209, .T. ) ;
#2293 = EDGE_CURVE ( 'NONE', #72, #199, #603, .T. ) ;
#2294 = ORIENTED_EDGE ( 'NONE', *, *, #1244, .F. ) ;
#2295 = EDGE_CURVE ( 'NONE', #658, #1463, #1219, .T. ) ;
#2296 = EDGE_LOOP ( 'NONE', ( #1528, #2152, #536, #2052 ) ) ;
#2297 = CARTESIAN_POINT ( 'NONE',  ( -7.449999999999999289, 0.5000000000000000000, -4.950000000000000178 ) ) ;
#2298 = VERTEX_POINT ( 'NONE', #395 ) ;
#2299 = VECTOR ( 'NONE', #848, 1000.000000000000000 ) ;
#2300 = FILL_AREA_STYLE_COLOUR ( '', #2055 ) ;
#2301 = EDGE_CURVE ( 'NONE', #316, #1852, #1146, .T. ) ;
#2302 = LINE ( 'NONE', #1454, #531 ) ;
#2303 = DIRECTION ( 'NONE',  ( 0.000000000000000000, 0.000000000000000000, 1.000000000000000000 ) ) ;
#2304 = UNCERTAINTY_MEASURE_WITH_UNIT (LENGTH_MEASURE( 1.000000000000000082E-05 ), #522, 'distance_accuracy_value', 'NONE');
#2305 = ORIENTED_EDGE ( 'NONE', *, *, #574, .T. ) ;
#2306 = ADVANCED_FACE ( 'NONE', ( #1467 ), #618, .F. ) ;
#2307 = CARTESIAN_POINT ( 'NONE',  ( 4.249999999999998224, 0.5000000000000000000, -5.249999999999998224 ) ) ;
#2308 = CARTESIAN_POINT ( 'NONE',  ( 3.259999999999998899, 0.7999999999999999334, 3.984999999999998987 ) ) ;
#2309 = ORIENTED_EDGE ( 'NONE', *, *, #1740, .F. ) ;
#2310 = ORIENTED_EDGE ( 'NONE', *, *, #2543, .F. ) ;
#2311 = LINE ( 'NONE', #1719, #567 ) ;
#2312 = ADVANCED_FACE ( 'NONE', ( #209 ), #2165, .T. ) ;
#2313 = VERTEX_POINT ( 'NONE', #2316 ) ;
#2314 = DIRECTION ( 'NONE',  ( -5.595882180570349124E-16, 0.000000000000000000, 1.000000000000000000 ) ) ;
#2315 = AXIS2_PLACEMENT_3D ( 'NONE', #866, #1709, #2321 ) ;
#2316 = CARTESIAN_POINT ( 'NONE',  ( -4.679999999999995275, 0.5000000000000000000, -3.300000000000001155 ) ) ;
#2317 = LINE ( 'NONE', #29, #2625 ) ;
#2318 = DIRECTION ( 'NONE',  ( -1.239088197126291261E-15, 0.000000000000000000, -1.000000000000000000 ) ) ;
#2319 = AXIS2_PLACEMENT_3D ( 'NONE', #1325, #2141, #2374 ) ;
#2320 = EDGE_LOOP ( 'NONE', ( #219, #2085, #1777, #1389 ) ) ;
#2321 = DIRECTION ( 'NONE',  ( 0.000000000000000000, -0.000000000000000000, -1.000000000000000000 ) ) ;
#2322 = CIRCLE ( 'NONE', #2664, 0.4000000000000001887 ) ;
#2323 = ORIENTED_EDGE ( 'NONE', *, *, #1367, .F. ) ;
#2324 = CARTESIAN_POINT ( 'NONE',  ( 6.500000000000000000, -7.782623792124925721, -3.984999999999997211 ) ) ;
#2325 = VERTEX_POINT ( 'NONE', #819 ) ;
#2326 = DIRECTION ( 'NONE',  ( 1.239088197126291458E-15, 0.000000000000000000, -1.000000000000000000 ) ) ;
#2327 = ADVANCED_FACE ( 'NONE', ( #717 ), #477, .T. ) ;
#2328 = ORIENTED_EDGE ( 'NONE', *, *, #1710, .F. ) ;
#2329 = DIRECTION ( 'NONE',  ( -0.000000000000000000, 0.000000000000000000, 1.000000000000000000 ) ) ;
#2330 = DIRECTION ( 'NONE',  ( -4.336808689942015369E-15, 0.000000000000000000, -1.000000000000000000 ) ) ;
#2331 = LINE ( 'NONE', #1071, #48 ) ;
#2332 = AXIS2_PLACEMENT_3D ( 'NONE', #1478, #2515, #842 ) ;
#2333 = AXIS2_PLACEMENT_3D ( 'NONE', #1793, #1134, #2631 ) ;
#2334 = ORIENTED_EDGE ( 'NONE', *, *, #1401, .F. ) ;
#2335 = AXIS2_PLACEMENT_3D ( 'NONE', #578, #1857, #1808 ) ;
#2336 = DIRECTION ( 'NONE',  ( -0.000000000000000000, 1.000000000000000000, -0.000000000000000000 ) ) ;
#2337 = DIRECTION ( 'NONE',  ( 1.000000000000000000, 0.000000000000000000, 0.000000000000000000 ) ) ;
#2338 = ORIENTED_EDGE ( 'NONE', *, *, #753, .F. ) ;
#2339 = ADVANCED_FACE ( 'NONE', ( #421 ), #1521, .F. ) ;
#2340 = CARTESIAN_POINT ( 'NONE',  ( 1.699999999999994849, 0.6999999999999999556, 2.730583249222740572E-15 ) ) ;
#2341 = CARTESIAN_POINT ( 'NONE',  ( 0.000000000000000000, 0.7999999999999999334, 0.000000000000000000 ) ) ;
#2342 = VERTEX_POINT ( 'NONE', #632 ) ;
#2343 = CARTESIAN_POINT ( 'NONE',  ( 2.899999999999999023, 0.6999999999999999556, 2.029999999999998472 ) ) ;
#2344 = ORIENTED_EDGE ( 'NONE', *, *, #1582, .F. ) ;
#2345 = LINE ( 'NONE', #1949, #1170 ) ;
#2346 = LINE ( 'NONE', #1266, #2299 ) ;
#2347 = ORIENTED_EDGE ( 'NONE', *, *, #385, .T. ) ;
#2348 = VECTOR ( 'NONE', #854, 1000.000000000000000 ) ;
#2349 = CARTESIAN_POINT ( 'NONE',  ( 4.249999999999998224, 0.5000000000000000000, -5.249999999999998224 ) ) ;
#2350 = ORIENTED_EDGE ( 'NONE', *, *, #1058, .F. ) ;
#2351 = CARTESIAN_POINT ( 'NONE',  ( -4.679999999999998828, 0.5000000000000000000, 3.299999999999998490 ) ) ;
#2352 = CARTESIAN_POINT ( 'NONE',  ( 7.749999999999999112, 42.32164522684905705, 5.250000000000000000 ) ) ;
#2353 = VERTEX_POINT ( 'NONE', #1264 ) ;
#2354 = PLANE ( 'NONE',  #387 ) ;
#2355 = EDGE_CURVE ( 'NONE', #2599, #841, #1747, .T. ) ;
#2356 = ORIENTED_EDGE ( 'NONE', *, *, #828, .T. ) ;
#2357 = CIRCLE ( 'NONE', #1379, 0.2999999999999999334 ) ;
#2358 = LINE ( 'NONE', #465, #1081 ) ;
#2359 = CARTESIAN_POINT ( 'NONE',  ( 7.449999999999999289, 0.5000000000000000000, 5.250000000000000000 ) ) ;
#2360 = ORIENTED_EDGE ( 'NONE', *, *, #344, .T. ) ;
#2361 = VECTOR ( 'NONE', #1633, 1000.000000000000000 ) ;
#2362 = CARTESIAN_POINT ( 'NONE',  ( 7.449999999999999289, 42.32164522684905705, 5.250000000000000000 ) ) ;
#2363 = CARTESIAN_POINT ( 'NONE',  ( 5.799999999999999822, -7.782623792124925721, 3.984999999999998987 ) ) ;
#2364 = AXIS2_PLACEMENT_3D ( 'NONE', #46, #1884, #1933 ) ;
#2365 = EDGE_CURVE ( 'NONE', #832, #32, #178, .T. ) ;
#2366 = EDGE_LOOP ( 'NONE', ( #1155, #80, #354, #867 ) ) ;
#2367 = AXIS2_PLACEMENT_3D ( 'NONE', #1732, #1746, #2586 ) ;
#2368 = CYLINDRICAL_SURFACE ( 'NONE', #1505, 0.2999999999999999334 ) ;
#2369 = DIRECTION ( 'NONE',  ( -1.000000000000000000, 0.000000000000000000, 0.000000000000000000 ) ) ;
#2370 = VECTOR ( 'NONE', #713, 1000.000000000000000 ) ;
#2371 = LINE ( 'NONE', #1968, #1717 ) ;
#2372 = ORIENTED_EDGE ( 'NONE', *, *, #2040, .F. ) ;
#2373 = EDGE_CURVE ( 'NONE', #742, #441, #1491, .T. ) ;
#2374 = DIRECTION ( 'NONE',  ( 1.000000000000000000, 0.000000000000000000, 0.000000000000000000 ) ) ;
#2375 = DIRECTION ( 'NONE',  ( -1.000000000000000000, 0.000000000000000000, -1.239088197126290669E-15 ) ) ;
#2376 = ORIENTED_EDGE ( 'NONE', *, *, #2086, .T. ) ;
#2377 = AXIS2_PLACEMENT_3D ( 'NONE', #957, #2235, #2679 ) ;
#2378 = DIRECTION ( 'NONE',  ( 1.239088197126291261E-15, 0.000000000000000000, -1.000000000000000000 ) ) ;
#2379 =( NAMED_UNIT ( * ) SI_UNIT ( $, .STERADIAN. ) SOLID_ANGLE_UNIT ( ) );
#2380 = VECTOR ( 'NONE', #197, 1000.000000000000000 ) ;
#2381 = ORIENTED_EDGE ( 'NONE', *, *, #2230, .F. ) ;
#2382 = CARTESIAN_POINT ( 'NONE',  ( 5.799999999999999822, 0.7999999999999999334, 3.984999999999998987 ) ) ;
#2383 = CARTESIAN_POINT ( 'NONE',  ( 7.449999999999999289, 0.5000000000000000000, 4.950000000000001066 ) ) ;
#2384 = CARTESIAN_POINT ( 'NONE',  ( 4.679999999999999716, 0.6999999999999999556, -1.829999999999995408 ) ) ;
#2385 = ADVANCED_FACE ( 'NONE', ( #846 ), #1110, .T. ) ;
#2386 = ORIENTED_EDGE ( 'NONE', *, *, #948, .T. ) ;
#2387 = CARTESIAN_POINT ( 'NONE',  ( 0.000000000000000000, -3.500000000000000000, 0.000000000000000000 ) ) ;
#2388 = EDGE_LOOP ( 'NONE', ( #1241, #2468, #627, #2028, #1406, #810, #1899, #2430 ) ) ;
#2389 = DIRECTION ( 'NONE',  ( 1.000000000000000000, 0.000000000000000000, 0.000000000000000000 ) ) ;
#2390 = CARTESIAN_POINT ( 'NONE',  ( -5.249999999999999112, 0.5000000000000000000, -4.950000000000001066 ) ) ;
#2391 = EDGE_CURVE ( 'NONE', #418, #1893, #1764, .T. ) ;
#2392 = ORIENTED_EDGE ( 'NONE', *, *, #1898, .F. ) ;
#2393 = VECTOR ( 'NONE', #408, 1000.000000000000000 ) ;
#2394 = CARTESIAN_POINT ( 'NONE',  ( -4.749999999999999112, 0.5000000000000004441, -4.950000000000001066 ) ) ;
#2395 = DIRECTION ( 'NONE',  ( -1.000000000000000000, 0.000000000000000000, 0.000000000000000000 ) ) ;
#2396 = CARTESIAN_POINT ( 'NONE',  ( -5.249999999999999112, 0.5000000000000000000, -5.249999999999998224 ) ) ;
#2397 = ORIENTED_EDGE ( 'NONE', *, *, #2607, .F. ) ;
#2398 = ORIENTED_EDGE ( 'NONE', *, *, #1384, .T. ) ;
#2399 = EDGE_CURVE ( 'NONE', #2421, #826, #277, .T. ) ;
#2400 = LINE ( 'NONE', #720, #1090 ) ;
#2401 = DIRECTION ( 'NONE',  ( 0.000000000000000000, 0.000000000000000000, 1.000000000000000000 ) ) ;
#2402 = STYLED_ITEM ( 'NONE', ( #2236 ), #84 ) ;
#2403 = ORIENTED_EDGE ( 'NONE', *, *, #519, .T. ) ;
#2404 = DIRECTION ( 'NONE',  ( -0.000000000000000000, 0.000000000000000000, 1.000000000000000000 ) ) ;
#2405 = LINE ( 'NONE', #1364, #108 ) ;
#2406 = ORIENTED_EDGE ( 'NONE', *, *, #1522, .T. ) ;
#2407 = ORIENTED_EDGE ( 'NONE', *, *, #1498, .T. ) ;
#2408 = DIRECTION ( 'NONE',  ( -0.000000000000000000, 1.000000000000000000, -0.000000000000000000 ) ) ;
#2409 = DIRECTION ( 'NONE',  ( 0.000000000000000000, 0.000000000000000000, -1.000000000000000000 ) ) ;
#2410 = EDGE_CURVE ( 'NONE', #175, #832, #2371, .T. ) ;
#2411 = VECTOR ( 'NONE', #169, 1000.000000000000000 ) ;
#2412 = VECTOR ( 'NONE', #275, 1000.000000000000000 ) ;
#2413 = AXIS2_PLACEMENT_3D ( 'NONE', #1000, #786, #2242 ) ;
#2414 = VERTEX_POINT ( 'NONE', #2396 ) ;
#2415 = DIRECTION ( 'NONE',  ( 0.000000000000000000, 1.000000000000000000, 0.000000000000000000 ) ) ;
#2416 = EDGE_CURVE ( 'NONE', #530, #37, #2573, .T. ) ;
#2417 = ORIENTED_EDGE ( 'NONE', *, *, #799, .F. ) ;
#2418 = SPHERICAL_SURFACE ( 'NONE', #1537, 0.2999999999999999889 ) ;
#2419 = CARTESIAN_POINT ( 'NONE',  ( 7.449999999999999289, 0.7999999999999999334, -4.950000000000000178 ) ) ;
#2420 = ORIENTED_EDGE ( 'NONE', *, *, #266, .F. ) ;
#2421 = VERTEX_POINT ( 'NONE', #705 ) ;
#2422 = TOROIDAL_SURFACE ( 'NONE', #27, 0.2000000000000001776, 0.2000000000000000111 ) ;
#2423 = DIRECTION ( 'NONE',  ( 7.228014483236697541E-16, 0.000000000000000000, -1.000000000000000000 ) ) ;
#2424 = PLANE ( 'NONE',  #2503 ) ;
#2425 = AXIS2_PLACEMENT_3D ( 'NONE', #2058, #981, #124 ) ;
#2426 = VECTOR ( 'NONE', #1329, 1000.000000000000000 ) ;
#2427 = VECTOR ( 'NONE', #384, 1000.000000000000000 ) ;
#2428 = ORIENTED_EDGE ( 'NONE', *, *, #394, .T. ) ;
#2429 = DIRECTION ( 'NONE',  ( 1.000000000000000000, -0.000000000000000000, 0.000000000000000000 ) ) ;
#2430 = ORIENTED_EDGE ( 'NONE', *, *, #385, .F. ) ;
#2431 = LINE ( 'NONE', #722, #2057 ) ;
#2432 = CARTESIAN_POINT ( 'NONE',  ( 2.174995239636574257E-15, 0.6999999999999999556, -3.299999999999998046 ) ) ;
#2433 = EDGE_LOOP ( 'NONE', ( #1996, #1136, #2211, #843 ) ) ;
#2434 = EDGE_CURVE ( 'NONE', #2540, #1772, #2302, .T. ) ;
#2435 = CARTESIAN_POINT ( 'NONE',  ( 7.449999999999999289, 0.7999999999999999334, -4.950000000000000178 ) ) ;
#2436 = FACE_OUTER_BOUND ( 'NONE', #8, .T. ) ;
#2437 = LINE ( 'NONE', #575, #2458 ) ;
#2438 = ADVANCED_FACE ( 'NONE', ( #1869 ), #905, .T. ) ;
#2439 = DIRECTION ( 'NONE',  ( -0.000000000000000000, 1.000000000000000000, -0.000000000000000000 ) ) ;
#2440 = DIRECTION ( 'NONE',  ( 0.000000000000000000, -1.000000000000000000, 0.000000000000000000 ) ) ;
#2441 = DIRECTION ( 'NONE',  ( -1.239088197126291458E-15, -0.000000000000000000, -1.000000000000000000 ) ) ;
#2442 = CARTESIAN_POINT ( 'NONE',  ( 7.449999999999999289, 0.5000000000000004441, -4.949999999999999289 ) ) ;
#2443 = ORIENTED_EDGE ( 'NONE', *, *, #831, .T. ) ;
#2444 = PLANE ( 'NONE',  #1568 ) ;
#2445 = CARTESIAN_POINT ( 'NONE',  ( 5.800000000000000711, -7.782623792124925721, -3.984999999999997211 ) ) ;
#2446 = ADVANCED_FACE ( 'NONE', ( #406 ), #291, .T. ) ;
#2447 = DIRECTION ( 'NONE',  ( 0.000000000000000000, -1.000000000000000000, 0.000000000000000000 ) ) ;
#2448 = AXIS2_PLACEMENT_3D ( 'NONE', #2533, #2155, #2330 ) ;
#2449 = CARTESIAN_POINT ( 'NONE',  ( -7.749999999999999112, 0.5000000000000000000, 5.250000000000000000 ) ) ;
#2450 = EDGE_CURVE ( 'NONE', #524, #566, #1980, .T. ) ;
#2451 = APPLICATION_CONTEXT ( 'automotive_design' ) ;
#2452 = LINE ( 'NONE', #365, #2677 ) ;
#2453 = CARTESIAN_POINT ( 'NONE',  ( -7.749999999999999112, 0.5000000000000000000, 5.250000000000000000 ) ) ;
#2454 = ORIENTED_EDGE ( 'NONE', *, *, #183, .F. ) ;
#2455 = SURFACE_STYLE_USAGE ( .BOTH. , #171 ) ;
#2456 = CARTESIAN_POINT ( 'NONE',  ( -6.650000000000000355, -3.499999999999999556, -4.160000000000001918 ) ) ;
#2457 = AXIS2_PLACEMENT_3D ( 'NONE', #2268, #755, #2486 ) ;
#2458 = VECTOR ( 'NONE', #334, 1000.000000000000000 ) ;
#2459 = EDGE_LOOP ( 'NONE', ( #1365, #2350, #1880, #1668 ) ) ;
#2460 = VECTOR ( 'NONE', #82, 1000.000000000000000 ) ;
#2461 = AXIS2_PLACEMENT_3D ( 'NONE', #1780, #1963, #2618 ) ;
#2462 = CARTESIAN_POINT ( 'NONE',  ( -4.749999999999999112, 0.5000000000000004441, 4.950000000000001954 ) ) ;
#2463 = ADVANCED_FACE ( 'NONE', ( #230 ), #1475, .T. ) ;
#2464 = CARTESIAN_POINT ( 'NONE',  ( 5.800000000000000711, 0.7999999999999999334, -3.634999999999997566 ) ) ;
#2465 = CARTESIAN_POINT ( 'NONE',  ( 7.749999999999999112, 11.80000000000000071, 4.950000000000000178 ) ) ;
#2466 = CARTESIAN_POINT ( 'NONE',  ( -6.650000000000002132, 0.7999999999999999334, 3.460000000000000853 ) ) ;
#2467 = LINE ( 'NONE', #1011, #1301 ) ;
#2468 = ORIENTED_EDGE ( 'NONE', *, *, #2129, .T. ) ;
#2469 = DIRECTION ( 'NONE',  ( -0.000000000000000000, -1.000000000000000000, -0.000000000000000000 ) ) ;
#2470 = CARTESIAN_POINT ( 'NONE',  ( 0.000000000000000000, 0.6999999999999999556, 3.299999999999998490 ) ) ;
#2471 = VERTEX_POINT ( 'NONE', #2100 ) ;
#2472 = ORIENTED_EDGE ( 'NONE', *, *, #2261, .F. ) ;
#2473 = CARTESIAN_POINT ( 'NONE',  ( 4.679999999999998828, 0.5000000000000000000, 1.829999999999998517 ) ) ;
#2474 = ADVANCED_FACE ( 'NONE', ( #1680 ), #2368, .T. ) ;
#2475 = DIRECTION ( 'NONE',  ( -1.000000000000000000, -0.000000000000000000, -0.000000000000000000 ) ) ;
#2476 = CARTESIAN_POINT ( 'NONE',  ( -4.679999999999998828, 0.7999999999999999334, 3.499999999999998668 ) ) ;
#2477 = LINE ( 'NONE', #2023, #388 ) ;
#2478 = CARTESIAN_POINT ( 'NONE',  ( -6.450000000000001066, -7.782623792124925721, -4.160000000000001030 ) ) ;
#2479 = ORIENTED_EDGE ( 'NONE', *, *, #1604, .F. ) ;
#2480 = CARTESIAN_POINT ( 'NONE',  ( 6.499999999999999112, -7.782623792124925721, 3.634999999999999343 ) ) ;
#2481 = LINE ( 'NONE', #987, #434 ) ;
#2482 = ORIENTED_EDGE ( 'NONE', *, *, #970, .T. ) ;
#2483 = VECTOR ( 'NONE', #2258, 1000.000000000000000 ) ;
#2484 = ORIENTED_EDGE ( 'NONE', *, *, #845, .F. ) ;
#2485 = AXIS2_PLACEMENT_3D ( 'NONE', #1646, #2668, #1205 ) ;
#2486 = DIRECTION ( 'NONE',  ( 1.000000000000000000, 0.000000000000000000, 0.000000000000000000 ) ) ;
#2487 = CARTESIAN_POINT ( 'NONE',  ( 3.259999999999998899, 0.7999999999999999334, 3.634999999999999343 ) ) ;
#2488 = DIRECTION ( 'NONE',  ( -0.000000000000000000, 1.000000000000000000, -0.000000000000000000 ) ) ;
#2489 = CIRCLE ( 'NONE', #1304, 0.2999999999999999334 ) ;
#2490 = ADVANCED_FACE ( 'NONE', ( #1503 ), #2526, .T. ) ;
#2491 = FACE_OUTER_BOUND ( 'NONE', #2542, .T. ) ;
#2492 = CARTESIAN_POINT ( 'NONE',  ( 0.000000000000000000, 0.7999999999999999334, 0.000000000000000000 ) ) ;
#2493 = VERTEX_POINT ( 'NONE', #655 ) ;
#2494 = EDGE_CURVE ( 'NONE', #1985, #1676, #200, .T. ) ;
#2495 = DIRECTION ( 'NONE',  ( 1.000000000000000000, 0.000000000000000000, -0.000000000000000000 ) ) ;
#2496 = DIRECTION ( 'NONE',  ( 0.000000000000000000, 0.000000000000000000, -1.000000000000000000 ) ) ;
#2497 = VERTEX_POINT ( 'NONE', #2351 ) ;
#2498 = VECTOR ( 'NONE', #1408, 1000.000000000000000 ) ;
#2499 = EDGE_CURVE ( 'NONE', #424, #573, #760, .T. ) ;
#2500 = ORIENTED_EDGE ( 'NONE', *, *, #2629, .F. ) ;
#2501 = CARTESIAN_POINT ( 'NONE',  ( -4.680000000000000604, 0.6999999999999999556, 3.099999999999998757 ) ) ;
#2502 = AXIS2_PLACEMENT_3D ( 'NONE', #203, #1864, #1683 ) ;
#2503 = AXIS2_PLACEMENT_3D ( 'NONE', #1797, #1166, #1991 ) ;
#2504 = ORIENTED_EDGE ( 'NONE', *, *, #2189, .T. ) ;
#2505 = LINE ( 'NONE', #2737, #339 ) ;
#2506 = AXIS2_PLACEMENT_3D ( 'NONE', #1335, #505, #1673 ) ;
#2507 = DIRECTION ( 'NONE',  ( 0.000000000000000000, -0.000000000000000000, -1.000000000000000000 ) ) ;
#2508 = DIRECTION ( 'NONE',  ( 1.000000000000000000, 0.000000000000000000, 0.000000000000000000 ) ) ;
#2509 = DIRECTION ( 'NONE',  ( 6.590894665565380599E-16, 0.000000000000000000, -1.000000000000000000 ) ) ;
#2510 = VERTEX_POINT ( 'NONE', #1062 ) ;
#2511 = LINE ( 'NONE', #2308, #787 ) ;
#2512 = EDGE_CURVE ( 'NONE', #2325, #530, #1696, .T. ) ;
#2513 = EDGE_LOOP ( 'NONE', ( #286, #641, #121, #2053 ) ) ;
#2514 = ORIENTED_EDGE ( 'NONE', *, *, #2355, .F. ) ;
#2515 = DIRECTION ( 'NONE',  ( 0.000000000000000000, 1.000000000000000000, 0.000000000000000000 ) ) ;
#2516 = VERTEX_POINT ( 'NONE', #1745 ) ;
#2517 = AXIS2_PLACEMENT_3D ( 'NONE', #1438, #2726, #1292 ) ;
#2518 = EDGE_CURVE ( 'NONE', #654, #418, #217, .T. ) ;
#2519 = DIRECTION ( 'NONE',  ( -1.000000000000000000, 0.000000000000000000, 0.000000000000000000 ) ) ;
#2520 = DIRECTION ( 'NONE',  ( 0.000000000000000000, -1.000000000000000000, 0.000000000000000000 ) ) ;
#2521 = DIRECTION ( 'NONE',  ( -1.000000000000000000, -0.000000000000000000, -0.000000000000000000 ) ) ;
#2522 = ORIENTED_EDGE ( 'NONE', *, *, #305, .T. ) ;
#2523 = DIRECTION ( 'NONE',  ( -2.369840814175974061E-16, -0.000000000000000000, 1.000000000000000000 ) ) ;
#2524 = CARTESIAN_POINT ( 'NONE',  ( 0.000000000000000000, -3.500000000000000000, 0.000000000000000000 ) ) ;
#2525 = ORIENTED_EDGE ( 'NONE', *, *, #1768, .F. ) ;
#2526 = CYLINDRICAL_SURFACE ( 'NONE', #1817, 0.2999999999999999334 ) ;
#2527 = ADVANCED_FACE ( 'NONE', ( #2585 ), #1314, .T. ) ;
#2528 = EDGE_LOOP ( 'NONE', ( #901, #541, #2420, #1255 ) ) ;
#2529 = DIRECTION ( 'NONE',  ( 0.000000000000000000, 0.000000000000000000, 1.000000000000000000 ) ) ;
#2530 = ORIENTED_EDGE ( 'NONE', *, *, #780, .T. ) ;
#2531 = FACE_OUTER_BOUND ( 'NONE', #1262, .T. ) ;
#2532 = AXIS2_PLACEMENT_3D ( 'NONE', #1387, #1374, #2226 ) ;
#2533 = CARTESIAN_POINT ( 'NONE',  ( 4.679999999999998828, 0.6999999999999999556, -2.029999999999994920 ) ) ;
#2534 = DIRECTION ( 'NONE',  ( 1.000000000000000000, -0.000000000000000000, 0.000000000000000000 ) ) ;
#2535 = VERTEX_POINT ( 'NONE', #2382 ) ;
#2536 = DIRECTION ( 'NONE',  ( 0.000000000000000000, 0.000000000000000000, -1.000000000000000000 ) ) ;
#2537 = VERTEX_POINT ( 'NONE', #445 ) ;
#2538 = CARTESIAN_POINT ( 'NONE',  ( 5.079999999999999183, 0.7999999999999999334, 1.829999999999995630 ) ) ;
#2539 = DIRECTION ( 'NONE',  ( 0.000000000000000000, 0.000000000000000000, -1.000000000000000000 ) ) ;
#2540 = VERTEX_POINT ( 'NONE', #2119 ) ;
#2541 = DIRECTION ( 'NONE',  ( 0.000000000000000000, 0.000000000000000000, -1.000000000000000000 ) ) ;
#2542 = EDGE_LOOP ( 'NONE', ( #586, #1163, #315, #1863 ) ) ;
#2543 = EDGE_CURVE ( 'NONE', #2342, #2497, #174, .T. ) ;
#2544 = DIRECTION ( 'NONE',  ( 1.000000000000000000, -0.000000000000000000, 2.369840814175974061E-16 ) ) ;
#2545 = CARTESIAN_POINT ( 'NONE',  ( -7.449999999999999289, 0.7999999999999999334, 4.950000000000001066 ) ) ;
#2546 = FACE_OUTER_BOUND ( 'NONE', #1471, .T. ) ;
#2547 = AXIS2_PLACEMENT_3D ( 'NONE', #2501, #1897, #2541 ) ;
#2548 = AXIS2_PLACEMENT_3D ( 'NONE', #1059, #1937, #850 ) ;
#2549 = ORIENTED_EDGE ( 'NONE', *, *, #1518, .T. ) ;
#2550 = MECHANICAL_DESIGN_GEOMETRIC_PRESENTATION_REPRESENTATION (  '', ( #1145 ), #1803 ) ;
#2551 = VECTOR ( 'NONE', #71, 1000.000000000000000 ) ;
#2552 = LINE ( 'NONE', #2362, #1049 ) ;
#2553 = ORIENTED_EDGE ( 'NONE', *, *, #803, .F. ) ;
#2554 = DIRECTION ( 'NONE',  ( -0.000000000000000000, -1.000000000000000000, -0.000000000000000000 ) ) ;
#2555 = LINE ( 'NONE', #1108, #1695 ) ;
#2556 = EDGE_LOOP ( 'NONE', ( #622, #2172, #1047, #1878 ) ) ;
#2557 = CARTESIAN_POINT ( 'NONE',  ( -7.449999999999999289, 0.7999999999999999334, -4.950000000000000178 ) ) ;
#2558 = ORIENTED_EDGE ( 'NONE', *, *, #2543, .T. ) ;
#2559 = CARTESIAN_POINT ( 'NONE',  ( 7.449999999999999289, 11.50000000000000178, 4.950000000000000178 ) ) ;
#2560 = DIRECTION ( 'NONE',  ( 0.000000000000000000, 0.000000000000000000, -1.000000000000000000 ) ) ;
#2561 = DIRECTION ( 'NONE',  ( 0.000000000000000000, -0.000000000000000000, 1.000000000000000000 ) ) ;
#2562 = EDGE_CURVE ( 'NONE', #265, #1346, #1107, .T. ) ;
#2563 = PRODUCT_DEFINITION_FORMATION_WITH_SPECIFIED_SOURCE ( 'ANY', '', #900, .NOT_KNOWN. ) ;
#2564 = VERTEX_POINT ( 'NONE', #2538 ) ;
#2565 = FACE_OUTER_BOUND ( 'NONE', #1061, .T. ) ;
#2566 = LINE ( 'NONE', #66, #415 ) ;
#2567 = ORIENTED_EDGE ( 'NONE', *, *, #311, .T. ) ;
#2568 = CARTESIAN_POINT ( 'NONE',  ( 7.449999999999999289, 42.32164522684905705, 4.950000000000000178 ) ) ;
#2569 = DIRECTION ( 'NONE',  ( -1.000000000000000000, 0.000000000000000000, 0.000000000000000000 ) ) ;
#2570 = PRODUCT_DEFINITION_SHAPE ( 'NONE', 'NONE',  #891 ) ;
#2571 = EDGE_CURVE ( 'NONE', #199, #1038, #2163, .T. ) ;
#2572 = LINE ( 'NONE', #689, #1223 ) ;
#2573 = LINE ( 'NONE', #1957, #390 ) ;
#2574 = ORIENTED_EDGE ( 'NONE', *, *, #1288, .T. ) ;
#2575 = CYLINDRICAL_SURFACE ( 'NONE', #783, 0.5000000000000004441 ) ;
#2576 = DIRECTION ( 'NONE',  ( 0.000000000000000000, -1.000000000000000000, 0.000000000000000000 ) ) ;
#2577 = FILL_AREA_STYLE_COLOUR ( '', #1064 ) ;
#2578 = ORIENTED_EDGE ( 'NONE', *, *, #1638, .T. ) ;
#2579 = CIRCLE ( 'NONE', #195, 0.2999999999999999334 ) ;
#2580 = ADVANCED_FACE ( 'NONE', ( #1283 ), #703, .F. ) ;
#2581 = CARTESIAN_POINT ( 'NONE',  ( -6.650000000000002132, -3.499999999999999556, 3.460000000000000853 ) ) ;
#2582 = ORIENTED_EDGE ( 'NONE', *, *, #2718, .F. ) ;
#2583 = ADVANCED_FACE ( 'NONE', ( #2149 ), #54, .F. ) ;
#2584 = VECTOR ( 'NONE', #1376, 1000.000000000000000 ) ;
#2585 = FACE_OUTER_BOUND ( 'NONE', #1706, .T. ) ;
#2586 = DIRECTION ( 'NONE',  ( 0.000000000000000000, 0.000000000000000000, -1.000000000000000000 ) ) ;
#2587 = AXIS2_PLACEMENT_3D ( 'NONE', #2067, #851, #2159 ) ;
#2588 = CARTESIAN_POINT ( 'NONE',  ( -6.450000000000001954, -7.782623792124925721, 4.159999999999999254 ) ) ;
#2589 = ADVANCED_FACE ( 'NONE', ( #245 ), #839, .T. ) ;
#2590 = ORIENTED_EDGE ( 'NONE', *, *, #1490, .F. ) ;
#2591 = CARTESIAN_POINT ( 'NONE',  ( 3.259999999999999787, -3.499999999999999556, -3.634999999999998455 ) ) ;
#2592 = AXIS2_PLACEMENT_3D ( 'NONE', #681, #1100, #1510 ) ;
#2593 = CARTESIAN_POINT ( 'NONE',  ( -4.680000000000000604, 0.7999999999999999334, 3.099999999999998757 ) ) ;
#2594 = VECTOR ( 'NONE', #1433, 1000.000000000000000 ) ;
#2595 = DIRECTION ( 'NONE',  ( 1.000000000000000000, 0.000000000000000000, 6.590894665565380599E-16 ) ) ;
#2596 = CARTESIAN_POINT ( 'NONE',  ( 0.000000000000000000, -3.500000000000000000, 0.000000000000000000 ) ) ;
#2597 = VECTOR ( 'NONE', #555, 1000.000000000000000 ) ;
#2598 = VECTOR ( 'NONE', #2198, 1000.000000000000000 ) ;
#2599 = VERTEX_POINT ( 'NONE', #620 ) ;
#2600 = LINE ( 'NONE', #1773, #1259 ) ;
#2601 = CARTESIAN_POINT ( 'NONE',  ( 3.959999999999999076, 0.7999999999999999334, 3.984999999999999876 ) ) ;
#2602 = EDGE_CURVE ( 'NONE', #251, #2497, #2346, .T. ) ;
#2603 = DIRECTION ( 'NONE',  ( 0.000000000000000000, 0.000000000000000000, 1.000000000000000000 ) ) ;
#2604 = EDGE_LOOP ( 'NONE', ( #1733, #1043, #1895, #261 ) ) ;
#2605 = DIRECTION ( 'NONE',  ( -1.000000000000000000, 0.000000000000000000, 0.000000000000000000 ) ) ;
#2606 = VERTEX_POINT ( 'NONE', #1689 ) ;
#2607 = EDGE_CURVE ( 'NONE', #2614, #2000, #1458, .T. ) ;
#2608 = DIRECTION ( 'NONE',  ( -0.000000000000000000, 1.000000000000000000, 0.000000000000000000 ) ) ;
#2609 = CARTESIAN_POINT ( 'NONE',  ( 4.749999999999999112, 0.5000000000000004441, -4.950000000000001066 ) ) ;
#2610 = ORIENTED_EDGE ( 'NONE', *, *, #1023, .F. ) ;
#2611 = ORIENTED_EDGE ( 'NONE', *, *, #1020, .T. ) ;
#2612 = FACE_OUTER_BOUND ( 'NONE', #2184, .T. ) ;
#2613 = CARTESIAN_POINT ( 'NONE',  ( -6.650000000000000355, 0.7999999999999999334, -4.160000000000001918 ) ) ;
#2614 = VERTEX_POINT ( 'NONE', #2091 ) ;
#2615 = ORIENTED_EDGE ( 'NONE', *, *, #592, .F. ) ;
#2616 = CLOSED_SHELL ( 'NONE', ( #994, #419, #475, #1261, #2438, #1542, #1815, #818, #143, #570, #2312, #280, #1828, #1158, #956, #1798, #1790, #701, #2011, #276, #221, #1909, #136, #2180, #454, #2208, #2639, #2589, #2463, #123, #247, #1395, #1513, #1195, #2527, #213, #2069, #2151, #1890, #1559, #228, #977, #896, #673, #2275, #1253, #2446, #2385, #1845, #2490, #2060, #167, #774, #2474, #691, #1725, #913, #2327, #878 ) ) ;
#2617 = EDGE_LOOP ( 'NONE', ( #2065, #1142, #2705, #1079 ) ) ;
#2618 = DIRECTION ( 'NONE',  ( -1.000000000000000000, 0.000000000000000000, -5.595882180570350110E-16 ) ) ;
#2619 = CARTESIAN_POINT ( 'NONE',  ( 4.679999999999997051, 0.7999999999999999334, 2.229999999999998650 ) ) ;
#2620 = EDGE_CURVE ( 'NONE', #2537, #2353, #1730, .T. ) ;
#2621 = EDGE_LOOP ( 'NONE', ( #1834, #1612, #371, #616 ) ) ;
#2622 = ORIENTED_EDGE ( 'NONE', *, *, #1961, .F. ) ;
#2623 = CARTESIAN_POINT ( 'NONE',  ( 2.900000000000000799, 0.6999999999999999556, -2.229999999999996874 ) ) ;
#2624 = PLANE ( 'NONE',  #1182 ) ;
#2625 = VECTOR ( 'NONE', #1277, 1000.000000000000000 ) ;
#2626 = AXIS2_PLACEMENT_3D ( 'NONE', #2480, #594, #1443 ) ;
#2627 = EDGE_LOOP ( 'NONE', ( #1279, #2610, #2081, #181 ) ) ;
#2628 = CARTESIAN_POINT ( 'NONE',  ( -4.749999999999999112, 0.5000000000000004441, -5.249999999999998224 ) ) ;
#2629 = EDGE_CURVE ( 'NONE', #2098, #553, #1334, .T. ) ;
#2630 = ORIENTED_EDGE ( 'NONE', *, *, #1716, .F. ) ;
#2631 = DIRECTION ( 'NONE',  ( 1.000000000000000000, 0.000000000000000000, -6.505213034913037648E-15 ) ) ;
#2632 = FACE_OUTER_BOUND ( 'NONE', #1440, .T. ) ;
#2633 = VECTOR ( 'NONE', #336, 1000.000000000000000 ) ;
#2634 = EDGE_LOOP ( 'NONE', ( #706, #2684, #1289, #835 ) ) ;
#2635 = VECTOR ( 'NONE', #2429, 1000.000000000000000 ) ;
#2636 = CARTESIAN_POINT ( 'NONE',  ( -6.650000000000001243, 0.7999999999999999334, -3.460000000000002629 ) ) ;
#2637 = DIRECTION ( 'NONE',  ( -1.000000000000000000, 0.000000000000000000, 0.000000000000000000 ) ) ;
#2638 = VECTOR ( 'NONE', #1756, 1000.000000000000000 ) ;
#2639 = ADVANCED_FACE ( 'NONE', ( #864 ), #634, .T. ) ;
#2640 = VERTEX_POINT ( 'NONE', #1497 ) ;
#2641 = DIRECTION ( 'NONE',  ( 0.000000000000000000, -1.000000000000000000, 0.000000000000000000 ) ) ;
#2642 = DIRECTION ( 'NONE',  ( 0.000000000000000000, 0.000000000000000000, -1.000000000000000000 ) ) ;
#2643 = VERTEX_POINT ( 'NONE', #239 ) ;
#2644 = EDGE_CURVE ( 'NONE', #1971, #2216, #2740, .T. ) ;
#2645 = CARTESIAN_POINT ( 'NONE',  ( 5.249999999999999112, 0.5000000000000000000, -5.249999999999998224 ) ) ;
#2646 = CARTESIAN_POINT ( 'NONE',  ( 4.249999999999999112, 0.5000000000000000000, -4.950000000000000178 ) ) ;
#2647 = ORIENTED_EDGE ( 'NONE', *, *, #1854, .F. ) ;
#2648 = DIRECTION ( 'NONE',  ( 0.000000000000000000, 0.000000000000000000, 1.000000000000000000 ) ) ;
#2649 = DIRECTION ( 'NONE',  ( -0.000000000000000000, -1.000000000000000000, -0.000000000000000000 ) ) ;
#2650 = LINE ( 'NONE', #991, #250 ) ;
#2651 = DIRECTION ( 'NONE',  ( -1.000000000000000000, 0.000000000000000000, -0.000000000000000000 ) ) ;
#2652 = CARTESIAN_POINT ( 'NONE',  ( 6.500000000000000000, 0.7999999999999999334, -3.634999999999997566 ) ) ;
#2653 = DIRECTION ( 'NONE',  ( -0.000000000000000000, -1.000000000000000000, -0.000000000000000000 ) ) ;
#2654 = FACE_OUTER_BOUND ( 'NONE', #930, .T. ) ;
#2655 = ORIENTED_EDGE ( 'NONE', *, *, #1321, .T. ) ;
#2656 = FACE_OUTER_BOUND ( 'NONE', #85, .T. ) ;
#2657 = CARTESIAN_POINT ( 'NONE',  ( 1.899999999999998579, 0.6999999999999999556, 3.229999999999998650 ) ) ;
#2658 = EDGE_CURVE ( 'NONE', #639, #2640, #439, .T. ) ;
#2659 = AXIS2_PLACEMENT_3D ( 'NONE', #227, #1530, #1281 ) ;
#2660 = VERTEX_POINT ( 'NONE', #1249 ) ;
#2661 = AXIS2_PLACEMENT_3D ( 'NONE', #12, #2560, #254 ) ;
#2662 = DIRECTION ( 'NONE',  ( -0.000000000000000000, -1.000000000000000000, -0.000000000000000000 ) ) ;
#2663 = EDGE_CURVE ( 'NONE', #1461, #742, #2127, .T. ) ;
#2664 = AXIS2_PLACEMENT_3D ( 'NONE', #1547, #1354, #951 ) ;
#2665 = DIRECTION ( 'NONE',  ( 1.000000000000000000, 0.000000000000000000, -1.239088197126290669E-15 ) ) ;
#2666 = EDGE_CURVE ( 'NONE', #2216, #629, #2331, .T. ) ;
#2667 = CARTESIAN_POINT ( 'NONE',  ( 2.900000000000000355, 0.6999999999999999556, -3.229999999999996874 ) ) ;
#2668 = DIRECTION ( 'NONE',  ( 0.000000000000000000, -1.000000000000000000, 0.000000000000000000 ) ) ;
#2669 = ORIENTED_EDGE ( 'NONE', *, *, #79, .T. ) ;
#2670 = LINE ( 'NONE', #1824, #2047 ) ;
#2671 = AXIS2_PLACEMENT_3D ( 'NONE', #236, #2329, #420 ) ;
#2672 = ORIENTED_EDGE ( 'NONE', *, *, #25, .F. ) ;
#2673 = AXIS2_PLACEMENT_3D ( 'NONE', #699, #1350, #77 ) ;
#2674 = EDGE_CURVE ( 'NONE', #1893, #1636, #1469, .T. ) ;
#2675 = ORIENTED_EDGE ( 'NONE', *, *, #2197, .F. ) ;
#2676 = AXIS2_PLACEMENT_3D ( 'NONE', #2470, #1252, #198 ) ;
#2677 = VECTOR ( 'NONE', #113, 1000.000000000000000 ) ;
#2678 = DIRECTION ( 'NONE',  ( -1.000000000000000000, -0.000000000000000000, -0.000000000000000000 ) ) ;
#2679 = DIRECTION ( 'NONE',  ( 0.000000000000000000, -0.000000000000000000, -1.000000000000000000 ) ) ;
#2680 = LINE ( 'NONE', #2476, #2483 ) ;
#2681 = DIRECTION ( 'NONE',  ( 0.000000000000000000, 0.000000000000000000, -1.000000000000000000 ) ) ;
#2682 = LINE ( 'NONE', #769, #1603 ) ;
#2683 = EDGE_CURVE ( 'NONE', #1132, #2414, #1278, .T. ) ;
#2684 = ORIENTED_EDGE ( 'NONE', *, *, #2410, .T. ) ;
#2685 = CARTESIAN_POINT ( 'NONE',  ( -7.749999999999999112, 42.32164522684905705, -5.249999999999999112 ) ) ;
#2686 = SURFACE_STYLE_USAGE ( .BOTH. , #836 ) ;
#2687 = VERTEX_POINT ( 'NONE', #1871 ) ;
#2688 = ORIENTED_EDGE ( 'NONE', *, *, #1638, .F. ) ;
#2689 = EDGE_CURVE ( 'NONE', #374, #1876, #1934, .T. ) ;
#2690 = DIRECTION ( 'NONE',  ( 0.000000000000000000, 0.000000000000000000, -1.000000000000000000 ) ) ;
#2691 = DIRECTION ( 'NONE',  ( 1.000000000000000000, 0.000000000000000000, 0.000000000000000000 ) ) ;
#2692 = ADVANCED_FACE ( 'NONE', ( #1705 ), #2142, .F. ) ;
#2693 =( LENGTH_UNIT ( ) NAMED_UNIT ( * ) SI_UNIT ( .MILLI., .METRE. ) );
#2694 = DIRECTION ( 'NONE',  ( 0.000000000000000000, 0.000000000000000000, 1.000000000000000000 ) ) ;
#2695 = PLANE ( 'NONE',  #1426 ) ;
#2696 = EDGE_LOOP ( 'NONE', ( #1940, #1141, #1789, #1552 ) ) ;
#2697 = LINE ( 'NONE', #2079, #610 ) ;
#2698 = ADVANCED_FACE ( 'NONE', ( #2546 ), #881, .F. ) ;
#2699 = EDGE_LOOP ( 'NONE', ( #2360, #829, #1969 ) ) ;
#2700 = CLOSED_SHELL ( 'NONE', ( #1348, #664, #36, #1078, #1814, #1125 ) ) ;
#2701 = VERTEX_POINT ( 'NONE', #397 ) ;
#2702 = PRESENTATION_LAYER_ASSIGNMENT (  '', '', ( #2088 ) ) ;
#2703 = DIRECTION ( 'NONE',  ( -1.000000000000000000, 0.000000000000000000, -9.745637505487692338E-16 ) ) ;
#2704 = CIRCLE ( 'NONE', #2232, 0.2999999999999999334 ) ;
#2705 = ORIENTED_EDGE ( 'NONE', *, *, #74, .F. ) ;
#2706 = DIRECTION ( 'NONE',  ( -1.000000000000000000, -0.000000000000000000, -0.000000000000000000 ) ) ;
#2707 = CIRCLE ( 'NONE', #513, 0.3999999999999999667 ) ;
#2708 = DIRECTION ( 'NONE',  ( -1.000000000000000000, 0.000000000000000000, 1.239088197126290669E-15 ) ) ;
#2709 = CARTESIAN_POINT ( 'NONE',  ( 1.817157287525379639, 0.5000000000000000000, 3.417157287525379505 ) ) ;
#2710 = CARTESIAN_POINT ( 'NONE',  ( -6.650000000000001243, 0.7999999999999999334, 4.160000000000000142 ) ) ;
#2711 = EDGE_CURVE ( 'NONE', #292, #175, #1237, .T. ) ;
#2712 = AXIS2_PLACEMENT_3D ( 'NONE', #2442, #338, #1149 ) ;
#2713 = ORIENTED_EDGE ( 'NONE', *, *, #2499, .T. ) ;
#2714 = DIRECTION ( 'NONE',  ( 1.000000000000000000, 0.000000000000000000, 2.369840814175982443E-16 ) ) ;
#2715 = ORIENTED_EDGE ( 'NONE', *, *, #780, .F. ) ;
#2716 =( GEOMETRIC_REPRESENTATION_CONTEXT ( 3 ) GLOBAL_UNCERTAINTY_ASSIGNED_CONTEXT ( ( #1635 ) ) GLOBAL_UNIT_ASSIGNED_CONTEXT ( ( #2693, #393, #561 ) ) REPRESENTATION_CONTEXT ( 'NONE', 'WORKASPACE' ) );
#2717 = EDGE_LOOP ( 'NONE', ( #1019, #196, #1920, #1112, #1750, #1068, #2622, #2675, #1120, #729 ) ) ;
#2718 = EDGE_CURVE ( 'NONE', #974, #1958, #1124, .T. ) ;
#2719 = LINE ( 'NONE', #2153, #479 ) ;
#2720 = AXIS2_PLACEMENT_3D ( 'NONE', #1637, #1429, #569 ) ;
#2721 = AXIS2_PLACEMENT_3D ( 'NONE', #2009, #2404, #2389 ) ;
#2722 = ORIENTED_EDGE ( 'NONE', *, *, #493, .F. ) ;
#2723 = SURFACE_SIDE_STYLE ('',( #223 ) ) ;
#2724 = CARTESIAN_POINT ( 'NONE',  ( 0.000000000000000000, 0.7999999999999999334, 0.000000000000000000 ) ) ;
#2725 = LINE ( 'NONE', #2545, #417 ) ;
#2726 = DIRECTION ( 'NONE',  ( 0.000000000000000000, 0.000000000000000000, -1.000000000000000000 ) ) ;
#2727 = ORIENTED_EDGE ( 'NONE', *, *, #1337, .T. ) ;
#2728 = ADVANCED_FACE ( 'NONE', ( #423 ), #1326, .F. ) ;
#2729 = CARTESIAN_POINT ( 'NONE',  ( 5.079999999999999183, 0.7999999999999999334, 1.829999999999995630 ) ) ;
#2730 = CARTESIAN_POINT ( 'NONE',  ( 4.880000000000000782, 0.6999999999999999556, 1.156482317317875472E-15 ) ) ;
#2731 = VERTEX_POINT ( 'NONE', #2359 ) ;
#2732 = DIRECTION ( 'NONE',  ( 1.000000000000000000, 0.000000000000000000, 0.000000000000000000 ) ) ;
#2733 = ORIENTED_EDGE ( 'NONE', *, *, #1691, .F. ) ;
#2734 = PLANE ( 'NONE',  #204 ) ;
#2735 = ORIENTED_EDGE ( 'NONE', *, *, #1588, .T. ) ;
#2736 = AXIS2_PLACEMENT_3D ( 'NONE', #225, #2303, #834 ) ;
#2737 = CARTESIAN_POINT ( 'NONE',  ( -7.749999999999999112, 0.5000000000000000000, 5.250000000000000000 ) ) ;
#2738 = CARTESIAN_POINT ( 'NONE',  ( -6.650000000000000355, -3.499999999999999556, -4.160000000000001918 ) ) ;
#2739 = DIRECTION ( 'NONE',  ( 0.000000000000000000, 0.000000000000000000, 1.000000000000000000 ) ) ;
#2740 = LINE ( 'NONE', #180, #1634 ) ;
ENDSEC;
END-ISO-10303-21;
