ISO-10303-21;
HEADER;
FILE_DESCRIPTION (( 'STEP AP214' ),
    '1' );
FILE_NAME ('3-1462039-1.STEP',
    '2023-05-04T06:41:36',
    ( '' ),
    ( '' ),
    'SwSTEP 2.0',
    'SolidWorks 2022',
    '' );
FILE_SCHEMA (( 'AUTOMOTIVE_DESIGN' ));
ENDSEC;

DATA;
#1 =( NAMED_UNIT ( * ) SI_UNIT ( $, .STERADIAN. ) SOLID_ANGLE_UNIT ( ) );
#2 =( NAMED_UNIT ( * ) PLANE_ANGLE_UNIT ( ) SI_UNIT ( $, .RADIAN. ) );
#3 = CIRCLE ( 'NONE', #2478, 0.3000000000000004330 ) ;
#4 = EDGE_CURVE ( 'NONE', #668, #1906, #4375, .T. ) ;
#5 =( NAMED_UNIT ( * ) PLANE_ANGLE_UNIT ( ) SI_UNIT ( $, .RADIAN. ) );
#6 = UNCERTAINTY_MEASURE_WITH_UNIT (LENGTH_MEASURE( 1.000000000000000082E-05 ), #539, 'distance_accuracy_value', 'NONE');
#7 = DIRECTION ( 'NONE',  ( -0.000000000000000000, 0.9986295347545737222, 0.05233595624294862941 ) ) ;
#8 = ORIENTED_EDGE ( 'NONE', *, *, #3023, .T. ) ;
#9 =( NAMED_UNIT ( * ) PLANE_ANGLE_UNIT ( ) SI_UNIT ( $, .RADIAN. ) );
#10 = ORIENTED_EDGE ( 'NONE', *, *, #3305, .T. ) ;
#11 = LINE ( 'NONE', #2846, #4045 ) ;
#12 = ADVANCED_FACE ( 'NONE', ( #5240 ), #1439, .F. ) ;
#13 = UNCERTAINTY_MEASURE_WITH_UNIT (LENGTH_MEASURE( 1.000000000000000082E-05 ), #29, 'distance_accuracy_value', 'NONE');
#14 = ORIENTED_EDGE ( 'NONE', *, *, #4991, .T. ) ;
#15 = FILL_AREA_STYLE ('',( #1597 ) ) ;
#16 = ORIENTED_EDGE ( 'NONE', *, *, #946, .T. ) ;
#17 = FILL_AREA_STYLE ('',( #436 ) ) ;
#18 = VECTOR ( 'NONE', #3933, 1000.000000000000000 ) ;
#19 = FILL_AREA_STYLE ('',( #5148 ) ) ;
#20 = CARTESIAN_POINT ( 'NONE',  ( -1.850000000000000089, 1.300000000000000266, -1.199999999999999956 ) ) ;
#21 = FILL_AREA_STYLE ('',( #5119 ) ) ;
#22 =( LENGTH_UNIT ( ) NAMED_UNIT ( * ) SI_UNIT ( .MILLI., .METRE. ) );
#23 = AXIS2_PLACEMENT_3D ( 'NONE', #920, #3034, #977 ) ;
#24 = PRESENTATION_STYLE_ASSIGNMENT (( #3763 ) ) ;
#25 = FACE_OUTER_BOUND ( 'NONE', #69, .T. ) ;
#26 = VECTOR ( 'NONE', #4299, 1000.000000000000000 ) ;
#27 = VECTOR ( 'NONE', #3370, 1000.000000000000000 ) ;
#28 = FACE_OUTER_BOUND ( 'NONE', #1735, .T. ) ;
#29 =( LENGTH_UNIT ( ) NAMED_UNIT ( * ) SI_UNIT ( .MILLI., .METRE. ) );
#30 = ORIENTED_EDGE ( 'NONE', *, *, #5376, .T. ) ;
#31 = LINE ( 'NONE', #816, #5320 ) ;
#32 = ADVANCED_BREP_SHAPE_REPRESENTATION ( '3-1462039-1', ( #3371, #4071 ), #1786 ) ;
#33 = LINE ( 'NONE', #3799, #1146 ) ;
#34 = AXIS2_PLACEMENT_3D ( 'NONE', #3490, #5167, #4718 ) ;
#35 = DIRECTION ( 'NONE',  ( 1.000000000000000000, 0.000000000000000000, -0.000000000000000000 ) ) ;
#36 = FILL_AREA_STYLE_COLOUR ( '', #3767 ) ;
#37 = ORIENTED_EDGE ( 'NONE', *, *, #522, .T. ) ;
#38 = LINE ( 'NONE', #455, #4334 ) ;
#39 = COLOUR_RGB ( '',0.9803921568627450567, 0.9411764705882352811, 0.7843137254901960675 ) ;
#40 = VECTOR ( 'NONE', #4078, 1000.000000000000000 ) ;
#41 = CARTESIAN_POINT ( 'NONE',  ( 4.000000000000000000, 2.689999999999999947, -0.2052340201468999814 ) ) ;
#42 = ADVANCED_FACE ( 'NONE', ( #5267 ), #1523, .T. ) ;
#43 = PRESENTATION_STYLE_ASSIGNMENT (( #2273 ) ) ;
#44 = FACE_OUTER_BOUND ( 'NONE', #283, .T. ) ;
#45 = FILL_AREA_STYLE_COLOUR ( '', #335 ) ;
#46 = AXIS2_PLACEMENT_3D ( 'NONE', #3910, #3068, #1405 ) ;
#47 = STYLED_ITEM ( 'NONE', ( #3523 ), #976 ) ;
#48 = ORIENTED_EDGE ( 'NONE', *, *, #502, .T. ) ;
#49 = DIRECTION ( 'NONE',  ( 0.000000000000000000, 0.000000000000000000, -1.000000000000000000 ) ) ;
#50 = EDGE_CURVE ( 'NONE', #2720, #213, #3654, .T. ) ;
#51 = CARTESIAN_POINT ( 'NONE',  ( -4.912132034355965793, 2.700000000000000178, -5.562132034355965260 ) ) ;
#52 = DIRECTION ( 'NONE',  ( -0.000000000000000000, 0.9986295347545737222, 0.05233595624294862941 ) ) ;
#53 = FILL_AREA_STYLE ('',( #3926 ) ) ;
#54 = DIRECTION ( 'NONE',  ( 1.000000000000000000, 0.000000000000000000, 0.000000000000000000 ) ) ;
#55 = SURFACE_SIDE_STYLE ('',( #3792 ) ) ;
#56 = DIRECTION ( 'NONE',  ( -0.000000000000000000, 1.000000000000000000, 0.000000000000000000 ) ) ;
#57 = LINE ( 'NONE', #5396, #4560 ) ;
#58 = EDGE_CURVE ( 'NONE', #985, #5228, #461, .T. ) ;
#59 = DIRECTION ( 'NONE',  ( -1.000000000000000000, 0.000000000000000000, 0.000000000000000000 ) ) ;
#60 = VECTOR ( 'NONE', #54, 1000.000000000000000 ) ;
#61 = SURFACE_STYLE_FILL_AREA ( #1612 ) ;
#62 = DIRECTION ( 'NONE',  ( 0.000000000000000000, 0.9986295347545736112, 0.05233595624294862247 ) ) ;
#63 = FILL_AREA_STYLE ('',( #1272 ) ) ;
#64 = FILL_AREA_STYLE ('',( #3880 ) ) ;
#65 = SURFACE_STYLE_FILL_AREA ( #5439 ) ;
#66 = CARTESIAN_POINT ( 'NONE',  ( 4.995803989154990354, 1.199999999999999734, -5.400000000000000355 ) ) ;
#67 = ORIENTED_EDGE ( 'NONE', *, *, #488, .T. ) ;
#68 = FILL_AREA_STYLE_COLOUR ( '', #4858 ) ;
#69 = EDGE_LOOP ( 'NONE', ( #1233, #1389, #4538, #5130 ) ) ;
#70 = SURFACE_SIDE_STYLE ('',( #4685 ) ) ;
#71 = DIRECTION ( 'NONE',  ( 1.000000000000000000, 0.000000000000000000, 0.000000000000000000 ) ) ;
#72 = MECHANICAL_DESIGN_GEOMETRIC_PRESENTATION_REPRESENTATION (  '', ( #2444 ), #255 ) ;
#73 = FILL_AREA_STYLE_COLOUR ( '', #4894 ) ;
#74 = UNCERTAINTY_MEASURE_WITH_UNIT (LENGTH_MEASURE( 1.000000000000000082E-05 ), #2132, 'distance_accuracy_value', 'NONE');
#75 = VERTEX_POINT ( 'NONE', #3219 ) ;
#76 = LINE ( 'NONE', #3487, #5357 ) ;
#77 = ORIENTED_EDGE ( 'NONE', *, *, #678, .T. ) ;
#78 = VECTOR ( 'NONE', #4151, 1000.000000000000000 ) ;
#79 =( NAMED_UNIT ( * ) PLANE_ANGLE_UNIT ( ) SI_UNIT ( $, .RADIAN. ) );
#80 = CARTESIAN_POINT ( 'NONE',  ( 0.000000000000000000, -2.689999999999999947, -1.199999999999999956 ) ) ;
#81 = CARTESIAN_POINT ( 'NONE',  ( -4.700000000000000178, -2.730000000000000426, -1.199999999999999956 ) ) ;
#82 = MECHANICAL_DESIGN_GEOMETRIC_PRESENTATION_REPRESENTATION (  '', ( #3328 ), #527 ) ;
#83 = FILL_AREA_STYLE ('',( #1833 ) ) ;
#84 = ADVANCED_FACE ( 'NONE', ( #2831 ), #1933, .T. ) ;
#85 =( LENGTH_UNIT ( ) NAMED_UNIT ( * ) SI_UNIT ( .MILLI., .METRE. ) );
#86 = CARTESIAN_POINT ( 'NONE',  ( 0.000000000000000000, -2.540000000000000036, -1.199999999999999956 ) ) ;
#87 = PRESENTATION_STYLE_ASSIGNMENT (( #895 ) ) ;
#88 = VECTOR ( 'NONE', #2693, 1000.000000000000000 ) ;
#89 = ADVANCED_FACE ( 'NONE', ( #3795 ), #896, .T. ) ;
#90 = EDGE_CURVE ( 'NONE', #2357, #4055, #2887, .T. ) ;
#91 =( NAMED_UNIT ( * ) SI_UNIT ( $, .STERADIAN. ) SOLID_ANGLE_UNIT ( ) );
#92 = DIRECTION ( 'NONE',  ( -1.000000000000000000, -0.000000000000000000, -0.000000000000000000 ) ) ;
#93 = VECTOR ( 'NONE', #2816, 1000.000000000000114 ) ;
#94 = STYLED_ITEM ( 'NONE', ( #1253 ), #3514 ) ;
#95 = SURFACE_STYLE_FILL_AREA ( #63 ) ;
#96 = EDGE_CURVE ( 'NONE', #2403, #1951, #5010, .T. ) ;
#97 = CARTESIAN_POINT ( 'NONE',  ( 4.000000000000000000, 2.689999999999999947, -0.2052340201469000647 ) ) ;
#98 = VERTEX_POINT ( 'NONE', #3389 ) ;
#99 = PRESENTATION_LAYER_ASSIGNMENT (  '', '', ( #1940 ) ) ;
#100 = AXIS2_PLACEMENT_3D ( 'NONE', #144, #1323, #5122 ) ;
#101 = CARTESIAN_POINT ( 'NONE',  ( -3.600000000000000533, 0.000000000000000000, -1.199999999999999956 ) ) ;
#102 = VERTEX_POINT ( 'NONE', #3712 ) ;
#103 = CARTESIAN_POINT ( 'NONE',  ( 3.600000000000000533, 0.000000000000000000, -1.000000000000000000 ) ) ;
#104 = DIRECTION ( 'NONE',  ( 1.000000000000000000, 0.000000000000000000, -0.000000000000000000 ) ) ;
#105 = COLOUR_RGB ( '',0.8431372549019607865, 0.8431372549019607865, 0.8431372549019607865 ) ;
#106 = LINE ( 'NONE', #3457, #4985 ) ;
#107 = ORIENTED_EDGE ( 'NONE', *, *, #651, .T. ) ;
#108 = PRESENTATION_STYLE_ASSIGNMENT (( #4250 ) ) ;
#109 = VERTEX_POINT ( 'NONE', #4566 ) ;
#110 = SURFACE_SIDE_STYLE ('',( #550 ) ) ;
#111 = CARTESIAN_POINT ( 'NONE',  ( -2.799999999999999822, -0.6445517328095999865, -0.2500000000000000000 ) ) ;
#112 = DIRECTION ( 'NONE',  ( -0.000000000000000000, -0.000000000000000000, 1.000000000000000000 ) ) ;
#113 = SURFACE_STYLE_USAGE ( .BOTH. , #2201 ) ;
#114 = CARTESIAN_POINT ( 'NONE',  ( 0.000000000000000000, 0.000000000000000000, -5.599999999999999645 ) ) ;
#115 = FACE_OUTER_BOUND ( 'NONE', #333, .T. ) ;
#116 = DIRECTION ( 'NONE',  ( -1.000000000000000000, -0.000000000000000000, 0.000000000000000000 ) ) ;
#117 = CARTESIAN_POINT ( 'NONE',  ( 1.850000000000000089, -1.300000000000003819, -0.6284232335022940097 ) ) ;
#118 = EDGE_CURVE ( 'NONE', #3639, #1738, #789, .T. ) ;
#119 = LINE ( 'NONE', #4289, #4397 ) ;
#120 = VECTOR ( 'NONE', #3140, 1000.000000000000000 ) ;
#121 = FILL_AREA_STYLE ('',( #3522 ) ) ;
#122 = MECHANICAL_DESIGN_GEOMETRIC_PRESENTATION_REPRESENTATION (  '', ( #3986 ), #3116 ) ;
#123 = EDGE_CURVE ( 'NONE', #5110, #1098, #2226, .T. ) ;
#124 =( NAMED_UNIT ( * ) PLANE_ANGLE_UNIT ( ) SI_UNIT ( $, .RADIAN. ) );
#125 = UNCERTAINTY_MEASURE_WITH_UNIT (LENGTH_MEASURE( 1.000000000000000082E-05 ), #5226, 'distance_accuracy_value', 'NONE');
#126 = CARTESIAN_POINT ( 'NONE',  ( 4.700000000000000178, -3.000000000000000000, -1.000000000000000000 ) ) ;
#127 = VERTEX_POINT ( 'NONE', #2521 ) ;
#128 = ORIENTED_EDGE ( 'NONE', *, *, #254, .T. ) ;
#129 = PRESENTATION_STYLE_ASSIGNMENT (( #1441 ) ) ;
#130 = ORIENTED_EDGE ( 'NONE', *, *, #2775, .T. ) ;
#131 = LINE ( 'NONE', #3046, #5388 ) ;
#132 = MECHANICAL_DESIGN_GEOMETRIC_PRESENTATION_REPRESENTATION (  '', ( #4867 ), #4075 ) ;
#133 = CARTESIAN_POINT ( 'NONE',  ( -0.8000000000000000444, 2.540000000000000036, -0.06288933513965132283 ) ) ;
#134 =( LENGTH_UNIT ( ) NAMED_UNIT ( * ) SI_UNIT ( .MILLI., .METRE. ) );
#135 = VERTEX_POINT ( 'NONE', #4234 ) ;
#136 = DIRECTION ( 'NONE',  ( 0.000000000000000000, -0.05233595624294862941, 0.9986295347545737222 ) ) ;
#137 = ORIENTED_EDGE ( 'NONE', *, *, #314, .F. ) ;
#138 = CARTESIAN_POINT ( 'NONE',  ( 2.800000000000000266, 0.000000000000000000, -1.040000000000000036 ) ) ;
#139 = CARTESIAN_POINT ( 'NONE',  ( 2.850000000000000089, 0.000000000000000000, -1.199999999999999956 ) ) ;
#140 = CARTESIAN_POINT ( 'NONE',  ( -0.8000000000000000444, 3.747850393435999905, -0.1497944302131999916 ) ) ;
#141 =( NAMED_UNIT ( * ) PLANE_ANGLE_UNIT ( ) SI_UNIT ( $, .RADIAN. ) );
#142 = ORIENTED_EDGE ( 'NONE', *, *, #1108, .F. ) ;
#143 = DIRECTION ( 'NONE',  ( -0.000000000000000000, -0.000000000000000000, -1.000000000000000000 ) ) ;
#144 = CARTESIAN_POINT ( 'NONE',  ( 2.850000000000000089, -1.300000000000000266, -1.199999999999999956 ) ) ;
#145 =( NAMED_UNIT ( * ) PLANE_ANGLE_UNIT ( ) SI_UNIT ( $, .RADIAN. ) );
#146 = SURFACE_STYLE_FILL_AREA ( #3476 ) ;
#147 = STYLED_ITEM ( 'NONE', ( #1030 ), #2102 ) ;
#148 = FILL_AREA_STYLE_COLOUR ( '', #1280 ) ;
#149 = ORIENTED_EDGE ( 'NONE', *, *, #901, .T. ) ;
#151 = ORIENTED_EDGE ( 'NONE', *, *, #454, .F. ) ;
#150 = EDGE_CURVE ( 'NONE', #881, #4437, #4181, .T. ) ;
#152 = ORIENTED_EDGE ( 'NONE', *, *, #4210, .F. ) ;
#153 = COLOUR_RGB ( '',0.9803921568627450567, 0.9411764705882352811, 0.7843137254901960675 ) ;
#154 = FACE_OUTER_BOUND ( 'NONE', #4407, .T. ) ;
#155 =( GEOMETRIC_REPRESENTATION_CONTEXT ( 3 ) GLOBAL_UNCERTAINTY_ASSIGNED_CONTEXT ( ( #4028 ) ) GLOBAL_UNIT_ASSIGNED_CONTEXT ( ( #5272, #3592, #1075 ) ) REPRESENTATION_CONTEXT ( 'NONE', 'WORKASPACE' ) );
#156 = CARTESIAN_POINT ( 'NONE',  ( 4.800994791221704361, 2.995513302679607914, -5.401690307983132655 ) ) ;
#157 = EDGE_LOOP ( 'NONE', ( #2896, #1500, #2951, #3286 ) ) ;
#158 = EDGE_CURVE ( 'NONE', #1234, #5165, #473, .T. ) ;
#159 = EDGE_LOOP ( 'NONE', ( #4194, #3789, #883, #396, #3883, #3479, #3187, #1653 ) ) ;
#160 = FACE_OUTER_BOUND ( 'NONE', #4118, .T. ) ;
#161 = CARTESIAN_POINT ( 'NONE',  ( 4.485878119317072255, -2.700000000000000622, -5.560123345235140846 ) ) ;
#162 = COLOUR_RGB ( '',0.8431372549019607865, 0.8431372549019607865, 0.8431372549019607865 ) ;
#163 = ORIENTED_EDGE ( 'NONE', *, *, #631, .T. ) ;
#164 = CARTESIAN_POINT ( 'NONE',  ( -2.799999999999999822, 1.300000000000000266, -1.040000000000000036 ) ) ;
#165 =( NAMED_UNIT ( * ) PLANE_ANGLE_UNIT ( ) SI_UNIT ( $, .RADIAN. ) );
#166 = MECHANICAL_DESIGN_GEOMETRIC_PRESENTATION_REPRESENTATION (  '', ( #260 ), #761 ) ;
#167 = CARTESIAN_POINT ( 'NONE',  ( -4.000000000000000000, 2.689999999999999947, -1.000000000000000000 ) ) ;
#168 = CARTESIAN_POINT ( 'NONE',  ( 4.995803989154990354, 2.700000000000000178, -5.399999999999999467 ) ) ;
#169 = DIRECTION ( 'NONE',  ( 0.000000000000000000, 0.000000000000000000, -1.000000000000000000 ) ) ;
#170 = VECTOR ( 'NONE', #5175, 1000.000000000000114 ) ;
#171 = MECHANICAL_DESIGN_GEOMETRIC_PRESENTATION_REPRESENTATION (  '', ( #5187 ), #4825 ) ;
#172 = UNCERTAINTY_MEASURE_WITH_UNIT (LENGTH_MEASURE( 1.000000000000000082E-05 ), #3538, 'distance_accuracy_value', 'NONE');
#173 = DIRECTION ( 'NONE',  ( -0.000000000000000000, 0.000000000000000000, -1.000000000000000000 ) ) ;
#174 = ORIENTED_EDGE ( 'NONE', *, *, #123, .F. ) ;
#175 = FILL_AREA_STYLE_COLOUR ( '', #1968 ) ;
#176 = ORIENTED_EDGE ( 'NONE', *, *, #1016, .F. ) ;
#177 = PRESENTATION_LAYER_ASSIGNMENT (  '', '', ( #2027 ) ) ;
#178 = AXIS2_PLACEMENT_3D ( 'NONE', #3306, #4165, #169 ) ;
#179 = CARTESIAN_POINT ( 'NONE',  ( 3.600000000000000533, 2.540000000000000036, -1.199999999999999956 ) ) ;
#180 = EDGE_CURVE ( 'NONE', #3378, #1822, #2396, .T. ) ;
#181 = FILL_AREA_STYLE ('',( #3945 ) ) ;
#182 = COLOUR_RGB ( '',0.9803921568627450567, 0.9411764705882352811, 0.7843137254901960675 ) ;
#183 = FILL_AREA_STYLE_COLOUR ( '', #3329 ) ;
#184 = ORIENTED_EDGE ( 'NONE', *, *, #3243, .T. ) ;
#185 = CARTESIAN_POINT ( 'NONE',  ( -4.000000000000000000, 3.747850393435999905, -0.1497944302131999916 ) ) ;
#186 = ORIENTED_EDGE ( 'NONE', *, *, #2609, .T. ) ;
#187 = DIRECTION ( 'NONE',  ( 0.000000000000000000, 0.000000000000000000, -1.000000000000000000 ) ) ;
#188 = PRESENTATION_LAYER_ASSIGNMENT (  '', '', ( #1482 ) ) ;
#189 = COLOUR_RGB ( '',0.8431372549019607865, 0.8431372549019607865, 0.8431372549019607865 ) ;
#190 = DIRECTION ( 'NONE',  ( -0.000000000000000000, -0.000000000000000000, -1.000000000000000000 ) ) ;
#191 = EDGE_CURVE ( 'NONE', #603, #4409, #2545, .T. ) ;
#192 = FACE_OUTER_BOUND ( 'NONE', #423, .T. ) ;
#193 = VERTEX_POINT ( 'NONE', #168 ) ;
#194 = CARTESIAN_POINT ( 'NONE',  ( -5.000000000000000000, -2.700000000000000178, -1.000000000000000000 ) ) ;
#195 =( NAMED_UNIT ( * ) PLANE_ANGLE_UNIT ( ) SI_UNIT ( $, .RADIAN. ) );
#196 = PLANE ( 'NONE',  #2528 ) ;
#197 = DIRECTION ( 'NONE',  ( 0.000000000000000000, 0.000000000000000000, -1.000000000000000000 ) ) ;
#198 = LINE ( 'NONE', #3549, #888 ) ;
#199 = VECTOR ( 'NONE', #4622, 1000.000000000000000 ) ;
#200 = STYLED_ITEM ( 'NONE', ( #2452 ), #342 ) ;
#201 = PLANE ( 'NONE',  #4930 ) ;
#202 = SURFACE_STYLE_FILL_AREA ( #3969 ) ;
#203 = CARTESIAN_POINT ( 'NONE',  ( -4.700000000000000178, 2.700000000000000178, -1.199999999999999956 ) ) ;
#204 = ORIENTED_EDGE ( 'NONE', *, *, #1132, .F. ) ;
#205 =( GEOMETRIC_REPRESENTATION_CONTEXT ( 3 ) GLOBAL_UNCERTAINTY_ASSIGNED_CONTEXT ( ( #4187 ) ) GLOBAL_UNIT_ASSIGNED_CONTEXT ( ( #2031, #2472, #3075 ) ) REPRESENTATION_CONTEXT ( 'NONE', 'WORKASPACE' ) );
#206 = ORIENTED_EDGE ( 'NONE', *, *, #4218, .F. ) ;
#207 = DIRECTION ( 'NONE',  ( 0.000000000000000000, -1.000000000000000000, -0.000000000000000000 ) ) ;
#208 = VERTEX_POINT ( 'NONE', #1430 ) ;
#209 = MECHANICAL_DESIGN_GEOMETRIC_PRESENTATION_REPRESENTATION (  '', ( #4593 ), #4678 ) ;
#210 = FILL_AREA_STYLE ('',( #286 ) ) ;
#211 =( GEOMETRIC_REPRESENTATION_CONTEXT ( 3 ) GLOBAL_UNCERTAINTY_ASSIGNED_CONTEXT ( ( #4689 ) ) GLOBAL_UNIT_ASSIGNED_CONTEXT ( ( #2705, #2302, #596 ) ) REPRESENTATION_CONTEXT ( 'NONE', 'WORKASPACE' ) );
#212 = CARTESIAN_POINT ( 'NONE',  ( 4.849107402443140202, 3.012805871005630021, -5.302828757777177771 ) ) ;
#213 = VERTEX_POINT ( 'NONE', #5208 ) ;
#214 = CARTESIAN_POINT ( 'NONE',  ( -0.8000000000000000444, 2.689999999999999947, -0.2052340201469000924 ) ) ;
#215 = ORIENTED_EDGE ( 'NONE', *, *, #3576, .T. ) ;
#216 = PRESENTATION_LAYER_ASSIGNMENT (  '', '', ( #2405 ) ) ;
#217 = DIRECTION ( 'NONE',  ( 0.000000000000000000, -0.000000000000000000, 1.000000000000000000 ) ) ;
#218 = CARTESIAN_POINT ( 'NONE',  ( 4.786937359832101890, -2.700000000000001510, -5.687326708879826498 ) ) ;
#219 =( LENGTH_UNIT ( ) NAMED_UNIT ( * ) SI_UNIT ( .MILLI., .METRE. ) );
#220 = VECTOR ( 'NONE', #2956, 1000.000000000000000 ) ;
#221 = DIRECTION ( 'NONE',  ( 0.000000000000000000, -0.8660254037844289376, 0.5000000000000167644 ) ) ;
#222 = VERTEX_POINT ( 'NONE', #4729 ) ;
#223 = EDGE_CURVE ( 'NONE', #2105, #4742, #2651, .T. ) ;
#224 = CARTESIAN_POINT ( 'NONE',  ( -0.8000000000000000444, -3.747850393435999905, -0.1497944302131999916 ) ) ;
#225 = DIRECTION ( 'NONE',  ( 0.000000000000000000, 0.000000000000000000, 1.000000000000000000 ) ) ;
#226 =( GEOMETRIC_REPRESENTATION_CONTEXT ( 3 ) GLOBAL_UNCERTAINTY_ASSIGNED_CONTEXT ( ( #670 ) ) GLOBAL_UNIT_ASSIGNED_CONTEXT ( ( #924, #3477, #1038 ) ) REPRESENTATION_CONTEXT ( 'NONE', 'WORKASPACE' ) );
#227 =( LENGTH_UNIT ( ) NAMED_UNIT ( * ) SI_UNIT ( .MILLI., .METRE. ) );
#228 = DIRECTION ( 'NONE',  ( 0.000000000000000000, 0.000000000000000000, -1.000000000000000000 ) ) ;
#229 = ADVANCED_FACE ( 'NONE', ( #1816 ), #3965, .F. ) ;
#230 = DIRECTION ( 'NONE',  ( -0.000000000000000000, 0.000000000000000000, 1.000000000000000000 ) ) ;
#231 = PRESENTATION_STYLE_ASSIGNMENT (( #2803 ) ) ;
#232 = CARTESIAN_POINT ( 'NONE',  ( -5.001655327279213026, -2.823189846542532244, -5.473189846542532599 ) ) ;
#233 = UNCERTAINTY_MEASURE_WITH_UNIT (LENGTH_MEASURE( 1.000000000000000082E-05 ), #3967, 'distance_accuracy_value', 'NONE');
#234 =( NAMED_UNIT ( * ) PLANE_ANGLE_UNIT ( ) SI_UNIT ( $, .RADIAN. ) );
#235 = VERTEX_POINT ( 'NONE', #1004 ) ;
#236 = VERTEX_POINT ( 'NONE', #2725 ) ;
#237 = ORIENTED_EDGE ( 'NONE', *, *, #2821, .F. ) ;
#238 =( NAMED_UNIT ( * ) PLANE_ANGLE_UNIT ( ) SI_UNIT ( $, .RADIAN. ) );
#239 = CARTESIAN_POINT ( 'NONE',  ( -2.850000000000000089, 2.012871870789000095, -1.040000000000000036 ) ) ;
#240 = UNCERTAINTY_MEASURE_WITH_UNIT (LENGTH_MEASURE( 1.000000000000000082E-05 ), #1982, 'distance_accuracy_value', 'NONE');
#241 =( NAMED_UNIT ( * ) SI_UNIT ( $, .STERADIAN. ) SOLID_ANGLE_UNIT ( ) );
#242 = ORIENTED_EDGE ( 'NONE', *, *, #4287, .T. ) ;
#243 = DIRECTION ( 'NONE',  ( -1.000000000000000000, -0.000000000000000000, -0.000000000000000000 ) ) ;
#244 = VERTEX_POINT ( 'NONE', #612 ) ;
#245 = DIRECTION ( 'NONE',  ( -0.7071067811865475727, 0.000000000000000000, -0.7071067811865475727 ) ) ;
#246 = CARTESIAN_POINT ( 'NONE',  ( 0.000000000000000000, 2.540000000000000036, -1.199999999999999956 ) ) ;
#247 = MECHANICAL_DESIGN_GEOMETRIC_PRESENTATION_REPRESENTATION (  '', ( #4018 ), #3055 ) ;
#248 = LINE ( 'NONE', #2770, #673 ) ;
#249 = FACE_OUTER_BOUND ( 'NONE', #371, .T. ) ;
#250 = ORIENTED_EDGE ( 'NONE', *, *, #3338, .F. ) ;
#251 = COLOUR_RGB ( '',0.9803921568627450567, 0.9411764705882352811, 0.7843137254901960675 ) ;
#252 = DIRECTION ( 'NONE',  ( 0.000000000000000000, 0.9986295347545736112, -0.05233595624294862247 ) ) ;
#253 = SURFACE_STYLE_USAGE ( .BOTH. , #4015 ) ;
#254 = EDGE_CURVE ( 'NONE', #3566, #3974, #3904, .T. ) ;
#255 =( GEOMETRIC_REPRESENTATION_CONTEXT ( 3 ) GLOBAL_UNCERTAINTY_ASSIGNED_CONTEXT ( ( #1942 ) ) GLOBAL_UNIT_ASSIGNED_CONTEXT ( ( #3717, #2052, #1620 ) ) REPRESENTATION_CONTEXT ( 'NONE', 'WORKASPACE' ) );
#256 = LINE ( 'NONE', #4644, #1494 ) ;
#257 =( GEOMETRIC_REPRESENTATION_CONTEXT ( 3 ) GLOBAL_UNCERTAINTY_ASSIGNED_CONTEXT ( ( #4082 ) ) GLOBAL_UNIT_ASSIGNED_CONTEXT ( ( #227, #1899, #5317 ) ) REPRESENTATION_CONTEXT ( 'NONE', 'WORKASPACE' ) );
#258 = EDGE_CURVE ( 'NONE', #1314, #3100, #4401, .T. ) ;
#259 = EDGE_CURVE ( 'NONE', #1175, #2703, #198, .T. ) ;
#260 = STYLED_ITEM ( 'NONE', ( #2339 ), #2861 ) ;
#261 =( NAMED_UNIT ( * ) SI_UNIT ( $, .STERADIAN. ) SOLID_ANGLE_UNIT ( ) );
#262 = EDGE_LOOP ( 'NONE', ( #3369, #4681, #142 ) ) ;
#263 = DIRECTION ( 'NONE',  ( -0.000000000000000000, 1.000000000000000000, 0.000000000000000000 ) ) ;
#264 = ORIENTED_EDGE ( 'NONE', *, *, #393, .T. ) ;
#265 = AXIS2_PLACEMENT_3D ( 'NONE', #764, #5441, #2868 ) ;
#266 = ADVANCED_FACE ( 'NONE', ( #1378, #2185 ), #4703, .T. ) ;
#267 = ORIENTED_EDGE ( 'NONE', *, *, #2481, .T. ) ;
#268 = VECTOR ( 'NONE', #918, 1000.000000000000000 ) ;
#269 = ORIENTED_EDGE ( 'NONE', *, *, #2615, .T. ) ;
#270 = PRESENTATION_STYLE_ASSIGNMENT (( #1535 ) ) ;
#271 = VECTOR ( 'NONE', #2480, 1000.000000000000227 ) ;
#272 = CARTESIAN_POINT ( 'NONE',  ( 4.838794691956771921, -2.877052006648533222, -5.635469376755158244 ) ) ;
#273 = FILL_AREA_STYLE_COLOUR ( '', #1551 ) ;
#274 = ORIENTED_EDGE ( 'NONE', *, *, #118, .T. ) ;
#275 = SURFACE_STYLE_FILL_AREA ( #1922 ) ;
#276 = DIRECTION ( 'NONE',  ( -0.000000000000000000, 0.000000000000000000, -1.000000000000000000 ) ) ;
#277 = STYLED_ITEM ( 'NONE', ( #2503 ), #5100 ) ;
#278 = FILL_AREA_STYLE_COLOUR ( '', #429 ) ;
#279 = PRESENTATION_STYLE_ASSIGNMENT (( #305 ) ) ;
#280 = ADVANCED_FACE ( 'NONE', ( #3165 ), #5359, .T. ) ;
#281 = SURFACE_SIDE_STYLE ('',( #4021 ) ) ;
#282 = ORIENTED_EDGE ( 'NONE', *, *, #4423, .F. ) ;
#283 = EDGE_LOOP ( 'NONE', ( #2706, #3655, #2927, #619 ) ) ;
#284 = ADVANCED_FACE ( 'NONE', ( #3577 ), #731, .T. ) ;
#285 = COLOUR_RGB ( '',0.8431372549019607865, 0.8431372549019607865, 0.8431372549019607865 ) ;
#286 = FILL_AREA_STYLE_COLOUR ( '', #4236 ) ;
#287 = DIRECTION ( 'NONE',  ( 0.000000000000000000, 1.000000000000000000, -0.000000000000000000 ) ) ;
#288 = UNCERTAINTY_MEASURE_WITH_UNIT (LENGTH_MEASURE( 1.000000000000000082E-05 ), #344, 'distance_accuracy_value', 'NONE');
#289 = ORIENTED_EDGE ( 'NONE', *, *, #1692, .F. ) ;
#290 =( GEOMETRIC_REPRESENTATION_CONTEXT ( 3 ) GLOBAL_UNCERTAINTY_ASSIGNED_CONTEXT ( ( #4582 ) ) GLOBAL_UNIT_ASSIGNED_CONTEXT ( ( #535, #562, #1787 ) ) REPRESENTATION_CONTEXT ( 'NONE', 'WORKASPACE' ) );
#291 =( LENGTH_UNIT ( ) NAMED_UNIT ( * ) SI_UNIT ( .MILLI., .METRE. ) );
#292 = VERTEX_POINT ( 'NONE', #3996 ) ;
#293 = DIRECTION ( 'NONE',  ( -0.6546536707079743111, 0.6546536707079710915, -0.3779644730092426297 ) ) ;
#294 = VECTOR ( 'NONE', #2429, 1000.000000000000000 ) ;
#295 = SURFACE_STYLE_FILL_AREA ( #3159 ) ;
#296 = UNCERTAINTY_MEASURE_WITH_UNIT (LENGTH_MEASURE( 1.000000000000000082E-05 ), #1662, 'distance_accuracy_value', 'NONE');
#297 = CARTESIAN_POINT ( 'NONE',  ( -0.8000000000000000444, -3.740000000000000213, 0.000000000000000000 ) ) ;
#298 = LINE ( 'NONE', #5332, #1813 ) ;
#299 = STYLED_ITEM ( 'NONE', ( #4618 ), #1102 ) ;
#300 = ORIENTED_EDGE ( 'NONE', *, *, #4549, .F. ) ;
#301 = CARTESIAN_POINT ( 'NONE',  ( 4.995803989155000124, 0.000000000000000000, -5.400000000000000355 ) ) ;
#302 = PRESENTATION_LAYER_ASSIGNMENT (  '', '', ( #5224 ) ) ;
#303 = LINE ( 'NONE', #611, #2087 ) ;
#304 = FACE_OUTER_BOUND ( 'NONE', #3020, .T. ) ;
#305 = SURFACE_STYLE_USAGE ( .BOTH. , #4044 ) ;
#306 = FILL_AREA_STYLE_COLOUR ( '', #3631 ) ;
#307 = AXIS2_PLACEMENT_3D ( 'NONE', #5069, #4656, #1193 ) ;
#308 = DIRECTION ( 'NONE',  ( 0.000000000000000000, -0.000000000000000000, -1.000000000000000000 ) ) ;
#309 = MECHANICAL_DESIGN_GEOMETRIC_PRESENTATION_REPRESENTATION (  '', ( #657 ), #1607 ) ;
#310 = VECTOR ( 'NONE', #5261, 1000.000000000000000 ) ;
#311 = EDGE_CURVE ( 'NONE', #2611, #3746, #256, .T. ) ;
#312 = LINE ( 'NONE', #3684, #3200 ) ;
#313 = CARTESIAN_POINT ( 'NONE',  ( 2.799999999999999822, -1.300000000000000266, -0.2500000000000000000 ) ) ;
#314 = EDGE_CURVE ( 'NONE', #4651, #2148, #415, .T. ) ;
#315 = PLANE ( 'NONE',  #2980 ) ;
#316 = VERTEX_POINT ( 'NONE', #4530 ) ;
#317 = FACE_OUTER_BOUND ( 'NONE', #3087, .T. ) ;
#318 = FACE_OUTER_BOUND ( 'NONE', #379, .T. ) ;
#319 = EDGE_CURVE ( 'NONE', #5140, #4057, #753, .T. ) ;
#320 = AXIS2_PLACEMENT_3D ( 'NONE', #2619, #1696, #1749 ) ;
#321 = SURFACE_STYLE_USAGE ( .BOTH. , #3290 ) ;
#322 = EDGE_LOOP ( 'NONE', ( #174, #1312, #4196 ) ) ;
#323 = DIRECTION ( 'NONE',  ( 0.000000000000000000, 0.000000000000000000, 1.000000000000000000 ) ) ;
#324 = DIRECTION ( 'NONE',  ( -0.000000000000000000, -0.000000000000000000, -1.000000000000000000 ) ) ;
#325 = MECHANICAL_DESIGN_GEOMETRIC_PRESENTATION_REPRESENTATION (  '', ( #3493 ), #1634 ) ;
#326 = FILL_AREA_STYLE ('',( #4096 ) ) ;
#327 = AXIS2_PLACEMENT_3D ( 'NONE', #4581, #4193, #4221 ) ;
#328 = DIRECTION ( 'NONE',  ( 0.000000000000000000, 1.000000000000000000, 0.000000000000000000 ) ) ;
#329 = FACE_OUTER_BOUND ( 'NONE', #5435, .T. ) ;
#330 = LINE ( 'NONE', #3711, #696 ) ;
#331 = ORIENTED_EDGE ( 'NONE', *, *, #496, .F. ) ;
#332 =( LENGTH_UNIT ( ) NAMED_UNIT ( * ) SI_UNIT ( .MILLI., .METRE. ) );
#333 = EDGE_LOOP ( 'NONE', ( #2078, #1363, #5080, #4091 ) ) ;
#334 = LINE ( 'NONE', #2022, #2751 ) ;
#335 = COLOUR_RGB ( '',0.9803921568627450567, 0.9411764705882352811, 0.7843137254901960675 ) ;
#336 = UNCERTAINTY_MEASURE_WITH_UNIT (LENGTH_MEASURE( 1.000000000000000082E-05 ), #2285, 'distance_accuracy_value', 'NONE');
#337 = VERTEX_POINT ( 'NONE', #835 ) ;
#338 = CARTESIAN_POINT ( 'NONE',  ( -2.799999999999999822, 1.300000000000000266, -0.6284232335023000049 ) ) ;
#339 = VERTEX_POINT ( 'NONE', #5395 ) ;
#340 = MECHANICAL_DESIGN_GEOMETRIC_PRESENTATION_REPRESENTATION (  '', ( #2456 ), #3160 ) ;
#341 = CARTESIAN_POINT ( 'NONE',  ( 4.999283622061685861, 2.682777997155758598, -5.366616303831587054 ) ) ;
#342 = ADVANCED_FACE ( 'NONE', ( #5060 ), #3298, .F. ) ;
#343 = SURFACE_STYLE_FILL_AREA ( #3262 ) ;
#344 =( LENGTH_UNIT ( ) NAMED_UNIT ( * ) SI_UNIT ( .MILLI., .METRE. ) );
#345 = STYLED_ITEM ( 'NONE', ( #3632 ), #3278 ) ;
#346 = UNCERTAINTY_MEASURE_WITH_UNIT (LENGTH_MEASURE( 1.000000000000000082E-05 ), #3227, 'distance_accuracy_value', 'NONE');
#347 = CARTESIAN_POINT ( 'NONE',  ( -2.850000000000000089, 2.290000000000000036, -1.199999999999999956 ) ) ;
#348 = PRESENTATION_STYLE_ASSIGNMENT (( #4117 ) ) ;
#349 =( LENGTH_UNIT ( ) NAMED_UNIT ( * ) SI_UNIT ( .MILLI., .METRE. ) );
#350 = ORIENTED_EDGE ( 'NONE', *, *, #4514, .F. ) ;
#351 = CARTESIAN_POINT ( 'NONE',  ( -4.000000000000000000, 3.747850393435999905, -0.1497944302131999916 ) ) ;
#352 = VECTOR ( 'NONE', #3893, 1000.000000000000000 ) ;
#353 = ADVANCED_FACE ( 'NONE', ( #865 ), #5004, .T. ) ;
#354 = VECTOR ( 'NONE', #1110, 1000.000000000000000 ) ;
#355 = FACE_OUTER_BOUND ( 'NONE', #640, .T. ) ;
#356 =( NAMED_UNIT ( * ) PLANE_ANGLE_UNIT ( ) SI_UNIT ( $, .RADIAN. ) );
#357 = VECTOR ( 'NONE', #1902, 1000.000000000000000 ) ;
#358 = DIRECTION ( 'NONE',  ( 1.000000000000000000, 0.000000000000000000, 0.000000000000000000 ) ) ;
#359 = PLANE ( 'NONE',  #3434 ) ;
#360 = STYLED_ITEM ( 'NONE', ( #4339 ), #4925 ) ;
#361 = CARTESIAN_POINT ( 'NONE',  ( -4.700000000000000178, -3.000000000000000000, -1.000000000000000000 ) ) ;
#362 = FACE_OUTER_BOUND ( 'NONE', #1415, .T. ) ;
#363 = ORIENTED_EDGE ( 'NONE', *, *, #4523, .T. ) ;
#364 = CARTESIAN_POINT ( 'NONE',  ( -5.000000000000000000, 2.700000000000000178, -1.000000000000000000 ) ) ;
#365 = ORIENTED_EDGE ( 'NONE', *, *, #4239, .T. ) ;
#366 = STYLED_ITEM ( 'NONE', ( #2378 ), #12 ) ;
#367 = CARTESIAN_POINT ( 'NONE',  ( -5.000000000000000000, -2.700000000000000178, -1.000000000000000000 ) ) ;
#368 = SURFACE_STYLE_USAGE ( .BOTH. , #4137 ) ;
#369 = DIRECTION ( 'NONE',  ( 0.000000000000000000, 0.000000000000000000, 1.000000000000000000 ) ) ;
#370 = CARTESIAN_POINT ( 'NONE',  ( 4.912132034355964905, -2.700000000000001066, -5.562132034355964372 ) ) ;
#371 = EDGE_LOOP ( 'NONE', ( #3155, #743, #1327, #2963 ) ) ;
#372 = DIRECTION ( 'NONE',  ( 0.000000000000000000, 0.000000000000000000, -1.000000000000000000 ) ) ;
#373 = CARTESIAN_POINT ( 'NONE',  ( -1.850000000000000089, 2.290000000000000480, -1.200000000000000178 ) ) ;
#374 = FACE_BOUND ( 'NONE', #748, .T. ) ;
#375 = FILL_AREA_STYLE_COLOUR ( '', #3579 ) ;
#376 =( NAMED_UNIT ( * ) PLANE_ANGLE_UNIT ( ) SI_UNIT ( $, .RADIAN. ) );
#377 = ADVANCED_FACE ( 'NONE', ( #3762 ), #1669, .F. ) ;
#378 = DIRECTION ( 'NONE',  ( 1.000000000000000000, 0.000000000000000000, -0.000000000000000000 ) ) ;
#379 = EDGE_LOOP ( 'NONE', ( #1356, #149, #5196, #4880 ) ) ;
#380 = COLOUR_RGB ( '',0.9803921568627450567, 0.9411764705882352811, 0.7843137254901960675 ) ;
#381 = DIRECTION ( 'NONE',  ( 0.000000000000000000, -0.05233595624294862941, -0.9986295347545737222 ) ) ;
#382 = MECHANICAL_DESIGN_GEOMETRIC_PRESENTATION_REPRESENTATION (  '', ( #4422 ), #4158 ) ;
#383 = DIRECTION ( 'NONE',  ( 0.000000000000000000, -0.05233595624294862941, 0.9986295347545737222 ) ) ;
#384 = CARTESIAN_POINT ( 'NONE',  ( -4.912132034355965793, 2.877052006648532334, -5.562132034355967036 ) ) ;
#385 = LINE ( 'NONE', #751, #3652 ) ;
#386 = DIRECTION ( 'NONE',  ( 0.000000000000000000, 0.000000000000000000, -1.000000000000000000 ) ) ;
#387 = CARTESIAN_POINT ( 'NONE',  ( -0.8000000000000000444, -2.540000000000000036, -0.06288933513965000444 ) ) ;
#388 = EDGE_CURVE ( 'NONE', #3913, #2363, #4770, .T. ) ;
#389 = FILL_AREA_STYLE ('',( #1180 ) ) ;
#390 = CARTESIAN_POINT ( 'NONE',  ( -3.600000000000000533, 0.000000000000000000, -1.000000000000000000 ) ) ;
#391 = PLANE ( 'NONE',  #3001 ) ;
#392 =( GEOMETRIC_REPRESENTATION_CONTEXT ( 3 ) GLOBAL_UNCERTAINTY_ASSIGNED_CONTEXT ( ( #1771 ) ) GLOBAL_UNIT_ASSIGNED_CONTEXT ( ( #4477, #2341, #4036 ) ) REPRESENTATION_CONTEXT ( 'NONE', 'WORKASPACE' ) );
#393 = EDGE_CURVE ( 'NONE', #3115, #4133, #3130, .T. ) ;
#394 = FILL_AREA_STYLE_COLOUR ( '', #3244 ) ;
#395 = ORIENTED_EDGE ( 'NONE', *, *, #909, .F. ) ;
#396 = ORIENTED_EDGE ( 'NONE', *, *, #3734, .T. ) ;
#397 = SURFACE_STYLE_USAGE ( .BOTH. , #4186 ) ;
#398 = CARTESIAN_POINT ( 'NONE',  ( 4.985469376755159665, -2.877052006648532334, -5.488794691956771388 ) ) ;
#399 = DIRECTION ( 'NONE',  ( 1.000000000000000000, 0.000000000000000000, 0.000000000000000000 ) ) ;
#400 =( NAMED_UNIT ( * ) SI_UNIT ( $, .STERADIAN. ) SOLID_ANGLE_UNIT ( ) );
#401 = ORIENTED_EDGE ( 'NONE', *, *, #3475, .F. ) ;
#402 = FILL_AREA_STYLE_COLOUR ( '', #5127 ) ;
#403 = ORIENTED_EDGE ( 'NONE', *, *, #3636, .F. ) ;
#404 = DIRECTION ( 'NONE',  ( -0.000000000000000000, -1.000000000000000000, 0.000000000000000000 ) ) ;
#405 = FACE_OUTER_BOUND ( 'NONE', #1169, .T. ) ;
#406 = FILL_AREA_STYLE ('',( #375 ) ) ;
#407 = UNCERTAINTY_MEASURE_WITH_UNIT (LENGTH_MEASURE( 1.000000000000000082E-05 ), #4483, 'distance_accuracy_value', 'NONE');
#408 =( LENGTH_UNIT ( ) NAMED_UNIT ( * ) SI_UNIT ( .MILLI., .METRE. ) );
#409 = ORIENTED_EDGE ( 'NONE', *, *, #1427, .F. ) ;
#410 = FILL_AREA_STYLE ('',( #2879 ) ) ;
#411 = SURFACE_STYLE_FILL_AREA ( #3380 ) ;
#412 = CARTESIAN_POINT ( 'NONE',  ( -4.910123345235141379, 2.875728126347302460, -5.135878119317070833 ) ) ;
#413 = STYLED_ITEM ( 'NONE', ( #348 ), #2008 ) ;
#414 =( NAMED_UNIT ( * ) SI_UNIT ( $, .STERADIAN. ) SOLID_ANGLE_UNIT ( ) );
#415 = LINE ( 'NONE', #5088, #2230 ) ;
#416 = STYLED_ITEM ( 'NONE', ( #942 ), #2202 ) ;
#417 = LINE ( 'NONE', #4561, #575 ) ;
#418 = CARTESIAN_POINT ( 'NONE',  ( 1.399999999999999911, 2.689999999999999947, -0.2052340201468999814 ) ) ;
#419 = EDGE_CURVE ( 'NONE', #3423, #4658, #1829, .T. ) ;
#420 = LINE ( 'NONE', #2423, #960 ) ;
#421 = VECTOR ( 'NONE', #2988, 1000.000000000000000 ) ;
#422 = CARTESIAN_POINT ( 'NONE',  ( -0.4000000000000000222, 3.740000000000000213, 0.000000000000000000 ) ) ;
#423 = EDGE_LOOP ( 'NONE', ( #4491, #2308, #4793, #3813, #4527, #2272 ) ) ;
#424 = FACE_OUTER_BOUND ( 'NONE', #1051, .T. ) ;
#425 = ORIENTED_EDGE ( 'NONE', *, *, #1434, .F. ) ;
#426 = VECTOR ( 'NONE', #2866, 1000.000000000000000 ) ;
#427 = EDGE_CURVE ( 'NONE', #1249, #3395, #602, .T. ) ;
#428 = DIRECTION ( 'NONE',  ( 0.000000000000000000, 0.8660254037844498098, -0.4999999999999806266 ) ) ;
#429 = COLOUR_RGB ( '',0.9803921568627450567, 0.9411764705882352811, 0.7843137254901960675 ) ;
#430 = SURFACE_SIDE_STYLE ('',( #4240 ) ) ;
#431 = VERTEX_POINT ( 'NONE', #5303 ) ;
#432 = ADVANCED_FACE ( 'NONE', ( #1449 ), #1022, .F. ) ;
#433 = LINE ( 'NONE', #1277, #3316 ) ;
#434 = VERTEX_POINT ( 'NONE', #3106 ) ;
#435 = ORIENTED_EDGE ( 'NONE', *, *, #3480, .F. ) ;
#436 = FILL_AREA_STYLE_COLOUR ( '', #2413 ) ;
#437 = VECTOR ( 'NONE', #2842, 1000.000000000000000 ) ;
#438 = SURFACE_STYLE_FILL_AREA ( #19 ) ;
#439 = DIRECTION ( 'NONE',  ( 0.000000000000000000, -0.05233595624000127872, -0.9986295347547280432 ) ) ;
#440 =( GEOMETRIC_REPRESENTATION_CONTEXT ( 3 ) GLOBAL_UNCERTAINTY_ASSIGNED_CONTEXT ( ( #2606 ) ) GLOBAL_UNIT_ASSIGNED_CONTEXT ( ( #1209, #2094, #4999 ) ) REPRESENTATION_CONTEXT ( 'NONE', 'WORKASPACE' ) );
#441 = FACE_OUTER_BOUND ( 'NONE', #958, .T. ) ;
#442 = FILL_AREA_STYLE ('',( #3362 ) ) ;
#443 = LINE ( 'NONE', #4178, #5199 ) ;
#444 = VECTOR ( 'NONE', #5075, 1000.000000000000227 ) ;
#445 = AXIS2_PLACEMENT_3D ( 'NONE', #1433, #4487, #614 ) ;
#447 = ORIENTED_EDGE ( 'NONE', *, *, #770, .F. ) ;
#446 = EDGE_CURVE ( 'NONE', #3321, #1738, #2358, .T. ) ;
#448 = ORIENTED_EDGE ( 'NONE', *, *, #2146, .F. ) ;
#449 = VECTOR ( 'NONE', #4318, 1000.000000000000000 ) ;
#450 =( LENGTH_UNIT ( ) NAMED_UNIT ( * ) SI_UNIT ( .MILLI., .METRE. ) );
#451 = UNCERTAINTY_MEASURE_WITH_UNIT (LENGTH_MEASURE( 1.000000000000000082E-05 ), #3261, 'distance_accuracy_value', 'NONE');
#452 = CARTESIAN_POINT ( 'NONE',  ( 4.700000000000000178, 2.730000000000000426, -1.199999999999999956 ) ) ;
#453 = ORIENTED_EDGE ( 'NONE', *, *, #2210, .T. ) ;
#454 = EDGE_CURVE ( 'NONE', #4437, #4493, #2279, .T. ) ;
#455 = CARTESIAN_POINT ( 'NONE',  ( 0.000000000000000000, -2.689999999999999947, -1.199999999999999956 ) ) ;
#456 = LINE ( 'NONE', #2961, #357 ) ;
#457 = FACE_BOUND ( 'NONE', #157, .T. ) ;
#458 = CARTESIAN_POINT ( 'NONE',  ( 3.600000000000000533, -2.689999999999999947, -1.199999999999999956 ) ) ;
#459 = FACE_OUTER_BOUND ( 'NONE', #1118, .T. ) ;
#460 = ORIENTED_EDGE ( 'NONE', *, *, #567, .T. ) ;
#461 = CIRCLE ( 'NONE', #1133, 0.2999999999999999334 ) ;
#462 = DIRECTION ( 'NONE',  ( -1.000000000000000000, -0.000000000000000000, -0.000000000000000000 ) ) ;
#463 = ORIENTED_EDGE ( 'NONE', *, *, #3235, .F. ) ;
#464 =( NAMED_UNIT ( * ) PLANE_ANGLE_UNIT ( ) SI_UNIT ( $, .RADIAN. ) );
#465 = CARTESIAN_POINT ( 'NONE',  ( -3.600000000000000533, -3.747850393435999905, -0.1497944302131999916 ) ) ;
#466 = PRESENTATION_LAYER_ASSIGNMENT (  '', '', ( #200 ) ) ;
#467 =( LENGTH_UNIT ( ) NAMED_UNIT ( * ) SI_UNIT ( .MILLI., .METRE. ) );
#468 = MECHANICAL_DESIGN_GEOMETRIC_PRESENTATION_REPRESENTATION (  '', ( #4856 ), #4946 ) ;
#469 = PLANE ( 'NONE',  #475 ) ;
#470 = LINE ( 'NONE', #2518, #1049 ) ;
#471 = VECTOR ( 'NONE', #4336, 1000.000000000000114 ) ;
#472 =( NAMED_UNIT ( * ) PLANE_ANGLE_UNIT ( ) SI_UNIT ( $, .RADIAN. ) );
#473 = LINE ( 'NONE', #422, #5028 ) ;
#474 = DIRECTION ( 'NONE',  ( 0.000000000000000000, 0.9986295347545723899, 0.05233595624297000815 ) ) ;
#475 = AXIS2_PLACEMENT_3D ( 'NONE', #1698, #868, #2573 ) ;
#476 = MECHANICAL_DESIGN_GEOMETRIC_PRESENTATION_REPRESENTATION (  '', ( #3120 ), #211 ) ;
#477 = DIRECTION ( 'NONE',  ( 0.000000000000000000, -1.000000000000000000, -0.000000000000000000 ) ) ;
#478 = SURFACE_STYLE_USAGE ( .BOTH. , #923 ) ;
#479 = STYLED_ITEM ( 'NONE', ( #5113 ), #1495 ) ;
#480 = CARTESIAN_POINT ( 'NONE',  ( 2.850000000000000089, 1.300000000000000266, -1.199999999999999956 ) ) ;
#481 = DIRECTION ( 'NONE',  ( -1.000000000000000000, 0.000000000000000000, 0.000000000000000000 ) ) ;
#482 = VERTEX_POINT ( 'NONE', #3565 ) ;
#483 = ORIENTED_EDGE ( 'NONE', *, *, #5392, .F. ) ;
#484 = LINE ( 'NONE', #101, #565 ) ;
#485 = STYLED_ITEM ( 'NONE', ( #4670 ), #1826 ) ;
#486 = STYLED_ITEM ( 'NONE', ( #737 ), #815 ) ;
#487 = CARTESIAN_POINT ( 'NONE',  ( -4.000000000000000000, 2.540000000000000036, -0.06288933513965132283 ) ) ;
#488 = EDGE_CURVE ( 'NONE', #603, #2720, #1170, .T. ) ;
#489 = DIRECTION ( 'NONE',  ( -0.000000000000000000, -0.000000000000000000, -1.000000000000000000 ) ) ;
#490 = CARTESIAN_POINT ( 'NONE',  ( -4.700000000000000178, 3.000000000000000000, -1.000000000000000000 ) ) ;
#491 = EDGE_LOOP ( 'NONE', ( #4636, #4716, #790, #10 ) ) ;
#492 = EDGE_LOOP ( 'NONE', ( #1542, #4519, #1581, #3495 ) ) ;
#493 = FACE_OUTER_BOUND ( 'NONE', #4629, .T. ) ;
#494 = LINE ( 'NONE', #1341, #1936 ) ;
#495 = CARTESIAN_POINT ( 'NONE',  ( -0.8000000000000000444, -3.747850393435999905, -0.1497944302131999916 ) ) ;
#496 = EDGE_CURVE ( 'NONE', #3533, #1895, #1121, .T. ) ;
#497 = ADVANCED_FACE ( 'NONE', ( #2899 ), #3694, .F. ) ;
#498 =( NAMED_UNIT ( * ) SI_UNIT ( $, .STERADIAN. ) SOLID_ANGLE_UNIT ( ) );
#499 = CARTESIAN_POINT ( 'NONE',  ( 1.399999999999999911, 2.540000000000000036, -0.06288933513965000444 ) ) ;
#500 = SURFACE_STYLE_FILL_AREA ( #1670 ) ;
#501 = DIRECTION ( 'NONE',  ( 0.000000000000000000, -0.000000000000000000, 1.000000000000000000 ) ) ;
#502 = EDGE_CURVE ( 'NONE', #4598, #5222, #4881, .T. ) ;
#503 = PLANE ( 'NONE',  #100 ) ;
#504 = VECTOR ( 'NONE', #3547, 1000.000000000000000 ) ;
#505 = CARTESIAN_POINT ( 'NONE',  ( 0.000000000000000000, 2.689999999999999947, -1.199999999999999956 ) ) ;
#506 = PRESENTATION_STYLE_ASSIGNMENT (( #4652 ) ) ;
#507 =( GEOMETRIC_REPRESENTATION_CONTEXT ( 3 ) GLOBAL_UNCERTAINTY_ASSIGNED_CONTEXT ( ( #4358 ) ) GLOBAL_UNIT_ASSIGNED_CONTEXT ( ( #3994, #1898, #1177 ) ) REPRESENTATION_CONTEXT ( 'NONE', 'WORKASPACE' ) );
#508 = PRODUCT_CONTEXT ( 'NONE', #3293, 'mechanical' ) ;
#509 = DIRECTION ( 'NONE',  ( -0.000000000000000000, 0.000000000000000000, -1.000000000000000000 ) ) ;
#510 = CARTESIAN_POINT ( 'NONE',  ( -4.877052006648534110, -2.912132034355966681, -5.562132034355967924 ) ) ;
#511 = UNCERTAINTY_MEASURE_WITH_UNIT (LENGTH_MEASURE( 1.000000000000000082E-05 ), #1509, 'distance_accuracy_value', 'NONE');
#512 = CARTESIAN_POINT ( 'NONE',  ( 5.000000000000000000, 1.199999999999999956, -5.650000000000000355 ) ) ;
#513 = ORIENTED_EDGE ( 'NONE', *, *, #4154, .F. ) ;
#514 = ORIENTED_EDGE ( 'NONE', *, *, #223, .T. ) ;
#515 =( GEOMETRIC_REPRESENTATION_CONTEXT ( 3 ) GLOBAL_UNCERTAINTY_ASSIGNED_CONTEXT ( ( #5192 ) ) GLOBAL_UNIT_ASSIGNED_CONTEXT ( ( #5385, #5355, #3317 ) ) REPRESENTATION_CONTEXT ( 'NONE', 'WORKASPACE' ) );
#516 = EDGE_LOOP ( 'NONE', ( #2934, #2607, #331, #2390, #1677, #1442 ) ) ;
#517 = CARTESIAN_POINT ( 'NONE',  ( -4.729999999999999538, 2.700000000000000178, -1.199999999999999956 ) ) ;
#518 = STYLED_ITEM ( 'NONE', ( #2262 ), #2622 ) ;
#519 = LINE ( 'NONE', #3785, #1913 ) ;
#520 = ORIENTED_EDGE ( 'NONE', *, *, #941, .T. ) ;
#521 = ORIENTED_EDGE ( 'NONE', *, *, #807, .T. ) ;
#522 = EDGE_CURVE ( 'NONE', #4367, #3804, #723, .T. ) ;
#523 = MECHANICAL_DESIGN_GEOMETRIC_PRESENTATION_REPRESENTATION (  '', ( #1455 ), #257 ) ;
#524 = PRESENTATION_STYLE_ASSIGNMENT (( #4695 ) ) ;
#525 = DIRECTION ( 'NONE',  ( -1.000000000000000000, -0.000000000000000000, 0.000000000000000000 ) ) ;
#526 = DIRECTION ( 'NONE',  ( 0.7071067811865475727, 0.000000000000000000, -0.7071067811865475727 ) ) ;
#527 =( GEOMETRIC_REPRESENTATION_CONTEXT ( 3 ) GLOBAL_UNCERTAINTY_ASSIGNED_CONTEXT ( ( #336 ) ) GLOBAL_UNIT_ASSIGNED_CONTEXT ( ( #2285, #4474, #3111 ) ) REPRESENTATION_CONTEXT ( 'NONE', 'WORKASPACE' ) );
#528 =( NAMED_UNIT ( * ) PLANE_ANGLE_UNIT ( ) SI_UNIT ( $, .RADIAN. ) );
#529 = EDGE_CURVE ( 'NONE', #3662, #2608, #697, .T. ) ;
#530 = PLANE ( 'NONE',  #2839 ) ;
#531 = CARTESIAN_POINT ( 'NONE',  ( 4.000000000000000000, 3.747850393436000793, -0.1497944302132113159 ) ) ;
#532 = COLOUR_RGB ( '',0.8431372549019607865, 0.8431372549019607865, 0.8431372549019607865 ) ;
#533 = FACE_OUTER_BOUND ( 'NONE', #3663, .T. ) ;
#534 = AXIS2_PLACEMENT_3D ( 'NONE', #4977, #1219, #1266 ) ;
#535 =( LENGTH_UNIT ( ) NAMED_UNIT ( * ) SI_UNIT ( .MILLI., .METRE. ) );
#536 = PLANE ( 'NONE',  #3905 ) ;
#537 = VECTOR ( 'NONE', #1508, 1000.000000000000000 ) ;
#538 = AXIS2_PLACEMENT_3D ( 'NONE', #1351, #3067, #509 ) ;
#539 =( LENGTH_UNIT ( ) NAMED_UNIT ( * ) SI_UNIT ( .MILLI., .METRE. ) );
#540 = FACE_OUTER_BOUND ( 'NONE', #322, .T. ) ;
#541 = FACE_OUTER_BOUND ( 'NONE', #624, .T. ) ;
#542 = ORIENTED_EDGE ( 'NONE', *, *, #3801, .F. ) ;
#543 = CIRCLE ( 'NONE', #2996, 0.2999999999999999334 ) ;
#544 = FACE_OUTER_BOUND ( 'NONE', #1014, .T. ) ;
#545 = DIRECTION ( 'NONE',  ( -0.000000000000000000, 0.000000000000000000, -1.000000000000000000 ) ) ;
#546 = COLOUR_RGB ( '',0.9803921568627450567, 0.9411764705882352811, 0.7843137254901960675 ) ;
#547 = CARTESIAN_POINT ( 'NONE',  ( 1.399999999999999911, 3.739999999999779057, -1.157387675182320668E-14 ) ) ;
#548 = EDGE_LOOP ( 'NONE', ( #2306, #77, #3770, #691 ) ) ;
#549 = ORIENTED_EDGE ( 'NONE', *, *, #3675, .F. ) ;
#550 = SURFACE_STYLE_FILL_AREA ( #1776 ) ;
#551 = PRESENTATION_STYLE_ASSIGNMENT (( #2639 ) ) ;
#552 = CARTESIAN_POINT ( 'NONE',  ( -4.700000000000000178, -2.700000000000000178, -5.349999999999998757 ) ) ;
#553 = DIRECTION ( 'NONE',  ( 0.000000000000000000, -1.000000000000000000, -0.000000000000000000 ) ) ;
#554 = ADVANCED_FACE ( 'NONE', ( #1995 ), #2814, .F. ) ;
#555 = FILL_AREA_STYLE_COLOUR ( '', #162 ) ;
#556 = SURFACE_SIDE_STYLE ('',( #5059 ) ) ;
#557 = ORIENTED_EDGE ( 'NONE', *, *, #1293, .F. ) ;
#558 = CARTESIAN_POINT ( 'NONE',  ( 0.000000000000000000, 2.540000000000000036, -1.199999999999999956 ) ) ;
#559 = LINE ( 'NONE', #1863, #5356 ) ;
#560 = EDGE_CURVE ( 'NONE', #1227, #817, #5414, .T. ) ;
#561 = PRESENTATION_STYLE_ASSIGNMENT (( #3093 ) ) ;
#562 =( NAMED_UNIT ( * ) PLANE_ANGLE_UNIT ( ) SI_UNIT ( $, .RADIAN. ) );
#563 = DIRECTION ( 'NONE',  ( 0.000000000000000000, -0.000000000000000000, -1.000000000000000000 ) ) ;
#564 = STYLED_ITEM ( 'NONE', ( #2930 ), #5135 ) ;
#565 = VECTOR ( 'NONE', #2167, 1000.000000000000000 ) ;
#566 = FILL_AREA_STYLE_COLOUR ( '', #4302 ) ;
#567 = EDGE_CURVE ( 'NONE', #4476, #109, #3396, .T. ) ;
#568 = SURFACE_STYLE_USAGE ( .BOTH. , #4680 ) ;
#569 = AXIS2_PLACEMENT_3D ( 'NONE', #2577, #1270, #791 ) ;
#570 = ORIENTED_EDGE ( 'NONE', *, *, #3847, .T. ) ;
#571 = VERTEX_POINT ( 'NONE', #2116 ) ;
#572 = PRESENTATION_STYLE_ASSIGNMENT (( #2734 ) ) ;
#573 = ORIENTED_EDGE ( 'NONE', *, *, #4611, .T. ) ;
#574 = SURFACE_STYLE_USAGE ( .BOTH. , #4766 ) ;
#575 = VECTOR ( 'NONE', #5428, 1000.000000000000114 ) ;
#576 = SURFACE_SIDE_STYLE ('',( #2330 ) ) ;
#577 = UNCERTAINTY_MEASURE_WITH_UNIT (LENGTH_MEASURE( 1.000000000000000082E-05 ), #4228, 'distance_accuracy_value', 'NONE');
#578 = ORIENTED_EDGE ( 'NONE', *, *, #1396, .F. ) ;
#579 =( LENGTH_UNIT ( ) NAMED_UNIT ( * ) SI_UNIT ( .MILLI., .METRE. ) );
#580 = AXIS2_PLACEMENT_3D ( 'NONE', #4552, #381, #5452 ) ;
#581 = ORIENTED_EDGE ( 'NONE', *, *, #1900, .F. ) ;
#582 = PRESENTATION_LAYER_ASSIGNMENT (  '', '', ( #486 ) ) ;
#583 = CARTESIAN_POINT ( 'NONE',  ( -4.469999999999999751, 2.290000000000000036, -1.199999999999999956 ) ) ;
#584 = CIRCLE ( 'NONE', #4256, 0.2999999999999999334 ) ;
#585 = COLOUR_RGB ( '',0.9803921568627450567, 0.9411764705882352811, 0.7843137254901960675 ) ;
#586 = PRESENTATION_STYLE_ASSIGNMENT (( #1057 ) ) ;
#587 = CARTESIAN_POINT ( 'NONE',  ( 1.800000000000000488, -2.689999999999999503, -0.2052340201468943470 ) ) ;
#588 = LINE ( 'NONE', #4316, #809 ) ;
#589 = LINE ( 'NONE', #1751, #4649 ) ;
#590 = CARTESIAN_POINT ( 'NONE',  ( 2.799999999999999822, -1.300000000000000266, -0.6284232335023000049 ) ) ;
#591 = LINE ( 'NONE', #1379, #658 ) ;
#592 = ADVANCED_FACE ( 'NONE', ( #544 ), #2555, .T. ) ;
#593 = CARTESIAN_POINT ( 'NONE',  ( -0.8000000000000000444, -3.747850393436220617, -0.1497944302131884176 ) ) ;
#594 = PRESENTATION_STYLE_ASSIGNMENT (( #4325 ) ) ;
#595 = ORIENTED_EDGE ( 'NONE', *, *, #1504, .F. ) ;
#596 =( NAMED_UNIT ( * ) SI_UNIT ( $, .STERADIAN. ) SOLID_ANGLE_UNIT ( ) );
#597 = EDGE_CURVE ( 'NONE', #3831, #2379, #38, .T. ) ;
#598 = SURFACE_STYLE_FILL_AREA ( #1800 ) ;
#599 = SURFACE_SIDE_STYLE ('',( #3916 ) ) ;
#600 = CARTESIAN_POINT ( 'NONE',  ( -4.730000000000000426, -2.700000000000000178, -1.000000000000000000 ) ) ;
#601 = ORIENTED_EDGE ( 'NONE', *, *, #3740, .T. ) ;
#602 = LINE ( 'NONE', #2307, #471 ) ;
#603 = VERTEX_POINT ( 'NONE', #4684 ) ;
#604 = CARTESIAN_POINT ( 'NONE',  ( -4.000000000000000000, -2.689999999999999947, -1.199999999999999956 ) ) ;
#605 = DIRECTION ( 'NONE',  ( -0.000000000000000000, 0.5000000000000167644, 0.8660254037844289376 ) ) ;
#606 = COLOUR_RGB ( '',0.8431372549019607865, 0.8431372549019607865, 0.8431372549019607865 ) ;
#607 = ORIENTED_EDGE ( 'NONE', *, *, #4, .T. ) ;
#608 = PRESENTATION_STYLE_ASSIGNMENT (( #1397 ) ) ;
#609 = SURFACE_STYLE_FILL_AREA ( #3899 ) ;
#610 = STYLED_ITEM ( 'NONE', ( #964 ), #2970 ) ;
#611 = CARTESIAN_POINT ( 'NONE',  ( -2.799999999999999822, 0.000000000000000000, -1.040000000000000036 ) ) ;
#612 = CARTESIAN_POINT ( 'NONE',  ( 3.600000000000000533, 3.739999999999779057, -1.157387675182320668E-14 ) ) ;
#613 = DIRECTION ( 'NONE',  ( 0.000000000000000000, -1.000000000000000000, 0.000000000000000000 ) ) ;
#614 = DIRECTION ( 'NONE',  ( -1.000000000000000000, 0.000000000000000000, 0.000000000000000000 ) ) ;
#615 = CARTESIAN_POINT ( 'NONE',  ( 18.03600000000000492, -3.000000000000000000, -5.349999999999999645 ) ) ;
#616 = ORIENTED_EDGE ( 'NONE', *, *, #4040, .T. ) ;
#617 = ORIENTED_EDGE ( 'NONE', *, *, #1300, .F. ) ;
#618 = CARTESIAN_POINT ( 'NONE',  ( -4.331435935394000403, 0.000000000000000000, -1.120000000000000107 ) ) ;
#619 = ORIENTED_EDGE ( 'NONE', *, *, #2542, .F. ) ;
#620 =( GEOMETRIC_REPRESENTATION_CONTEXT ( 3 ) GLOBAL_UNCERTAINTY_ASSIGNED_CONTEXT ( ( #3419 ) ) GLOBAL_UNIT_ASSIGNED_CONTEXT ( ( #5304, #2768, #4471 ) ) REPRESENTATION_CONTEXT ( 'NONE', 'WORKASPACE' ) );
#621 = VECTOR ( 'NONE', #4276, 1000.000000000000000 ) ;
#622 = DIRECTION ( 'NONE',  ( 0.000000000000000000, -0.9986295347545737222, 0.05233595624294862941 ) ) ;
#623 = EDGE_CURVE ( 'NONE', #4733, #905, #4190, .T. ) ;
#624 = EDGE_LOOP ( 'NONE', ( #4512, #1591, #1101, #521 ) ) ;
#625 = CARTESIAN_POINT ( 'NONE',  ( 1.399999999999999911, 3.747850393435999905, -0.1497944302131999916 ) ) ;
#626 = ORIENTED_EDGE ( 'NONE', *, *, #5198, .F. ) ;
#627 = LINE ( 'NONE', #1079, #3771 ) ;
#628 =( GEOMETRIC_REPRESENTATION_CONTEXT ( 3 ) GLOBAL_UNCERTAINTY_ASSIGNED_CONTEXT ( ( #172 ) ) GLOBAL_UNIT_ASSIGNED_CONTEXT ( ( #3538, #3435, #5115 ) ) REPRESENTATION_CONTEXT ( 'NONE', 'WORKASPACE' ) );
#629 = CARTESIAN_POINT ( 'NONE',  ( 4.000000000000000000, 0.000000000000000000, -1.000000000000000000 ) ) ;
#630 = CARTESIAN_POINT ( 'NONE',  ( 4.912132034355964905, -2.699999999999999734, -5.562132034355965260 ) ) ;
#631 = EDGE_CURVE ( 'NONE', #910, #2427, #2630, .T. ) ;
#632 = ORIENTED_EDGE ( 'NONE', *, *, #4712, .F. ) ;
#633 = LINE ( 'NONE', #558, #1507 ) ;
#634 = CARTESIAN_POINT ( 'NONE',  ( 1.800000000000000266, -3.740000000000000213, 0.000000000000000000 ) ) ;
#635 = FILL_AREA_STYLE_COLOUR ( '', #2398 ) ;
#636 = DIRECTION ( 'NONE',  ( 0.000000000000000000, -1.445602896647339508E-15, 1.000000000000000000 ) ) ;
#637 = STYLED_ITEM ( 'NONE', ( #648 ), #377 ) ;
#638 = FACE_OUTER_BOUND ( 'NONE', #3535, .T. ) ;
#639 = CARTESIAN_POINT ( 'NONE',  ( -4.875728126347300240, -2.910123345235143599, -5.135878119317070833 ) ) ;
#640 = EDGE_LOOP ( 'NONE', ( #4243, #937 ) ) ;
#641 = SURFACE_STYLE_FILL_AREA ( #1043 ) ;
#642 = ORIENTED_EDGE ( 'NONE', *, *, #3710, .F. ) ;
#643 = VECTOR ( 'NONE', #4469, 1000.000000000000000 ) ;
#644 = CARTESIAN_POINT ( 'NONE',  ( 1.800000000000000266, 3.740000000000000213, 0.000000000000000000 ) ) ;
#645 = FACE_OUTER_BOUND ( 'NONE', #1675, .T. ) ;
#646 = VECTOR ( 'NONE', #2758, 1000.000000000000227 ) ;
#647 = ORIENTED_EDGE ( 'NONE', *, *, #96, .F. ) ;
#648 = PRESENTATION_STYLE_ASSIGNMENT (( #1416 ) ) ;
#649 = VERTEX_POINT ( 'NONE', #929 ) ;
#650 = VECTOR ( 'NONE', #5150, 1000.000000000000000 ) ;
#651 = EDGE_CURVE ( 'NONE', #102, #2410, #484, .T. ) ;
#652 =( GEOMETRIC_REPRESENTATION_CONTEXT ( 3 ) GLOBAL_UNCERTAINTY_ASSIGNED_CONTEXT ( ( #2867 ) ) GLOBAL_UNIT_ASSIGNED_CONTEXT ( ( #450, #5041, #2578 ) ) REPRESENTATION_CONTEXT ( 'NONE', 'WORKASPACE' ) );
#653 =( NAMED_UNIT ( * ) SI_UNIT ( $, .STERADIAN. ) SOLID_ANGLE_UNIT ( ) );
#654 = FILL_AREA_STYLE_COLOUR ( '', #4297 ) ;
#655 = ADVANCED_FACE ( 'NONE', ( #4631 ), #2959, .F. ) ;
#656 = EDGE_CURVE ( 'NONE', #4874, #4567, #667, .T. ) ;
#657 = STYLED_ITEM ( 'NONE', ( #1159 ), #1798 ) ;
#658 = VECTOR ( 'NONE', #1842, 1000.000000000000000 ) ;
#659 = CARTESIAN_POINT ( 'NONE',  ( 5.000000000000000000, 2.700000000000000178, -1.000000000000000000 ) ) ;
#660 = SURFACE_STYLE_FILL_AREA ( #3240 ) ;
#661 = CARTESIAN_POINT ( 'NONE',  ( -4.700000000000000178, -2.912132034355964461, -5.562132034355964372 ) ) ;
#662 = SURFACE_SIDE_STYLE ('',( #4431 ) ) ;
#663 = ADVANCED_FACE ( 'NONE', ( #4819 ), #1880, .T. ) ;
#664 = UNCERTAINTY_MEASURE_WITH_UNIT (LENGTH_MEASURE( 1.000000000000000082E-05 ), #4660, 'distance_accuracy_value', 'NONE');
#665 = DIRECTION ( 'NONE',  ( 1.000000000000000000, 0.000000000000000000, -0.000000000000000000 ) ) ;
#666 = VERTEX_POINT ( 'NONE', #2327 ) ;
#667 = LINE ( 'NONE', #3941, #2932 ) ;
#668 = VERTEX_POINT ( 'NONE', #5268 ) ;
#669 = AXIS2_PLACEMENT_3D ( 'NONE', #4916, #5358, #3264 ) ;
#670 = UNCERTAINTY_MEASURE_WITH_UNIT (LENGTH_MEASURE( 1.000000000000000082E-05 ), #924, 'distance_accuracy_value', 'NONE');
#671 = CARTESIAN_POINT ( 'NONE',  ( 4.699999999999998401, 2.982287392142862981, -5.207218813334472785 ) ) ;
#672 = VERTEX_POINT ( 'NONE', #4846 ) ;
#673 = VECTOR ( 'NONE', #1892, 1000.000000000000000 ) ;
#674 = ORIENTED_EDGE ( 'NONE', *, *, #946, .F. ) ;
#675 = DIRECTION ( 'NONE',  ( 0.000000000000000000, -1.000000000000000000, 0.000000000000000000 ) ) ;
#676 = DIRECTION ( 'NONE',  ( 1.000000000000000000, 0.000000000000000000, 0.000000000000000000 ) ) ;
#677 = CARTESIAN_POINT ( 'NONE',  ( 4.000000000000000000, 3.740000000000000213, 0.000000000000000000 ) ) ;
#678 = EDGE_CURVE ( 'NONE', #4057, #5242, #3072, .T. ) ;
#679 = ORIENTED_EDGE ( 'NONE', *, *, #4179, .T. ) ;
#680 = PRESENTATION_LAYER_ASSIGNMENT (  '', '', ( #3405 ) ) ;
#681 = SURFACE_STYLE_USAGE ( .BOTH. , #4920 ) ;
#682 = COLOUR_RGB ( '',0.8431372549019607865, 0.8431372549019607865, 0.8431372549019607865 ) ;
#683 = FACE_OUTER_BOUND ( 'NONE', #1308, .T. ) ;
#684 = ADVANCED_FACE ( 'NONE', ( #4328 ), #4795, .T. ) ;
#685 = MECHANICAL_DESIGN_GEOMETRIC_PRESENTATION_REPRESENTATION (  '', ( #5445 ), #2103 ) ;
#686 = PLANE ( 'NONE',  #2131 ) ;
#687 = COLOUR_RGB ( '',0.9803921568627450567, 0.9411764705882352811, 0.7843137254901960675 ) ;
#688 = DIRECTION ( 'NONE',  ( 0.000000000000000000, -0.8660254037844289376, 0.5000000000000167644 ) ) ;
#689 = ORIENTED_EDGE ( 'NONE', *, *, #4692, .T. ) ;
#690 = SURFACE_STYLE_FILL_AREA ( #4461 ) ;
#691 = ORIENTED_EDGE ( 'NONE', *, *, #4, .F. ) ;
#692 = VECTOR ( 'NONE', #3829, 1000.000000000000000 ) ;
#693 = CARTESIAN_POINT ( 'NONE',  ( -2.850000000000000089, 0.000000000000000000, -1.199999999999999956 ) ) ;
#694 = ORIENTED_EDGE ( 'NONE', *, *, #1006, .F. ) ;
#695 = AXIS2_PLACEMENT_3D ( 'NONE', #1890, #2337, #3622 ) ;
#696 = VECTOR ( 'NONE', #4898, 1000.000000000000000 ) ;
#697 = LINE ( 'NONE', #4909, #4242 ) ;
#698 = COLOUR_RGB ( '',0.9803921568627450567, 0.9411764705882352811, 0.7843137254901960675 ) ;
#699 = PRESENTATION_LAYER_ASSIGNMENT (  '', '', ( #3343 ) ) ;
#700 = CARTESIAN_POINT ( 'NONE',  ( 2.879999999999999893, 2.000000000000000000, -5.650000000000000355 ) ) ;
#701 = DIRECTION ( 'NONE',  ( -1.000000000000000000, -0.000000000000000000, -0.000000000000000000 ) ) ;
#702 = ORIENTED_EDGE ( 'NONE', *, *, #4812, .T. ) ;
#703 = CIRCLE ( 'NONE', #3439, 0.2999999999999999334 ) ;
#704 = STYLED_ITEM ( 'NONE', ( #3062 ), #3946 ) ;
#705 = DIRECTION ( 'NONE',  ( 0.000000000000000000, -0.7071067811865475727, -0.7071067811865475727 ) ) ;
#706 = SURFACE_STYLE_FILL_AREA ( #4428 ) ;
#707 = CIRCLE ( 'NONE', #3171, 0.02999999999999964501 ) ;
#708 = FACE_OUTER_BOUND ( 'NONE', #1823, .T. ) ;
#709 = PRESENTATION_STYLE_ASSIGNMENT (( #2422 ) ) ;
#710 = EDGE_CURVE ( 'NONE', #482, #2335, #1614, .T. ) ;
#711 = FILL_AREA_STYLE_COLOUR ( '', #3606 ) ;
#712 = ORIENTED_EDGE ( 'NONE', *, *, #2177, .F. ) ;
#713 = EDGE_CURVE ( 'NONE', #98, #3378, #2049, .T. ) ;
#714 = DIRECTION ( 'NONE',  ( 0.000000000000000000, -1.000000000000000000, -0.000000000000000000 ) ) ;
#715 = LINE ( 'NONE', #2406, #4460 ) ;
#716 = UNCERTAINTY_MEASURE_WITH_UNIT (LENGTH_MEASURE( 1.000000000000000082E-05 ), #5190, 'distance_accuracy_value', 'NONE');
#717 = EDGE_LOOP ( 'NONE', ( #2499, #3098, #4011, #3528, #1354, #5413 ) ) ;
#718 = STYLED_ITEM ( 'NONE', ( #5234 ), #266 ) ;
#719 = SURFACE_STYLE_FILL_AREA ( #4111 ) ;
#720 = DIRECTION ( 'NONE',  ( -0.000000000000000000, 0.8660254037844289376, 0.5000000000000167644 ) ) ;
#721 = MECHANICAL_DESIGN_GEOMETRIC_PRESENTATION_REPRESENTATION (  '', ( #564 ), #205 ) ;
#722 = FILL_AREA_STYLE_COLOUR ( '', #546 ) ;
#723 = CIRCLE ( 'NONE', #1501, 0.2999999999999999334 ) ;
#724 = SURFACE_STYLE_USAGE ( .BOTH. , #4913 ) ;
#725 = COLOUR_RGB ( '',0.7921568627450980005, 0.8196078431372548767, 0.9333333333333333481 ) ;
#726 = ORIENTED_EDGE ( 'NONE', *, *, #4579, .T. ) ;
#727 = SURFACE_STYLE_FILL_AREA ( #1126 ) ;
#728 = CARTESIAN_POINT ( 'NONE',  ( -1.850000000000000089, -1.300000000000000266, -1.199999999999999956 ) ) ;
#729 = DIRECTION ( 'NONE',  ( 0.000000000000000000, -0.05233595624294862247, -0.9986295347545736112 ) ) ;
#730 = LINE ( 'NONE', #1179, #4963 ) ;
#731 = PLANE ( 'NONE',  #4330 ) ;
#732 = LINE ( 'NONE', #787, #2997 ) ;
#733 = PRESENTATION_LAYER_ASSIGNMENT (  '', '', ( #2767 ) ) ;
#734 =( NAMED_UNIT ( * ) PLANE_ANGLE_UNIT ( ) SI_UNIT ( $, .RADIAN. ) );
#736 = ORIENTED_EDGE ( 'NONE', *, *, #5162, .T. ) ;
#735 = ADVANCED_FACE ( 'NONE', ( #3303 ), #2352, .T. ) ;
#737 = PRESENTATION_STYLE_ASSIGNMENT (( #4492 ) ) ;
#738 = ORIENTED_EDGE ( 'NONE', *, *, #3210, .T. ) ;
#739 = CARTESIAN_POINT ( 'NONE',  ( -1.850000000000000089, 1.300000000000000266, -1.199999999999999956 ) ) ;
#740 = LINE ( 'NONE', #2024, #1271 ) ;
#741 = ORIENTED_EDGE ( 'NONE', *, *, #522, .F. ) ;
#742 = EDGE_CURVE ( 'NONE', #672, #571, #2160, .T. ) ;
#743 = ORIENTED_EDGE ( 'NONE', *, *, #4046, .T. ) ;
#744 = FILL_AREA_STYLE_COLOUR ( '', #4134 ) ;
#745 = COLOUR_RGB ( '',0.8431372549019607865, 0.8431372549019607865, 0.8431372549019607865 ) ;
#746 =( LENGTH_UNIT ( ) NAMED_UNIT ( * ) SI_UNIT ( .MILLI., .METRE. ) );
#747 = SURFACE_STYLE_FILL_AREA ( #2850 ) ;
#748 = EDGE_LOOP ( 'NONE', ( #3376, #800, #267, #453 ) ) ;
#749 = CARTESIAN_POINT ( 'NONE',  ( 1.399999999999999911, -2.540000000000000036, -1.199999999999999956 ) ) ;
#750 = CARTESIAN_POINT ( 'NONE',  ( 4.000000000000000000, -3.747850393435999905, -0.1497944302131999916 ) ) ;
#751 = CARTESIAN_POINT ( 'NONE',  ( 1.399999999999999911, 0.000000000000000000, -1.199999999999999956 ) ) ;
#752 = CARTESIAN_POINT ( 'NONE',  ( 1.800000000000000266, -2.689999999999999947, -1.199999999999999956 ) ) ;
#753 = LINE ( 'NONE', #3706, #2920 ) ;
#754 = FILL_AREA_STYLE ('',( #1574 ) ) ;
#755 = CARTESIAN_POINT ( 'NONE',  ( 3.600000000000000533, 2.689999999999999947, -1.199999999999999956 ) ) ;
#756 = DIRECTION ( 'NONE',  ( 0.000000000000000000, -0.9986295347545736112, 0.05233595624294862247 ) ) ;
#757 = CARTESIAN_POINT ( 'NONE',  ( 3.600000000000000533, 2.689999999999999947, -0.2052340201469000092 ) ) ;
#758 = ORIENTED_EDGE ( 'NONE', *, *, #5362, .T. ) ;
#759 = STYLED_ITEM ( 'NONE', ( #3871 ), #2805 ) ;
#760 = ORIENTED_EDGE ( 'NONE', *, *, #3734, .F. ) ;
#761 =( GEOMETRIC_REPRESENTATION_CONTEXT ( 3 ) GLOBAL_UNCERTAINTY_ASSIGNED_CONTEXT ( ( #3257 ) ) GLOBAL_UNIT_ASSIGNED_CONTEXT ( ( #219, #3956, #1893 ) ) REPRESENTATION_CONTEXT ( 'NONE', 'WORKASPACE' ) );
#762 = FILL_AREA_STYLE ('',( #1168 ) ) ;
#763 = UNCERTAINTY_MEASURE_WITH_UNIT (LENGTH_MEASURE( 1.000000000000000082E-05 ), #3428, 'distance_accuracy_value', 'NONE');
#764 = CARTESIAN_POINT ( 'NONE',  ( 0.000000000000000000, 0.000000000000000000, -1.000000000000000000 ) ) ;
#765 = ORIENTED_EDGE ( 'NONE', *, *, #4280, .F. ) ;
#766 = DIRECTION ( 'NONE',  ( 0.000000000000000000, -0.8660254037844498098, -0.4999999999999806266 ) ) ;
#767 = AXIS2_PLACEMENT_3D ( 'NONE', #5300, #4852, #3203 ) ;
#768 = PRESENTATION_STYLE_ASSIGNMENT (( #827 ) ) ;
#769 = CARTESIAN_POINT ( 'NONE',  ( 2.799999999999999822, 1.300000000000000266, -0.2500000000000000000 ) ) ;
#770 = EDGE_CURVE ( 'NONE', #3252, #5301, #4051, .T. ) ;
#771 = CARTESIAN_POINT ( 'NONE',  ( -3.600000000000000533, 0.000000000000000000, -1.000000000000000000 ) ) ;
#772 = MECHANICAL_DESIGN_GEOMETRIC_PRESENTATION_REPRESENTATION (  '', ( #4384 ), #3334 ) ;
#773 =( GEOMETRIC_REPRESENTATION_CONTEXT ( 3 ) GLOBAL_UNCERTAINTY_ASSIGNED_CONTEXT ( ( #1476 ) ) GLOBAL_UNIT_ASSIGNED_CONTEXT ( ( #349, #4972, #2907 ) ) REPRESENTATION_CONTEXT ( 'NONE', 'WORKASPACE' ) );
#774 = UNCERTAINTY_MEASURE_WITH_UNIT (LENGTH_MEASURE( 1.000000000000000082E-05 ), #4785, 'distance_accuracy_value', 'NONE');
#775 = ORIENTED_EDGE ( 'NONE', *, *, #1338, .T. ) ;
#776 = CARTESIAN_POINT ( 'NONE',  ( -0.8000000000000000444, 2.540000000000000036, -0.06288933513965000444 ) ) ;
#777 = COLOUR_RGB ( '',0.9803921568627450567, 0.9411764705882352811, 0.7843137254901960675 ) ;
#778 =( GEOMETRIC_REPRESENTATION_CONTEXT ( 3 ) GLOBAL_UNCERTAINTY_ASSIGNED_CONTEXT ( ( #1303 ) ) GLOBAL_UNIT_ASSIGNED_CONTEXT ( ( #2526, #2, #1226 ) ) REPRESENTATION_CONTEXT ( 'NONE', 'WORKASPACE' ) );
#779 = EDGE_CURVE ( 'NONE', #3897, #3746, #5345, .T. ) ;
#780 = CARTESIAN_POINT ( 'NONE',  ( 1.800000000000000266, 0.000000000000000000, -1.000000000000000000 ) ) ;
#781 = PLANE ( 'NONE',  #5050 ) ;
#782 = VECTOR ( 'NONE', #1609, 1000.000000000000000 ) ;
#783 =( NAMED_UNIT ( * ) SI_UNIT ( $, .STERADIAN. ) SOLID_ANGLE_UNIT ( ) );
#784 = LINE ( 'NONE', #5089, #5138 ) ;
#785 = LINE ( 'NONE', #3764, #3163 ) ;
#786 = COLOUR_RGB ( '',0.8431372549019607865, 0.8431372549019607865, 0.8431372549019607865 ) ;
#787 = CARTESIAN_POINT ( 'NONE',  ( 2.879999999999999893, 1.200000000000000178, -5.650000000000000355 ) ) ;
#788 =( NAMED_UNIT ( * ) SI_UNIT ( $, .STERADIAN. ) SOLID_ANGLE_UNIT ( ) );
#789 = LINE ( 'NONE', #5432, #3269 ) ;
#790 = ORIENTED_EDGE ( 'NONE', *, *, #4480, .F. ) ;
#791 = DIRECTION ( 'NONE',  ( -0.000000000000000000, 0.000000000000000000, -1.000000000000000000 ) ) ;
#792 = EDGE_LOOP ( 'NONE', ( #4425, #14, #1060 ) ) ;
#793 = CARTESIAN_POINT ( 'NONE',  ( -4.609887319042352161, 2.700000000000000622, -5.686492374042706466 ) ) ;
#794 =( LENGTH_UNIT ( ) NAMED_UNIT ( * ) SI_UNIT ( .MILLI., .METRE. ) );
#795 = DIRECTION ( 'NONE',  ( 1.000000000000000000, -0.000000000000000000, 0.000000000000000000 ) ) ;
#796 = ORIENTED_EDGE ( 'NONE', *, *, #1229, .T. ) ;
#797 = STYLED_ITEM ( 'NONE', ( #4535 ), #42 ) ;
#798 = CARTESIAN_POINT ( 'NONE',  ( 4.999318000333712320, 2.699844180100926305, -5.383686373733559627 ) ) ;
#799 = SURFACE_STYLE_USAGE ( .BOTH. , #2412 ) ;
#800 = ORIENTED_EDGE ( 'NONE', *, *, #3179, .T. ) ;
#801 = MECHANICAL_DESIGN_GEOMETRIC_PRESENTATION_REPRESENTATION (  '', ( #1497 ), #4332 ) ;
#802 = EDGE_CURVE ( 'NONE', #4409, #3971, #312, .T. ) ;
#803 = CARTESIAN_POINT ( 'NONE',  ( -4.469999999999968665, -2.289999999999994706, -1.200000000000062350 ) ) ;
#804 = DIRECTION ( 'NONE',  ( 0.000000000000000000, -0.05233595624294862941, -0.9986295347545737222 ) ) ;
#805 = SURFACE_SIDE_STYLE ('',( #4588 ) ) ;
#806 = FILL_AREA_STYLE ('',( #4589 ) ) ;
#807 = EDGE_CURVE ( 'NONE', #2093, #5228, #1499, .T. ) ;
#808 = LINE ( 'NONE', #2949, #1475 ) ;
#809 = VECTOR ( 'NONE', #2259, 1000.000000000000000 ) ;
#810 = DIRECTION ( 'NONE',  ( 0.000000000000000000, -0.9986295347545738332, 0.05233595624294426485 ) ) ;
#811 = STYLED_ITEM ( 'NONE', ( #3339 ), #1626 ) ;
#812 = DIRECTION ( 'NONE',  ( 0.000000000000000000, 0.7071067811865475727, -0.7071067811865475727 ) ) ;
#813 = COLOUR_RGB ( '',0.8431372549019607865, 0.8431372549019607865, 0.8431372549019607865 ) ;
#814 = VERTEX_POINT ( 'NONE', #4935 ) ;
#815 = ADVANCED_FACE ( 'NONE', ( #4875 ), #1136, .T. ) ;
#816 = CARTESIAN_POINT ( 'NONE',  ( 4.729999999999999538, -2.700000000000000178, -1.000000000000000000 ) ) ;
#817 = VERTEX_POINT ( 'NONE', #4261 ) ;
#818 = DIRECTION ( 'NONE',  ( 1.000000000000000000, 0.000000000000000000, -0.000000000000000000 ) ) ;
#819 = AXIS2_PLACEMENT_3D ( 'NONE', #4230, #1809, #1243 ) ;
#820 = PRESENTATION_LAYER_ASSIGNMENT (  '', '', ( #3035 ) ) ;
#821 = LINE ( 'NONE', #1274, #3199 ) ;
#822 = UNCERTAINTY_MEASURE_WITH_UNIT (LENGTH_MEASURE( 1.000000000000000082E-05 ), #3735, 'distance_accuracy_value', 'NONE');
#823 = CARTESIAN_POINT ( 'NONE',  ( 3.600000000000000533, -2.689999999999999503, -0.2052340201468943748 ) ) ;
#824 = ORIENTED_EDGE ( 'NONE', *, *, #656, .T. ) ;
#825 = CARTESIAN_POINT ( 'NONE',  ( -2.799999999999999822, -0.6445517328096000975, -0.2500000000000000000 ) ) ;
#826 = ORIENTED_EDGE ( 'NONE', *, *, #2347, .T. ) ;
#827 = SURFACE_STYLE_USAGE ( .BOTH. , #1145 ) ;
#828 = FACE_BOUND ( 'NONE', #4596, .T. ) ;
#829 = FILL_AREA_STYLE ('',( #73 ) ) ;
#830 = VERTEX_POINT ( 'NONE', #2136 ) ;
#831 = ORIENTED_EDGE ( 'NONE', *, *, #1961, .F. ) ;
#832 = FACE_OUTER_BOUND ( 'NONE', #1042, .T. ) ;
#833 = PRESENTATION_LAYER_ASSIGNMENT (  '', '', ( #147 ) ) ;
#834 = EDGE_CURVE ( 'NONE', #4908, #5104, #5434, .T. ) ;
#835 = CARTESIAN_POINT ( 'NONE',  ( 2.850000000000000089, -1.300000000000000266, -1.199999999999999956 ) ) ;
#836 = STYLED_ITEM ( 'NONE', ( #2096 ), #2139 ) ;
#837 = LINE ( 'NONE', #2516, #1244 ) ;
#838 = CARTESIAN_POINT ( 'NONE',  ( 1.399999999999999911, 2.540000000000000036, -0.06288933513965132283 ) ) ;
#839 = EDGE_CURVE ( 'NONE', #1418, #2680, #1646, .T. ) ;
#840 = VECTOR ( 'NONE', #3508, 1000.000000000000000 ) ;
#841 = DIRECTION ( 'NONE',  ( -1.000000000000000000, 0.000000000000000000, 0.000000000000000000 ) ) ;
#842 = ORIENTED_EDGE ( 'NONE', *, *, #2215, .T. ) ;
#843 = PRESENTATION_STYLE_ASSIGNMENT (( #5124 ) ) ;
#844 = ORIENTED_EDGE ( 'NONE', *, *, #2591, .T. ) ;
#845 = SURFACE_STYLE_USAGE ( .BOTH. , #3336 ) ;
#846 =( NAMED_UNIT ( * ) SI_UNIT ( $, .STERADIAN. ) SOLID_ANGLE_UNIT ( ) );
#847 =( GEOMETRIC_REPRESENTATION_CONTEXT ( 3 ) GLOBAL_UNCERTAINTY_ASSIGNED_CONTEXT ( ( #2432 ) ) GLOBAL_UNIT_ASSIGNED_CONTEXT ( ( #2513, #2855, #1214 ) ) REPRESENTATION_CONTEXT ( 'NONE', 'WORKASPACE' ) );
#848 = LINE ( 'NONE', #1304, #2636 ) ;
#849 = ORIENTED_EDGE ( 'NONE', *, *, #2974, .F. ) ;
#850 = SURFACE_STYLE_FILL_AREA ( #3832 ) ;
#851 =( NAMED_UNIT ( * ) PLANE_ANGLE_UNIT ( ) SI_UNIT ( $, .RADIAN. ) );
#852 = AXIS2_PLACEMENT_3D ( 'NONE', #347, #2906, #2033 ) ;
#853 = LINE ( 'NONE', #2529, #4767 ) ;
#854 = DIRECTION ( 'NONE',  ( 1.000000000000000000, 0.000000000000000000, 0.000000000000000000 ) ) ;
#855 = ORIENTED_EDGE ( 'NONE', *, *, #2146, .T. ) ;
#856 = CARTESIAN_POINT ( 'NONE',  ( 4.699999999999999289, 2.700000000000000178, -5.349999999999999645 ) ) ;
#857 = ORIENTED_EDGE ( 'NONE', *, *, #4549, .T. ) ;
#858 = PRESENTATION_STYLE_ASSIGNMENT (( #3604 ) ) ;
#859 = CARTESIAN_POINT ( 'NONE',  ( -4.910123345235141379, 2.700000000000000622, -5.135878119317071722 ) ) ;
#860 = VECTOR ( 'NONE', #324, 1000.000000000000000 ) ;
#861 = VECTOR ( 'NONE', #1774, 1000.000000000000000 ) ;
#862 = PRESENTATION_STYLE_ASSIGNMENT (( #4640 ) ) ;
#863 = PRESENTATION_STYLE_ASSIGNMENT (( #4229 ) ) ;
#864 =( LENGTH_UNIT ( ) NAMED_UNIT ( * ) SI_UNIT ( .MILLI., .METRE. ) );
#865 = FACE_OUTER_BOUND ( 'NONE', #4817, .T. ) ;
#866 = AXIS2_PLACEMENT_3D ( 'NONE', #4446, #187, #2359 ) ;
#867 = CIRCLE ( 'NONE', #178, 0.2999999999999999334 ) ;
#868 = DIRECTION ( 'NONE',  ( 0.000000000000000000, -1.000000000000000000, 0.000000000000000000 ) ) ;
#869 = CARTESIAN_POINT ( 'NONE',  ( -4.469999999999999751, -1.300000000000000266, -1.040000000000000036 ) ) ;
#870 = ORIENTED_EDGE ( 'NONE', *, *, #2591, .F. ) ;
#871 = ADVANCED_FACE ( 'NONE', ( #4597 ), #1248, .T. ) ;
#872 = CIRCLE ( 'NONE', #534, 0.2999999999999999334 ) ;
#873 = ORIENTED_EDGE ( 'NONE', *, *, #2638, .F. ) ;
#874 = ORIENTED_EDGE ( 'NONE', *, *, #3580, .F. ) ;
#875 = DIRECTION ( 'NONE',  ( -1.000000000000000000, -0.000000000000000000, 0.000000000000000000 ) ) ;
#876 = ORIENTED_EDGE ( 'NONE', *, *, #2609, .F. ) ;
#877 = EDGE_CURVE ( 'NONE', #3228, #4452, #2079, .T. ) ;
#878 = CARTESIAN_POINT ( 'NONE',  ( -4.700000000000000178, -2.700000000000001066, -5.349999999999999645 ) ) ;
#879 = DIRECTION ( 'NONE',  ( 1.000000000000000000, 0.000000000000000000, 0.000000000000000000 ) ) ;
#880 = CARTESIAN_POINT ( 'NONE',  ( 3.600000000000000533, 0.000000000000000000, -1.199999999999999956 ) ) ;
#881 = VERTEX_POINT ( 'NONE', #2953 ) ;
#882 = SURFACE_STYLE_FILL_AREA ( #4665 ) ;
#883 = ORIENTED_EDGE ( 'NONE', *, *, #50, .F. ) ;
#884 = EDGE_CURVE ( 'NONE', #75, #1703, #4183, .T. ) ;
#885 = CARTESIAN_POINT ( 'NONE',  ( 1.800000000000000266, -2.689999999999999947, -0.2052340201469000092 ) ) ;
#886 = SURFACE_STYLE_USAGE ( .BOTH. , #4696 ) ;
#887 = DIRECTION ( 'NONE',  ( 1.000000000000000000, 0.000000000000000000, 0.000000000000000000 ) ) ;
#888 = VECTOR ( 'NONE', #3064, 1000.000000000000000 ) ;
#889 = PLANE ( 'NONE',  #2263 ) ;
#890 = DIRECTION ( 'NONE',  ( 0.000000000000000000, 0.000000000000000000, -1.000000000000000000 ) ) ;
#891 = VECTOR ( 'NONE', #2222, 1000.000000000000114 ) ;
#892 = AXIS2_PLACEMENT_3D ( 'NONE', #3205, #4056, #2872 ) ;
#893 = DIRECTION ( 'NONE',  ( 0.000000000000000000, 1.000000000000000000, 0.000000000000000000 ) ) ;
#894 = FILL_AREA_STYLE ('',( #2206 ) ) ;
#895 = SURFACE_STYLE_USAGE ( .BOTH. , #4675 ) ;
#896 = PLANE ( 'NONE',  #1955 ) ;
#897 = CARTESIAN_POINT ( 'NONE',  ( 4.700000000000000178, -2.730000000000000426, -1.199999999999999956 ) ) ;
#898 = VECTOR ( 'NONE', #4454, 1000.000000000000227 ) ;
#899 =( NAMED_UNIT ( * ) SI_UNIT ( $, .STERADIAN. ) SOLID_ANGLE_UNIT ( ) );
#900 =( GEOMETRIC_REPRESENTATION_CONTEXT ( 3 ) GLOBAL_UNCERTAINTY_ASSIGNED_CONTEXT ( ( #934 ) ) GLOBAL_UNIT_ASSIGNED_CONTEXT ( ( #332, #2782, #1186 ) ) REPRESENTATION_CONTEXT ( 'NONE', 'WORKASPACE' ) );
#901 = EDGE_CURVE ( 'NONE', #3913, #2703, #4235, .T. ) ;
#902 = LINE ( 'NONE', #2924, #2244 ) ;
#903 = ORIENTED_EDGE ( 'NONE', *, *, #2177, .T. ) ;
#904 = SURFACE_SIDE_STYLE ('',( #4217 ) ) ;
#905 = VERTEX_POINT ( 'NONE', #3332 ) ;
#906 = PRESENTATION_LAYER_ASSIGNMENT (  '', '', ( #3385 ) ) ;
#907 = LINE ( 'NONE', #2633, #26 ) ;
#908 = LINE ( 'NONE', #5139, #2624 ) ;
#909 = EDGE_CURVE ( 'NONE', #1661, #4335, #31, .T. ) ;
#910 = VERTEX_POINT ( 'NONE', #897 ) ;
#911 = FACE_OUTER_BOUND ( 'NONE', #4439, .T. ) ;
#912 = ORIENTED_EDGE ( 'NONE', *, *, #5326, .F. ) ;
#913 =( NAMED_UNIT ( * ) PLANE_ANGLE_UNIT ( ) SI_UNIT ( $, .RADIAN. ) );
#914 = DIRECTION ( 'NONE',  ( 0.000000000000000000, -0.000000000000000000, -1.000000000000000000 ) ) ;
#915 = SURFACE_SIDE_STYLE ('',( #2969 ) ) ;
#916 = FACE_OUTER_BOUND ( 'NONE', #1387, .T. ) ;
#917 = LINE ( 'NONE', #499, #1332 ) ;
#918 = DIRECTION ( 'NONE',  ( 1.000000000000000000, 0.000000000000000000, -0.000000000000000000 ) ) ;
#919 = LINE ( 'NONE', #5063, #3687 ) ;
#920 = CARTESIAN_POINT ( 'NONE',  ( 1.850000000000000089, 2.290000000000000036, -1.199999999999999956 ) ) ;
#921 = LINE ( 'NONE', #5154, #1608 ) ;
#922 =( GEOMETRIC_REPRESENTATION_CONTEXT ( 3 ) GLOBAL_UNCERTAINTY_ASSIGNED_CONTEXT ( ( #2763 ) ) GLOBAL_UNIT_ASSIGNED_CONTEXT ( ( #2128, #3869, #1366 ) ) REPRESENTATION_CONTEXT ( 'NONE', 'WORKASPACE' ) );
#923 = SURFACE_SIDE_STYLE ('',( #4238 ) ) ;
#924 =( LENGTH_UNIT ( ) NAMED_UNIT ( * ) SI_UNIT ( .MILLI., .METRE. ) );
#925 = UNCERTAINTY_MEASURE_WITH_UNIT (LENGTH_MEASURE( 1.000000000000000082E-05 ), #3017, 'distance_accuracy_value', 'NONE');
#926 =( NAMED_UNIT ( * ) SI_UNIT ( $, .STERADIAN. ) SOLID_ANGLE_UNIT ( ) );
#927 = ORIENTED_EDGE ( 'NONE', *, *, #1108, .T. ) ;
#928 = PRESENTATION_LAYER_ASSIGNMENT (  '', '', ( #1019 ) ) ;
#929 = CARTESIAN_POINT ( 'NONE',  ( 4.699999999999999289, 2.995803989154981029, -5.399999999999999467 ) ) ;
#930 = ORIENTED_EDGE ( 'NONE', *, *, #3590, .T. ) ;
#931 = ADVANCED_FACE ( 'NONE', ( #424 ), #2107, .T. ) ;
#932 = MECHANICAL_DESIGN_GEOMETRIC_PRESENTATION_REPRESENTATION (  '', ( #4192 ), #4989 ) ;
#933 = CARTESIAN_POINT ( 'NONE',  ( 4.700000000000000178, -2.700000000000000178, -1.000000000000000000 ) ) ;
#934 = UNCERTAINTY_MEASURE_WITH_UNIT (LENGTH_MEASURE( 1.000000000000000082E-05 ), #332, 'distance_accuracy_value', 'NONE');
#935 = ORIENTED_EDGE ( 'NONE', *, *, #496, .T. ) ;
#936 = PLANE ( 'NONE',  #1843 ) ;
#937 = ORIENTED_EDGE ( 'NONE', *, *, #3090, .F. ) ;
#938 =( GEOMETRIC_REPRESENTATION_CONTEXT ( 3 ) GLOBAL_UNCERTAINTY_ASSIGNED_CONTEXT ( ( #990 ) ) GLOBAL_UNIT_ASSIGNED_CONTEXT ( ( #2998, #141, #498 ) ) REPRESENTATION_CONTEXT ( 'NONE', 'WORKASPACE' ) );
#939 = FILL_AREA_STYLE_COLOUR ( '', #39 ) ;
#940 = SURFACE_SIDE_STYLE ('',( #968 ) ) ;
#941 = EDGE_CURVE ( 'NONE', #3100, #2379, #952, .T. ) ;
#942 = PRESENTATION_STYLE_ASSIGNMENT (( #113 ) ) ;
#943 = PRESENTATION_STYLE_ASSIGNMENT (( #4312 ) ) ;
#944 = LINE ( 'NONE', #1000, #4427 ) ;
#945 = LINE ( 'NONE', #3004, #3242 ) ;
#946 = EDGE_CURVE ( 'NONE', #2608, #3345, #591, .T. ) ;
#947 = STYLED_ITEM ( 'NONE', ( #3284 ), #3016 ) ;
#948 = LINE ( 'NONE', #2575, #449 ) ;
#949 = AXIS2_PLACEMENT_3D ( 'NONE', #728, #3990, #225 ) ;
#950 = MECHANICAL_DESIGN_GEOMETRIC_PRESENTATION_REPRESENTATION (  '', ( #4915 ), #773 ) ;
#951 = DIRECTION ( 'NONE',  ( 0.000000000000000000, 0.8660254037844107300, 0.5000000000000482947 ) ) ;
#952 = LINE ( 'NONE', #2625, #4087 ) ;
#953 = MECHANICAL_DESIGN_GEOMETRIC_PRESENTATION_REPRESENTATION (  '', ( #2203 ), #5279 ) ;
#954 = PRESENTATION_LAYER_ASSIGNMENT (  '', '', ( #2898 ) ) ;
#955 = CARTESIAN_POINT ( 'NONE',  ( 0.000000000000000000, 2.290000000000000036, -1.199999999999999956 ) ) ;
#956 = CARTESIAN_POINT ( 'NONE',  ( -4.700000000000001066, -2.912132034355966681, -5.562132034355967036 ) ) ;
#957 = FILL_AREA_STYLE ('',( #148 ) ) ;
#958 = EDGE_LOOP ( 'NONE', ( #4939, #1089, #4006, #4551 ) ) ;
#959 = AXIS2_PLACEMENT_3D ( 'NONE', #103, #5236, #2295 ) ;
#960 = VECTOR ( 'NONE', #810, 1000.000000000000114 ) ;
#961 = VERTEX_POINT ( 'NONE', #5179 ) ;
#962 = CARTESIAN_POINT ( 'NONE',  ( -1.850000000000000089, 1.300000000000000266, -1.199999999999999956 ) ) ;
#963 = CARTESIAN_POINT ( 'NONE',  ( -4.469999999999999751, 2.012871870788997875, -1.040000000000003366 ) ) ;
#964 = PRESENTATION_STYLE_ASSIGNMENT (( #4715 ) ) ;
#965 = ORIENTED_EDGE ( 'NONE', *, *, #3779, .F. ) ;
#966 = CARTESIAN_POINT ( 'NONE',  ( 1.399999999999999911, 2.689999999999999947, -1.199999999999999956 ) ) ;
#967 = ORIENTED_EDGE ( 'NONE', *, *, #1617, .T. ) ;
#968 = SURFACE_STYLE_FILL_AREA ( #3025 ) ;
#969 = CARTESIAN_POINT ( 'NONE',  ( 1.800000000000000488, -2.540000000000000036, -0.06288933513965000444 ) ) ;
#970 = FACE_OUTER_BOUND ( 'NONE', #3884, .T. ) ;
#971 = DIRECTION ( 'NONE',  ( 0.000000000000000000, 0.000000000000000000, 1.000000000000000000 ) ) ;
#972 = EDGE_CURVE ( 'NONE', #1951, #2363, #2240, .T. ) ;
#973 = ORIENTED_EDGE ( 'NONE', *, *, #1041, .T. ) ;
#974 = FACE_OUTER_BOUND ( 'NONE', #4306, .T. ) ;
#975 = PRESENTATION_LAYER_ASSIGNMENT (  '', '', ( #1686 ) ) ;
#976 = ADVANCED_FACE ( 'NONE', ( #2696 ), #536, .T. ) ;
#977 = DIRECTION ( 'NONE',  ( 0.000000000000000000, 0.000000000000000000, 1.000000000000000000 ) ) ;
#978 = DIRECTION ( 'NONE',  ( 1.000000000000000000, 0.000000000000000000, -0.000000000000000000 ) ) ;
#979 = AXIS2_PLACEMENT_3D ( 'NONE', #3835, #71, #988 ) ;
#980 =( GEOMETRIC_REPRESENTATION_CONTEXT ( 3 ) GLOBAL_UNCERTAINTY_ASSIGNED_CONTEXT ( ( #3644 ) ) GLOBAL_UNIT_ASSIGNED_CONTEXT ( ( #3044, #4267, #4295 ) ) REPRESENTATION_CONTEXT ( 'NONE', 'WORKASPACE' ) );
#981 = VECTOR ( 'NONE', #2978, 1000.000000000000000 ) ;
#982 = CARTESIAN_POINT ( 'NONE',  ( -2.850000000000000089, 1.300000000000000266, -1.199999999999999956 ) ) ;
#983 =( LENGTH_UNIT ( ) NAMED_UNIT ( * ) SI_UNIT ( .MILLI., .METRE. ) );
#984 = MECHANICAL_DESIGN_GEOMETRIC_PRESENTATION_REPRESENTATION (  '', ( #47 ), #2948 ) ;
#985 = VERTEX_POINT ( 'NONE', #1431 ) ;
#986 = VERTEX_POINT ( 'NONE', #1788 ) ;
#987 = VERTEX_POINT ( 'NONE', #1462 ) ;
#988 = DIRECTION ( 'NONE',  ( 0.000000000000000000, 0.000000000000000000, -1.000000000000000000 ) ) ;
#989 = COLOUR_RGB ( '',0.8431372549019607865, 0.8431372549019607865, 0.8431372549019607865 ) ;
#990 = UNCERTAINTY_MEASURE_WITH_UNIT (LENGTH_MEASURE( 1.000000000000000082E-05 ), #2998, 'distance_accuracy_value', 'NONE');
#991 = SURFACE_STYLE_USAGE ( .BOTH. , #4768 ) ;
#992 = EDGE_LOOP ( 'NONE', ( #4408, #3104, #849, #206 ) ) ;
#993 = ORIENTED_EDGE ( 'NONE', *, *, #5126, .F. ) ;
#994 = DIRECTION ( 'NONE',  ( -1.000000000000000000, -0.000000000000000000, 0.000000000000000000 ) ) ;
#995 = STYLED_ITEM ( 'NONE', ( #2042 ), #1081 ) ;
#996 = FILL_AREA_STYLE ('',( #2743 ) ) ;
#997 = PLANE ( 'NONE',  #3852 ) ;
#998 = FILL_AREA_STYLE ('',( #5201 ) ) ;
#999 = ORIENTED_EDGE ( 'NONE', *, *, #488, .F. ) ;
#1000 = CARTESIAN_POINT ( 'NONE',  ( -4.000000000000000000, 2.689999999999999947, -0.2052340201469000924 ) ) ;
#1001 = EDGE_CURVE ( 'NONE', #4395, #75, #921, .T. ) ;
#1002 = FILL_AREA_STYLE ('',( #1399 ) ) ;
#1003 = SURFACE_SIDE_STYLE ('',( #3063 ) ) ;
#1004 = CARTESIAN_POINT ( 'NONE',  ( -4.699999999999999289, -3.000000000000000000, -5.349999999999998757 ) ) ;
#1005 = LINE ( 'NONE', #1432, #1667 ) ;
#1006 = EDGE_CURVE ( 'NONE', #3266, #4908, #1348, .T. ) ;
#1007 = FACE_OUTER_BOUND ( 'NONE', #1012, .T. ) ;
#1008 = VECTOR ( 'NONE', #3988, 1000.000000000000114 ) ;
#1009 = CARTESIAN_POINT ( 'NONE',  ( -4.700000000000000178, -2.912132034355965349, -5.562132034355965260 ) ) ;
#1010 = PRESENTATION_STYLE_ASSIGNMENT (( #1875 ) ) ;
#1011 = ORIENTED_EDGE ( 'NONE', *, *, #4557, .F. ) ;
#1012 = EDGE_LOOP ( 'NONE', ( #595, #4960, #4377, #3304 ) ) ;
#1013 =( NAMED_UNIT ( * ) SI_UNIT ( $, .STERADIAN. ) SOLID_ANGLE_UNIT ( ) );
#1014 = EDGE_LOOP ( 'NONE', ( #5142, #1854, #3912, #2549 ) ) ;
#1015 = COLOUR_RGB ( '',0.9803921568627450567, 0.9411764705882352811, 0.7843137254901960675 ) ;
#1016 = EDGE_CURVE ( 'NONE', #3974, #4035, #4730, .T. ) ;
#1017 = CARTESIAN_POINT ( 'NONE',  ( 4.943327991225581641, 2.881691632363398536, -5.400000000000001243 ) ) ;
#1018 = DIRECTION ( 'NONE',  ( -0.000000000000000000, -0.000000000000000000, 1.000000000000000000 ) ) ;
#1019 = STYLED_ITEM ( 'NONE', ( #5048 ), #2440 ) ;
#1020 = CARTESIAN_POINT ( 'NONE',  ( 5.000568874544741860, 2.894252807002318573, -5.295253398475018081 ) ) ;
#1021 = ORIENTED_EDGE ( 'NONE', *, *, #2035, .T. ) ;
#1022 = PLANE ( 'NONE',  #2588 ) ;
#1023 = EDGE_LOOP ( 'NONE', ( #993, #3177, #736, #1384 ) ) ;
#1024 = CARTESIAN_POINT ( 'NONE',  ( -0.4000000000000000222, -3.740000000000000213, 0.000000000000000000 ) ) ;
#1025 = SURFACE_STYLE_USAGE ( .BOTH. , #4827 ) ;
#1026 = PLANE ( 'NONE',  #2795 ) ;
#1027 = EDGE_LOOP ( 'NONE', ( #607, #1588, #3503, #2458, #3174, #1795 ) ) ;
#1028 =( NAMED_UNIT ( * ) SI_UNIT ( $, .STERADIAN. ) SOLID_ANGLE_UNIT ( ) );
#1029 = DIRECTION ( 'NONE',  ( 0.000000000000000000, -0.9986295347545738332, -0.05233595624294426485 ) ) ;
#1030 = PRESENTATION_STYLE_ASSIGNMENT (( #253 ) ) ;
#1031 = DIRECTION ( 'NONE',  ( 0.000000000000000000, 1.000000000000000000, 0.000000000000000000 ) ) ;
#1032 = STYLED_ITEM ( 'NONE', ( #3169 ), #3172 ) ;
#1033 = FILL_AREA_STYLE_COLOUR ( '', #3640 ) ;
#1034 =( NAMED_UNIT ( * ) SI_UNIT ( $, .STERADIAN. ) SOLID_ANGLE_UNIT ( ) );
#1035 = FILL_AREA_STYLE ('',( #4814 ) ) ;
#1036 = AXIS2_PLACEMENT_3D ( 'NONE', #1515, #705, #3214 ) ;
#1037 = CIRCLE ( 'NONE', #3949, 0.2999999999999999334 ) ;
#1038 =( NAMED_UNIT ( * ) SI_UNIT ( $, .STERADIAN. ) SOLID_ANGLE_UNIT ( ) );
#1039 = UNCERTAINTY_MEASURE_WITH_UNIT (LENGTH_MEASURE( 1.000000000000000082E-05 ), #2288, 'distance_accuracy_value', 'NONE');
#1040 = FILL_AREA_STYLE ('',( #3146 ) ) ;
#1042 = EDGE_LOOP ( 'NONE', ( #826, #3281, #1644, #5377, #930, #3865, #1680 ) ) ;
#1041 = EDGE_CURVE ( 'NONE', #4874, #337, #2294, .T. ) ;
#1043 = FILL_AREA_STYLE ('',( #175 ) ) ;
#1044 = ORIENTED_EDGE ( 'NONE', *, *, #4271, .T. ) ;
#1045 = VECTOR ( 'NONE', #2151, 1000.000000000000227 ) ;
#1046 = COLOUR_RGB ( '',0.8431372549019607865, 0.8431372549019607865, 0.8431372549019607865 ) ;
#1047 = CARTESIAN_POINT ( 'NONE',  ( -0.8000000000000000444, -3.747850393435999905, -0.1497944302131999916 ) ) ;
#1048 = FILL_AREA_STYLE_COLOUR ( '', #1918 ) ;
#1049 = VECTOR ( 'NONE', #2044, 1000.000000000000000 ) ;
#1050 = PRESENTATION_STYLE_ASSIGNMENT (( #4823 ) ) ;
#1051 = EDGE_LOOP ( 'NONE', ( #2147, #1934, #4189, #726, #128, #2034, #409, #4882 ) ) ;
#1052 = EDGE_CURVE ( 'NONE', #910, #1661, #4349, .T. ) ;
#1053 = ADVANCED_FACE ( 'NONE', ( #2012 ), #1493, .T. ) ;
#1054 = DIRECTION ( 'NONE',  ( 0.000000000000000000, -0.000000000000000000, -1.000000000000000000 ) ) ;
#1055 = EDGE_LOOP ( 'NONE', ( #1391, #1450, #1988, #4223 ) ) ;
#1056 = FILL_AREA_STYLE ('',( #4802 ) ) ;
#1057 = SURFACE_STYLE_USAGE ( .BOTH. , #2360 ) ;
#1058 = LINE ( 'NONE', #1950, #1629 ) ;
#1059 = EDGE_CURVE ( 'NONE', #814, #4035, #1928, .T. ) ;
#1060 = ORIENTED_EDGE ( 'NONE', *, *, #1616, .F. ) ;
#1061 = FILL_AREA_STYLE_COLOUR ( '', #4400 ) ;
#1062 =( NAMED_UNIT ( * ) SI_UNIT ( $, .STERADIAN. ) SOLID_ANGLE_UNIT ( ) );
#1063 = PRESENTATION_STYLE_ASSIGNMENT (( #4923 ) ) ;
#1064 = CARTESIAN_POINT ( 'NONE',  ( -4.999986676132683883, -2.698000732276108593, -5.348000732276106284 ) ) ;
#1065 =( GEOMETRIC_REPRESENTATION_CONTEXT ( 3 ) GLOBAL_UNCERTAINTY_ASSIGNED_CONTEXT ( ( #2391 ) ) GLOBAL_UNIT_ASSIGNED_CONTEXT ( ( #4103, #4130, #4050 ) ) REPRESENTATION_CONTEXT ( 'NONE', 'WORKASPACE' ) );
#1066 = DIRECTION ( 'NONE',  ( 0.000000000000000000, -1.000000000000000000, -0.000000000000000000 ) ) ;
#1067 = PRESENTATION_LAYER_ASSIGNMENT (  '', '', ( #637 ) ) ;
#1068 = CARTESIAN_POINT ( 'NONE',  ( -2.799999999999999822, -1.300000000000000266, -0.2500000000000000000 ) ) ;
#1069 = COLOUR_RGB ( '',0.9803921568627450567, 0.9411764705882352811, 0.7843137254901960675 ) ;
#1070 = ORIENTED_EDGE ( 'NONE', *, *, #4884, .F. ) ;
#1071 = CARTESIAN_POINT ( 'NONE',  ( -0.4000000000000000222, 0.000000000000000000, -1.000000000000000000 ) ) ;
#1072 = ORIENTED_EDGE ( 'NONE', *, *, #4897, .F. ) ;
#1073 = COLOUR_RGB ( '',0.9803921568627450567, 0.9411764705882352811, 0.7843137254901960675 ) ;
#1074 = EDGE_CURVE ( 'NONE', #3149, #4536, #4070, .T. ) ;
#1075 =( NAMED_UNIT ( * ) SI_UNIT ( $, .STERADIAN. ) SOLID_ANGLE_UNIT ( ) );
#1076 = CARTESIAN_POINT ( 'NONE',  ( 4.872408892959087190, 2.945015907068756711, -5.452187703593986079 ) ) ;
#1077 = VERTEX_POINT ( 'NONE', #1956 ) ;
#1078 = COLOUR_RGB ( '',0.8431372549019607865, 0.8431372549019607865, 0.8431372549019607865 ) ;
#1079 = CARTESIAN_POINT ( 'NONE',  ( -4.000000000000000000, -2.540000000000000036, -1.000000000000000000 ) ) ;
#1080 = SURFACE_SIDE_STYLE ('',( #4857 ) ) ;
#1081 = ADVANCED_FACE ( 'NONE', ( #3245 ), #3630, .T. ) ;
#1082 =( GEOMETRIC_REPRESENTATION_CONTEXT ( 3 ) GLOBAL_UNCERTAINTY_ASSIGNED_CONTEXT ( ( #4144 ) ) GLOBAL_UNIT_ASSIGNED_CONTEXT ( ( #3462, #79, #5144 ) ) REPRESENTATION_CONTEXT ( 'NONE', 'WORKASPACE' ) );
#1083 = VERTEX_POINT ( 'NONE', #4099 ) ;
#1084 = DIRECTION ( 'NONE',  ( 0.000000000000000000, -0.05233595624000127872, -0.9986295347547280432 ) ) ;
#1085 = VECTOR ( 'NONE', #2700, 1000.000000000000000 ) ;
#1086 = MECHANICAL_DESIGN_GEOMETRIC_PRESENTATION_REPRESENTATION (  '', ( #3035 ), #1694 ) ;
#1087 = CARTESIAN_POINT ( 'NONE',  ( -4.000000000000000000, -2.689999999999999503, -0.2052340201468943748 ) ) ;
#1088 =( LENGTH_UNIT ( ) NAMED_UNIT ( * ) SI_UNIT ( .MILLI., .METRE. ) );
#1089 = ORIENTED_EDGE ( 'NONE', *, *, #3186, .T. ) ;
#1090 = FILL_AREA_STYLE_COLOUR ( '', #813 ) ;
#1091 = ORIENTED_EDGE ( 'NONE', *, *, #972, .F. ) ;
#1092 = VECTOR ( 'NONE', #1517, 1000.000000000000000 ) ;
#1093 = DIRECTION ( 'NONE',  ( -0.000000000000000000, 0.000000000000000000, 1.000000000000000000 ) ) ;
#1094 = CARTESIAN_POINT ( 'NONE',  ( 4.912132034355965793, -2.700000000000000178, -5.562132034355965260 ) ) ;
#1095 = UNCERTAINTY_MEASURE_WITH_UNIT (LENGTH_MEASURE( 1.000000000000000082E-05 ), #3516, 'distance_accuracy_value', 'NONE');
#1096 = ORIENTED_EDGE ( 'NONE', *, *, #150, .F. ) ;
#1097 = CARTESIAN_POINT ( 'NONE',  ( 4.700000000000000178, -2.700000000000000178, -1.000000000000000000 ) ) ;
#1098 = VERTEX_POINT ( 'NONE', #4953 ) ;
#1099 = CARTESIAN_POINT ( 'NONE',  ( -4.192871870788875022, 2.012871870789000095, -1.040000000000218527 ) ) ;
#1100 = AXIS2_PLACEMENT_3D ( 'NONE', #933, #489, #2634 ) ;
#1101 = ORIENTED_EDGE ( 'NONE', *, *, #1961, .T. ) ;
#1102 = ADVANCED_FACE ( 'NONE', ( #329 ), #3678, .T. ) ;
#1103 = STYLED_ITEM ( 'NONE', ( #87 ), #2672 ) ;
#1104 = CARTESIAN_POINT ( 'NONE',  ( -4.729999999999999538, 2.700000000000000178, -1.000000000000000000 ) ) ;
#1105 = CARTESIAN_POINT ( 'NONE',  ( 1.800000000000000266, 2.689999999999999947, -1.000000000000000000 ) ) ;
#1106 = AXIS2_PLACEMENT_3D ( 'NONE', #3138, #1031, #4067 ) ;
#1107 = SURFACE_STYLE_USAGE ( .BOTH. , #1926 ) ;
#1108 = EDGE_CURVE ( 'NONE', #4208, #434, #837, .T. ) ;
#1109 = DIRECTION ( 'NONE',  ( 0.000000000000000000, -0.000000000000000000, 1.000000000000000000 ) ) ;
#1110 = DIRECTION ( 'NONE',  ( -0.000000000000000000, -0.000000000000000000, 1.000000000000000000 ) ) ;
#1111 = CIRCLE ( 'NONE', #1832, 0.02999999999999964501 ) ;
#1112 = PLANE ( 'NONE',  #1377 ) ;
#1113 = DIRECTION ( 'NONE',  ( -0.000000000000000000, -0.000000000000000000, 1.000000000000000000 ) ) ;
#1114 = ORIENTED_EDGE ( 'NONE', *, *, #4386, .T. ) ;
#1115 =( NAMED_UNIT ( * ) PLANE_ANGLE_UNIT ( ) SI_UNIT ( $, .RADIAN. ) );
#1116 =( GEOMETRIC_REPRESENTATION_CONTEXT ( 3 ) GLOBAL_UNCERTAINTY_ASSIGNED_CONTEXT ( ( #2055 ) ) GLOBAL_UNIT_ASSIGNED_CONTEXT ( ( #983, #234, #261 ) ) REPRESENTATION_CONTEXT ( 'NONE', 'WORKASPACE' ) );
#1117 = DIRECTION ( 'NONE',  ( -1.000000000000000000, -0.000000000000000000, -0.000000000000000000 ) ) ;
#1118 = EDGE_LOOP ( 'NONE', ( #765, #5351, #1498, #2029 ) ) ;
#1119 = PRESENTATION_LAYER_ASSIGNMENT (  '', '', ( #4301 ) ) ;
#1120 = MECHANICAL_DESIGN_GEOMETRIC_PRESENTATION_REPRESENTATION (  '', ( #345 ), #3515 ) ;
#1121 = LINE ( 'NONE', #4992, #1148 ) ;
#1122 = CARTESIAN_POINT ( 'NONE',  ( -3.600000000000000089, 2.540000000000000036, -0.06288933513965128119 ) ) ;
#1123 = ORIENTED_EDGE ( 'NONE', *, *, #1203, .F. ) ;
#1124 = AXIS2_PLACEMENT_3D ( 'NONE', #769, #3347, #4219 ) ;
#1125 =( GEOMETRIC_REPRESENTATION_CONTEXT ( 3 ) GLOBAL_UNCERTAINTY_ASSIGNED_CONTEXT ( ( #2701 ) ) GLOBAL_UNIT_ASSIGNED_CONTEXT ( ( #5342, #2399, #2699 ) ) REPRESENTATION_CONTEXT ( 'NONE', 'WORKASPACE' ) );
#1126 = FILL_AREA_STYLE ('',( #4919 ) ) ;
#1127 = CARTESIAN_POINT ( 'NONE',  ( 2.800000000000000266, -1.300000000000003819, -0.6284232335022941207 ) ) ;
#1128 = EDGE_CURVE ( 'NONE', #1772, #4968, #5397, .T. ) ;
#1129 = DIRECTION ( 'NONE',  ( -0.000000000000000000, 0.000000000000000000, 1.000000000000000000 ) ) ;
#1130 = CARTESIAN_POINT ( 'NONE',  ( -5.001655327279209473, -2.823189846542531800, -5.473189846542529935 ) ) ;
#1131 = FILL_AREA_STYLE ('',( #5340 ) ) ;
#1132 = EDGE_CURVE ( 'NONE', #3395, #3321, #417, .T. ) ;
#1133 = AXIS2_PLACEMENT_3D ( 'NONE', #3249, #1113, #4933 ) ;
#1134 = CARTESIAN_POINT ( 'NONE',  ( 4.000000000000000000, -2.540000000000000036, -0.06288933513965000444 ) ) ;
#1135 = ORIENTED_EDGE ( 'NONE', *, *, #5156, .F. ) ;
#1136 = PLANE ( 'NONE',  #3819 ) ;
#1137 =( GEOMETRIC_REPRESENTATION_CONTEXT ( 3 ) GLOBAL_UNCERTAINTY_ASSIGNED_CONTEXT ( ( #407 ) ) GLOBAL_UNIT_ASSIGNED_CONTEXT ( ( #4483, #4952, #1549 ) ) REPRESENTATION_CONTEXT ( 'NONE', 'WORKASPACE' ) );
#1138 = CARTESIAN_POINT ( 'NONE',  ( -4.485878119317072255, 2.875728126347302016, -5.560123345235142622 ) ) ;
#1139 = CARTESIAN_POINT ( 'NONE',  ( -0.4000000000000000222, 2.689999999999999947, -0.2052340201468999814 ) ) ;
#1140 = UNCERTAINTY_MEASURE_WITH_UNIT (LENGTH_MEASURE( 1.000000000000000082E-05 ), #4741, 'distance_accuracy_value', 'NONE');
#1141 = DIRECTION ( 'NONE',  ( -1.000000000000000000, -0.000000000000000000, -0.000000000000000000 ) ) ;
#1142 = ORIENTED_EDGE ( 'NONE', *, *, #4010, .F. ) ;
#1143 = STYLED_ITEM ( 'NONE', ( #4520 ), #554 ) ;
#1144 = ORIENTED_EDGE ( 'NONE', *, *, #5134, .T. ) ;
#1145 = SURFACE_SIDE_STYLE ('',( #2030 ) ) ;
#1146 = VECTOR ( 'NONE', #1705, 1000.000000000000114 ) ;
#1147 =( LENGTH_UNIT ( ) NAMED_UNIT ( * ) SI_UNIT ( .MILLI., .METRE. ) );
#1148 = VECTOR ( 'NONE', #2501, 1000.000000000000000 ) ;
#1149 =( NAMED_UNIT ( * ) SI_UNIT ( $, .STERADIAN. ) SOLID_ANGLE_UNIT ( ) );
#1150 = UNCERTAINTY_MEASURE_WITH_UNIT (LENGTH_MEASURE( 1.000000000000000082E-05 ), #22, 'distance_accuracy_value', 'NONE');
#1151 = LINE ( 'NONE', #1206, #1435 ) ;
#1152 = ORIENTED_EDGE ( 'NONE', *, *, #4324, .T. ) ;
#1153 = VECTOR ( 'NONE', #2402, 1000.000000000000000 ) ;
#1154 =( LENGTH_UNIT ( ) NAMED_UNIT ( * ) SI_UNIT ( .MILLI., .METRE. ) );
#1155 = LINE ( 'NONE', #750, #271 ) ;
#1156 = PRESENTATION_LAYER_ASSIGNMENT (  '', '', ( #479 ) ) ;
#1157 = DIRECTION ( 'NONE',  ( 1.000000000000000000, 0.000000000000000000, -0.000000000000000000 ) ) ;
#1158 = DIRECTION ( 'NONE',  ( -0.000000000000000000, 0.000000000000000000, -1.000000000000000000 ) ) ;
#1159 = PRESENTATION_STYLE_ASSIGNMENT (( #3272 ) ) ;
#1160 = CARTESIAN_POINT ( 'NONE',  ( -4.877052006648532334, -2.912132034355964461, -5.562132034355962595 ) ) ;
#1161 =( NAMED_UNIT ( * ) PLANE_ANGLE_UNIT ( ) SI_UNIT ( $, .RADIAN. ) );
#1162 = CARTESIAN_POINT ( 'NONE',  ( 1.399999999999999911, -2.540000000000000036, -0.06288933513965000444 ) ) ;
#1163 = ORIENTED_EDGE ( 'NONE', *, *, #4248, .F. ) ;
#1164 = VERTEX_POINT ( 'NONE', #1639 ) ;
#1165 = EDGE_CURVE ( 'NONE', #3739, #5254, #784, .T. ) ;
#1166 = SURFACE_STYLE_FILL_AREA ( #2463 ) ;
#1167 = PLANE ( 'NONE',  #4216 ) ;
#1168 = FILL_AREA_STYLE_COLOUR ( '', #2539 ) ;
#1169 = EDGE_LOOP ( 'NONE', ( #5158, #2124, #3071, #2142, #1849, #2629, #4984, #3331 ) ) ;
#1170 = LINE ( 'NONE', #4169, #3543 ) ;
#1171 = ADVANCED_FACE ( 'NONE', ( #441 ), #469, .T. ) ;
#1172 = LINE ( 'NONE', #4994, #4653 ) ;
#1173 = VECTOR ( 'NONE', #3961, 1000.000000000000000 ) ;
#1174 = SURFACE_STYLE_FILL_AREA ( #4393 ) ;
#1175 = VERTEX_POINT ( 'NONE', #2600 ) ;
#1176 = DIRECTION ( 'NONE',  ( 0.000000000000000000, -0.000000000000000000, -1.000000000000000000 ) ) ;
#1177 =( NAMED_UNIT ( * ) SI_UNIT ( $, .STERADIAN. ) SOLID_ANGLE_UNIT ( ) );
#1178 = SURFACE_STYLE_FILL_AREA ( #5393 ) ;
#1179 = CARTESIAN_POINT ( 'NONE',  ( 3.600000000000000533, 0.000000000000000000, -1.199999999999999956 ) ) ;
#1180 = FILL_AREA_STYLE_COLOUR ( '', #4416 ) ;
#1181 = DIRECTION ( 'NONE',  ( 0.000000000000000000, 0.000000000000000000, 1.000000000000000000 ) ) ;
#1182 = LINE ( 'NONE', #418, #2461 ) ;
#1183 = FILL_AREA_STYLE_COLOUR ( '', #189 ) ;
#1184 = ORIENTED_EDGE ( 'NONE', *, *, #3618, .F. ) ;
#1185 = AXIS2_PLACEMENT_3D ( 'NONE', #4893, #2800, #4481 ) ;
#1186 =( NAMED_UNIT ( * ) SI_UNIT ( $, .STERADIAN. ) SOLID_ANGLE_UNIT ( ) );
#1187 = ORIENTED_EDGE ( 'NONE', *, *, #3178, .F. ) ;
#1188 = CARTESIAN_POINT ( 'NONE',  ( -4.912132034355964905, 2.700000000000000622, -5.562132034355963484 ) ) ;
#1189 = SURFACE_STYLE_FILL_AREA ( #4540 ) ;
#1190 =( GEOMETRIC_REPRESENTATION_CONTEXT ( 3 ) GLOBAL_UNCERTAINTY_ASSIGNED_CONTEXT ( ( #4466 ) ) GLOBAL_UNIT_ASSIGNED_CONTEXT ( ( #746, #3318, #2091 ) ) REPRESENTATION_CONTEXT ( 'NONE', 'WORKASPACE' ) );
#1191 = LINE ( 'NONE', #1139, #5440 ) ;
#1192 = EDGE_CURVE ( 'NONE', #1848, #3533, #4231, .T. ) ;
#1193 = DIRECTION ( 'NONE',  ( 0.000000000000000000, 0.000000000000000000, -1.000000000000000000 ) ) ;
#1194 = UNCERTAINTY_MEASURE_WITH_UNIT (LENGTH_MEASURE( 1.000000000000000082E-05 ), #2745, 'distance_accuracy_value', 'NONE');
#1195 = ORIENTED_EDGE ( 'NONE', *, *, #4579, .F. ) ;
#1196 = SURFACE_STYLE_FILL_AREA ( #1561 ) ;
#1197 = ORIENTED_EDGE ( 'NONE', *, *, #2181, .T. ) ;
#1198 =( GEOMETRIC_REPRESENTATION_CONTEXT ( 3 ) GLOBAL_UNCERTAINTY_ASSIGNED_CONTEXT ( ( #3692 ) ) GLOBAL_UNIT_ASSIGNED_CONTEXT ( ( #2926, #5348, #400 ) ) REPRESENTATION_CONTEXT ( 'NONE', 'WORKASPACE' ) );
#1199 = CARTESIAN_POINT ( 'NONE',  ( 4.990750691648831783, 2.733857497618575660, -5.416731034106965659 ) ) ;
#1200 = FACE_BOUND ( 'NONE', #2392, .T. ) ;
#1201 = SURFACE_SIDE_STYLE ('',( #4996 ) ) ;
#1202 = VECTOR ( 'NONE', #2342, 1000.000000000000000 ) ;
#1203 = EDGE_CURVE ( 'NONE', #2869, #2403, #2155, .T. ) ;
#1204 = VECTOR ( 'NONE', #2754, 1000.000000000000000 ) ;
#1205 = EDGE_CURVE ( 'NONE', #1917, #4182, #3003, .T. ) ;
#1206 = CARTESIAN_POINT ( 'NONE',  ( 1.399999999999999911, 2.540000000000000036, -1.000000000000000000 ) ) ;
#1207 = SURFACE_SIDE_STYLE ('',( #1565 ) ) ;
#1208 = ORIENTED_EDGE ( 'NONE', *, *, #5399, .F. ) ;
#1209 =( LENGTH_UNIT ( ) NAMED_UNIT ( * ) SI_UNIT ( .MILLI., .METRE. ) );
#1210 = VECTOR ( 'NONE', #2535, 1000.000000000000000 ) ;
#1211 =( GEOMETRIC_REPRESENTATION_CONTEXT ( 3 ) GLOBAL_UNCERTAINTY_ASSIGNED_CONTEXT ( ( #5411 ) ) GLOBAL_UNIT_ASSIGNED_CONTEXT ( ( #1339, #2227, #1279 ) ) REPRESENTATION_CONTEXT ( 'NONE', 'WORKASPACE' ) );
#1212 = PRESENTATION_STYLE_ASSIGNMENT (( #1664 ) ) ;
#1213 = EDGE_CURVE ( 'NONE', #3395, #3639, #5120, .T. ) ;
#1214 =( NAMED_UNIT ( * ) SI_UNIT ( $, .STERADIAN. ) SOLID_ANGLE_UNIT ( ) );
#1215 =( NAMED_UNIT ( * ) PLANE_ANGLE_UNIT ( ) SI_UNIT ( $, .RADIAN. ) );
#1216 = VECTOR ( 'NONE', #4127, 1000.000000000000000 ) ;
#1217 = CARTESIAN_POINT ( 'NONE',  ( -4.469999999999999751, -0.6445517328096000975, -0.2500000000000000000 ) ) ;
#1218 = DIRECTION ( 'NONE',  ( -0.000000000000000000, 0.000000000000000000, -1.000000000000000000 ) ) ;
#1219 = DIRECTION ( 'NONE',  ( -0.000000000000000000, -0.000000000000000000, 1.000000000000000000 ) ) ;
#1220 = STYLED_ITEM ( 'NONE', ( #1947 ), #5092 ) ;
#1221 = SURFACE_STYLE_USAGE ( .BOTH. , #1611 ) ;
#1222 = DIRECTION ( 'NONE',  ( 0.000000000000000000, -0.05233595624000127872, -0.9986295347547280432 ) ) ;
#1223 = ORIENTED_EDGE ( 'NONE', *, *, #4757, .T. ) ;
#1224 = VERTEX_POINT ( 'NONE', #4727 ) ;
#1225 = CARTESIAN_POINT ( 'NONE',  ( -4.912132034355964905, 2.699999999999999734, -5.562132034355965260 ) ) ;
#1226 =( NAMED_UNIT ( * ) SI_UNIT ( $, .STERADIAN. ) SOLID_ANGLE_UNIT ( ) );
#1227 = VERTEX_POINT ( 'NONE', #3545 ) ;
#1228 = VECTOR ( 'NONE', #2950, 1000.000000000000114 ) ;
#1229 = EDGE_CURVE ( 'NONE', #193, #961, #2373, .T. ) ;
#1230 =( NAMED_UNIT ( * ) SI_UNIT ( $, .STERADIAN. ) SOLID_ANGLE_UNIT ( ) );
#1231 =( GEOMETRIC_REPRESENTATION_CONTEXT ( 3 ) GLOBAL_UNCERTAINTY_ASSIGNED_CONTEXT ( ( #74 ) ) GLOBAL_UNIT_ASSIGNED_CONTEXT ( ( #2132, #2073, #2972 ) ) REPRESENTATION_CONTEXT ( 'NONE', 'WORKASPACE' ) );
#1232 = SURFACE_SIDE_STYLE ('',( #1564 ) ) ;
#1233 = ORIENTED_EDGE ( 'NONE', *, *, #454, .T. ) ;
#1234 = VERTEX_POINT ( 'NONE', #1862 ) ;
#1235 = AXIS2_PLACEMENT_3D ( 'NONE', #5243, #1093, #1528 ) ;
#1236 = COLOUR_RGB ( '',0.9803921568627450567, 0.9411764705882352811, 0.7843137254901960675 ) ;
#1237 = PLANE ( 'NONE',  #5097 ) ;
#1238 = EDGE_CURVE ( 'NONE', #3831, #1314, #3497, .T. ) ;
#1239 = SURFACE_STYLE_FILL_AREA ( #5027 ) ;
#1240 =( LENGTH_UNIT ( ) NAMED_UNIT ( * ) SI_UNIT ( .MILLI., .METRE. ) );
#1241 = DIRECTION ( 'NONE',  ( 1.000000000000000000, 0.000000000000000000, -0.000000000000000000 ) ) ;
#1242 = STYLED_ITEM ( 'NONE', ( #843 ), #871 ) ;
#1243 = DIRECTION ( 'NONE',  ( 1.000000000000000000, 0.000000000000000000, 0.000000000000000000 ) ) ;
#1244 = VECTOR ( 'NONE', #5062, 1000.000000000000000 ) ;
#1245 = CARTESIAN_POINT ( 'NONE',  ( 2.080000000000000071, 0.000000000000000000, -5.650000000000000355 ) ) ;
#1246 =( NAMED_UNIT ( * ) PLANE_ANGLE_UNIT ( ) SI_UNIT ( $, .RADIAN. ) );
#1247 = VERTEX_POINT ( 'NONE', #164 ) ;
#1248 = PLANE ( 'NONE',  #569 ) ;
#1249 = VERTEX_POINT ( 'NONE', #1811 ) ;
#1250 = CARTESIAN_POINT ( 'NONE',  ( -4.698000732276106817, 2.999986676132685215, -5.348000732276106284 ) ) ;
#1251 = COLOUR_RGB ( '',0.8431372549019607865, 0.8431372549019607865, 0.8431372549019607865 ) ;
#1252 = VECTOR ( 'NONE', #2490, 1000.000000000000000 ) ;
#1253 = PRESENTATION_STYLE_ASSIGNMENT (( #845 ) ) ;
#1254 = UNCERTAINTY_MEASURE_WITH_UNIT (LENGTH_MEASURE( 1.000000000000000082E-05 ), #2447, 'distance_accuracy_value', 'NONE');
#1255 = ORIENTED_EDGE ( 'NONE', *, *, #5270, .F. ) ;
#1256 = FILL_AREA_STYLE_COLOUR ( '', #1236 ) ;
#1257 = CARTESIAN_POINT ( 'NONE',  ( 4.997169212880600675, 2.733712771931995356, -5.383712771931951302 ) ) ;
#1258 = CARTESIAN_POINT ( 'NONE',  ( 4.000000000000000000, -3.747850393436220617, -0.1497944302131884176 ) ) ;
#1259 = CARTESIAN_POINT ( 'NONE',  ( -0.8000000000000000444, 2.689999999999999947, -1.199999999999999956 ) ) ;
#1260 = ORIENTED_EDGE ( 'NONE', *, *, #567, .F. ) ;
#1261 = ORIENTED_EDGE ( 'NONE', *, *, #656, .F. ) ;
#1262 = COLOUR_RGB ( '',0.9803921568627450567, 0.9411764705882352811, 0.7843137254901960675 ) ;
#1263 = SURFACE_STYLE_USAGE ( .BOTH. , #556 ) ;
#1264 = EDGE_CURVE ( 'NONE', #2757, #1848, #4343, .T. ) ;
#1265 = DIRECTION ( 'NONE',  ( 0.000000000000000000, 0.9986295347545723899, 0.05233595624297000815 ) ) ;
#1266 = DIRECTION ( 'NONE',  ( -1.000000000000000000, 0.000000000000000000, 0.000000000000000000 ) ) ;
#1267 = MECHANICAL_DESIGN_GEOMETRIC_PRESENTATION_REPRESENTATION (  '', ( #2873 ), #515 ) ;
#1268 = ADVANCED_FACE ( 'NONE', ( #974 ), #530, .T. ) ;
#1269 = DIRECTION ( 'NONE',  ( 0.000000000000000000, 0.9986295347545723899, 0.05233595624297000815 ) ) ;
#1270 = DIRECTION ( 'NONE',  ( 1.000000000000000000, 0.000000000000000000, -0.000000000000000000 ) ) ;
#1271 = VECTOR ( 'NONE', #5379, 1000.000000000000000 ) ;
#1272 = FILL_AREA_STYLE_COLOUR ( '', #725 ) ;
#1273 = SURFACE_STYLE_USAGE ( .BOTH. , #2865 ) ;
#1274 = CARTESIAN_POINT ( 'NONE',  ( 5.000000000000000000, 3.000000000000000000, -1.000000000000000000 ) ) ;
#1275 = EDGE_LOOP ( 'NONE', ( #4225, #2477, #1909, #3951, #2566, #4568, #1935, #824 ) ) ;
#1276 = PLANE ( 'NONE',  #2207 ) ;
#1277 = CARTESIAN_POINT ( 'NONE',  ( 2.850000000000000089, 0.000000000000000000, -1.199999999999999956 ) ) ;
#1278 = ORIENTED_EDGE ( 'NONE', *, *, #5227, .F. ) ;
#1279 =( NAMED_UNIT ( * ) SI_UNIT ( $, .STERADIAN. ) SOLID_ANGLE_UNIT ( ) );
#1280 = COLOUR_RGB ( '',0.9803921568627450567, 0.9411764705882352811, 0.7843137254901960675 ) ;
#1281 = ORIENTED_EDGE ( 'NONE', *, *, #2340, .F. ) ;
#1282 = SURFACE_STYLE_USAGE ( .BOTH. , #3673 ) ;
#1283 = CARTESIAN_POINT ( 'NONE',  ( 0.000000000000000000, 2.290000000000000036, -1.199999999999999956 ) ) ;
#1284 = VECTOR ( 'NONE', #5287, 1000.000000000000227 ) ;
#1285 = PRESENTATION_LAYER_ASSIGNMENT (  '', '', ( #2123 ) ) ;
#1286 = CARTESIAN_POINT ( 'NONE',  ( -5.000000000000000000, -3.000000000000000000, -1.000000000000000000 ) ) ;
#1287 = FILL_AREA_STYLE ('',( #4643 ) ) ;
#1288 =( NAMED_UNIT ( * ) PLANE_ANGLE_UNIT ( ) SI_UNIT ( $, .RADIAN. ) );
#1289 = VECTOR ( 'NONE', #1420, 1000.000000000000000 ) ;
#1290 =( GEOMETRIC_REPRESENTATION_CONTEXT ( 3 ) GLOBAL_UNCERTAINTY_ASSIGNED_CONTEXT ( ( #2753 ) ) GLOBAL_UNIT_ASSIGNED_CONTEXT ( ( #3853, #3037, #5181 ) ) REPRESENTATION_CONTEXT ( 'NONE', 'WORKASPACE' ) );
#1291 = SURFACE_SIDE_STYLE ('',( #500 ) ) ;
#1292 = LINE ( 'NONE', #86, #268 ) ;
#1293 = EDGE_CURVE ( 'NONE', #1098, #3560, #4808, .T. ) ;
#1294 = PRESENTATION_LAYER_ASSIGNMENT (  '', '', ( #2385 ) ) ;
#1295 = AXIS2_PLACEMENT_3D ( 'NONE', #3825, #1374, #59 ) ;
#1296 = FILL_AREA_STYLE ('',( #5207 ) ) ;
#1297 = DIRECTION ( 'NONE',  ( 0.000000000000000000, 0.000000000000000000, 1.000000000000000000 ) ) ;
#1298 =( GEOMETRIC_REPRESENTATION_CONTEXT ( 3 ) GLOBAL_UNCERTAINTY_ASSIGNED_CONTEXT ( ( #1254 ) ) GLOBAL_UNIT_ASSIGNED_CONTEXT ( ( #2447, #2910, #5057 ) ) REPRESENTATION_CONTEXT ( 'NONE', 'WORKASPACE' ) );
#1299 = VECTOR ( 'NONE', #5256, 1000.000000000000000 ) ;
#1300 = EDGE_CURVE ( 'NONE', #1853, #1407, #944, .T. ) ;
#1301 =( NAMED_UNIT ( * ) PLANE_ANGLE_UNIT ( ) SI_UNIT ( $, .RADIAN. ) );
#1302 = PRESENTATION_STYLE_ASSIGNMENT (( #478 ) ) ;
#1303 = UNCERTAINTY_MEASURE_WITH_UNIT (LENGTH_MEASURE( 1.000000000000000082E-05 ), #2526, 'distance_accuracy_value', 'NONE');
#1304 = CARTESIAN_POINT ( 'NONE',  ( -3.600000000000000533, 3.740000000000000213, 0.000000000000000000 ) ) ;
#1305 = VERTEX_POINT ( 'NONE', #2692 ) ;
#1306 = EDGE_LOOP ( 'NONE', ( #8, #2522, #2017, #2635 ) ) ;
#1307 = PRESENTATION_STYLE_ASSIGNMENT (( #5132 ) ) ;
#1308 = EDGE_LOOP ( 'NONE', ( #3830, #3485, #4779, #1558, #5403 ) ) ;
#1309 = CARTESIAN_POINT ( 'NONE',  ( -4.700000000000000178, 2.730000000000000426, -1.000000000000000000 ) ) ;
#1310 = PRESENTATION_STYLE_ASSIGNMENT (( #574 ) ) ;
#1311 = UNCERTAINTY_MEASURE_WITH_UNIT (LENGTH_MEASURE( 1.000000000000000082E-05 ), #3966, 'distance_accuracy_value', 'NONE');
#1312 = ORIENTED_EDGE ( 'NONE', *, *, #4890, .F. ) ;
#1313 = LINE ( 'NONE', #2661, #5458 ) ;
#1314 = VERTEX_POINT ( 'NONE', #2670 ) ;
#1315 = CYLINDRICAL_SURFACE ( 'NONE', #3247, 0.5500000000000001554 ) ;
#1316 = DIRECTION ( 'NONE',  ( -0.000000000000000000, -1.000000000000000000, -0.000000000000000000 ) ) ;
#1317 = DIRECTION ( 'NONE',  ( 0.000000000000000000, -1.000000000000000000, -0.000000000000000000 ) ) ;
#1318 = FACE_OUTER_BOUND ( 'NONE', #4602, .T. ) ;
#1319 = SURFACE_STYLE_FILL_AREA ( #1287 ) ;
#1320 =( GEOMETRIC_REPRESENTATION_CONTEXT ( 3 ) GLOBAL_UNCERTAINTY_ASSIGNED_CONTEXT ( ( #4293 ) ) GLOBAL_UNIT_ASSIGNED_CONTEXT ( ( #1147, #4191, #1230 ) ) REPRESENTATION_CONTEXT ( 'NONE', 'WORKASPACE' ) );
#1321 = VECTOR ( 'NONE', #1590, 1000.000000000000227 ) ;
#1322 = FILL_AREA_STYLE ('',( #4780 ) ) ;
#1323 = DIRECTION ( 'NONE',  ( 0.000000000000000000, 1.000000000000000000, -0.000000000000000000 ) ) ;
#1324 = APPLICATION_PROTOCOL_DEFINITION ( 'draft international standard', 'automotive_design', 1998, #1429 ) ;
#1325 = DIRECTION ( 'NONE',  ( 1.000000000000000000, -0.000000000000000000, -0.000000000000000000 ) ) ;
#1326 =( GEOMETRIC_REPRESENTATION_CONTEXT ( 3 ) GLOBAL_UNCERTAINTY_ASSIGNED_CONTEXT ( ( #4971 ) ) GLOBAL_UNIT_ASSIGNED_CONTEXT ( ( #2965, #464, #4585 ) ) REPRESENTATION_CONTEXT ( 'NONE', 'WORKASPACE' ) );
#1327 = ORIENTED_EDGE ( 'NONE', *, *, #5310, .F. ) ;
#1329 = ORIENTED_EDGE ( 'NONE', *, *, #191, .T. ) ;
#1328 = EDGE_CURVE ( 'NONE', #2982, #339, #588, .T. ) ;
#1330 = CARTESIAN_POINT ( 'NONE',  ( -1.850000000000000089, 2.290000000000000036, -1.199999999999999956 ) ) ;
#1331 = ORIENTED_EDGE ( 'NONE', *, *, #3114, .T. ) ;
#1332 = VECTOR ( 'NONE', #3845, 1000.000000000000000 ) ;
#1333 = VECTOR ( 'NONE', #3906, 1000.000000000000000 ) ;
#1334 = CARTESIAN_POINT ( 'NONE',  ( 1.399999999999999911, -2.540000000000000036, -0.06288933513964997668 ) ) ;
#1335 = DIRECTION ( 'NONE',  ( 0.000000000000000000, -1.000000000000000000, 0.000000000000000000 ) ) ;
#1336 = SURFACE_STYLE_USAGE ( .BOTH. , #5164 ) ;
#1337 = ORIENTED_EDGE ( 'NONE', *, *, #3447, .T. ) ;
#1338 = EDGE_CURVE ( 'NONE', #1077, #3559, #633, .T. ) ;
#1339 =( LENGTH_UNIT ( ) NAMED_UNIT ( * ) SI_UNIT ( .MILLI., .METRE. ) );
#1340 = ORIENTED_EDGE ( 'NONE', *, *, #1971, .T. ) ;
#1341 = CARTESIAN_POINT ( 'NONE',  ( -0.8000000000000000444, 3.740000000000000213, 0.000000000000000000 ) ) ;
#1342 = LINE ( 'NONE', #3054, #3872 ) ;
#1343 = DIRECTION ( 'NONE',  ( 0.000000000000000000, 0.000000000000000000, -1.000000000000000000 ) ) ;
#1344 = CARTESIAN_POINT ( 'NONE',  ( 2.800000000000000266, -1.300000000000000266, -1.040000000000000036 ) ) ;
#1345 = FACE_OUTER_BOUND ( 'NONE', #2863, .T. ) ;
#1346 = DIRECTION ( 'NONE',  ( 0.000000000000000000, -0.05233595624294862247, 0.9986295347545736112 ) ) ;
#1347 = STYLED_ITEM ( 'NONE', ( #586 ), #2265 ) ;
#1348 = LINE ( 'NONE', #4322, #3725 ) ;
#1349 = AXIS2_PLACEMENT_3D ( 'NONE', #771, #4115, #2475 ) ;
#1350 =( NAMED_UNIT ( * ) SI_UNIT ( $, .STERADIAN. ) SOLID_ANGLE_UNIT ( ) );
#1351 = CARTESIAN_POINT ( 'NONE',  ( -0.8000000000000000444, 0.000000000000000000, -1.000000000000000000 ) ) ;
#1352 = DIRECTION ( 'NONE',  ( -1.000000000000000000, 0.000000000000000000, 0.000000000000000000 ) ) ;
#1353 =( NAMED_UNIT ( * ) SI_UNIT ( $, .STERADIAN. ) SOLID_ANGLE_UNIT ( ) );
#1354 = ORIENTED_EDGE ( 'NONE', *, *, #2581, .T. ) ;
#1355 = AXIS2_PLACEMENT_3D ( 'NONE', #3903, #2673, #3521 ) ;
#1356 = ORIENTED_EDGE ( 'NONE', *, *, #388, .F. ) ;
#1357 = CARTESIAN_POINT ( 'NONE',  ( 3.600000000000000533, -3.740000000000000213, 0.000000000000000000 ) ) ;
#1358 = EDGE_CURVE ( 'NONE', #337, #434, #2721, .T. ) ;
#1359 = PRESENTATION_LAYER_ASSIGNMENT (  '', '', ( #4192 ) ) ;
#1360 = CARTESIAN_POINT ( 'NONE',  ( 4.700000000000000178, 2.700000000000000178, -1.000000000000000000 ) ) ;
#1361 = ORIENTED_EDGE ( 'NONE', *, *, #1610, .F. ) ;
#1362 = DIRECTION ( 'NONE',  ( 0.000000000000000000, -1.000000000000000000, -0.000000000000000000 ) ) ;
#1363 = ORIENTED_EDGE ( 'NONE', *, *, #4722, .F. ) ;
#1364 = LINE ( 'NONE', #2613, #3812 ) ;
#1365 = ADVANCED_FACE ( 'NONE', ( #3898 ), #2287, .T. ) ;
#1366 =( NAMED_UNIT ( * ) SI_UNIT ( $, .STERADIAN. ) SOLID_ANGLE_UNIT ( ) );
#1367 = PRESENTATION_LAYER_ASSIGNMENT (  '', '', ( #3765 ) ) ;
#1368 = SURFACE_STYLE_FILL_AREA ( #1781 ) ;
#1369 = LINE ( 'NONE', #5172, #1008 ) ;
#1370 = ORIENTED_EDGE ( 'NONE', *, *, #5162, .F. ) ;
#1371 = DIRECTION ( 'NONE',  ( -1.000000000000000000, -0.000000000000000000, 0.000000000000000000 ) ) ;
#1372 = PRESENTATION_LAYER_ASSIGNMENT (  '', '', ( #1032 ) ) ;
#1373 = ADVANCED_FACE ( 'NONE', ( #4092 ), #4012, .T. ) ;
#1374 = DIRECTION ( 'NONE',  ( 0.000000000000000000, 0.000000000000000000, -1.000000000000000000 ) ) ;
#1375 = FILL_AREA_STYLE ('',( #2602 ) ) ;
#1376 = VECTOR ( 'NONE', #293, 1000.000000000000114 ) ;
#1377 = AXIS2_PLACEMENT_3D ( 'NONE', #757, #2487, #4459 ) ;
#1378 = FACE_BOUND ( 'NONE', #3077, .T. ) ;
#1379 = CARTESIAN_POINT ( 'NONE',  ( -1.850000000000000089, 0.000000000000000000, -1.199999999999999956 ) ) ;
#1380 = LINE ( 'NONE', #3096, #5280 ) ;
#1381 = CARTESIAN_POINT ( 'NONE',  ( -4.699999999999997513, -3.036492374042709663, -5.259887319042352516 ) ) ;
#1382 = ORIENTED_EDGE ( 'NONE', *, *, #877, .F. ) ;
#1383 = PRESENTATION_LAYER_ASSIGNMENT (  '', '', ( #1847 ) ) ;
#1384 = ORIENTED_EDGE ( 'NONE', *, *, #4757, .F. ) ;
#1385 = VECTOR ( 'NONE', #5090, 1000.000000000000000 ) ;
#1386 = DIRECTION ( 'NONE',  ( -0.5000000000000167644, 0.000000000000000000, 0.8660254037844289376 ) ) ;
#1387 = EDGE_LOOP ( 'NONE', ( #2740, #3234, #3571, #1830, #5214 ) ) ;
#1388 = CARTESIAN_POINT ( 'NONE',  ( 4.876069170281090770, 2.982287392142863425, -5.207218813334471008 ) ) ;
#1389 = ORIENTED_EDGE ( 'NONE', *, *, #4154, .T. ) ;
#1390 = CARTESIAN_POINT ( 'NONE',  ( 1.850000000000000089, -1.300000000000000266, -1.199999999999999956 ) ) ;
#1391 = ORIENTED_EDGE ( 'NONE', *, *, #3839, .T. ) ;
#1392 = EDGE_CURVE ( 'NONE', #4824, #339, #3603, .T. ) ;
#1393 = DIRECTION ( 'NONE',  ( -0.000000000000000000, 0.5000000000000167644, 0.8660254037844289376 ) ) ;
#1394 =( NAMED_UNIT ( * ) SI_UNIT ( $, .STERADIAN. ) SOLID_ANGLE_UNIT ( ) );
#1395 = ORIENTED_EDGE ( 'NONE', *, *, #5443, .T. ) ;
#1396 = EDGE_CURVE ( 'NONE', #1717, #5375, #1544, .T. ) ;
#1397 = SURFACE_STYLE_USAGE ( .BOTH. , #1834 ) ;
#1398 = FILL_AREA_STYLE_COLOUR ( '', #2984 ) ;
#1399 = FILL_AREA_STYLE_COLOUR ( '', #2778 ) ;
#1400 = VECTOR ( 'NONE', #1869, 1000.000000000000000 ) ;
#1401 = SURFACE_SIDE_STYLE ('',( #2674 ) ) ;
#1402 =( LENGTH_UNIT ( ) NAMED_UNIT ( * ) SI_UNIT ( .MILLI., .METRE. ) );
#1403 = FACE_OUTER_BOUND ( 'NONE', #2270, .T. ) ;
#1404 = STYLED_ITEM ( 'NONE', ( #1307 ), #655 ) ;
#1405 = DIRECTION ( 'NONE',  ( 0.000000000000000000, -0.000000000000000000, 1.000000000000000000 ) ) ;
#1406 = VECTOR ( 'NONE', #4590, 1000.000000000000000 ) ;
#1407 = VERTEX_POINT ( 'NONE', #1487 ) ;
#1408 = ORIENTED_EDGE ( 'NONE', *, *, #2397, .F. ) ;
#1409 = SURFACE_SIDE_STYLE ('',( #3885 ) ) ;
#1410 =( NAMED_UNIT ( * ) SI_UNIT ( $, .STERADIAN. ) SOLID_ANGLE_UNIT ( ) );
#1411 = COLOUR_RGB ( '',0.9803921568627450567, 0.9411764705882352811, 0.7843137254901960675 ) ;
#1412 = SURFACE_STYLE_USAGE ( .BOTH. , #576 ) ;
#1413 = UNCERTAINTY_MEASURE_WITH_UNIT (LENGTH_MEASURE( 1.000000000000000082E-05 ), #3594, 'distance_accuracy_value', 'NONE');
#1414 = CARTESIAN_POINT ( 'NONE',  ( 4.872408892959088966, 2.873601805331371217, -5.523601805331372461 ) ) ;
#1415 = EDGE_LOOP ( 'NONE', ( #2772, #1506, #1361, #5293 ) ) ;
#1416 = SURFACE_STYLE_USAGE ( .BOTH. , #4005 ) ;
#1417 =( GEOMETRIC_REPRESENTATION_CONTEXT ( 3 ) GLOBAL_UNCERTAINTY_ASSIGNED_CONTEXT ( ( #4907 ) ) GLOBAL_UNIT_ASSIGNED_CONTEXT ( ( #4790, #5238, #3143 ) ) REPRESENTATION_CONTEXT ( 'NONE', 'WORKASPACE' ) );
#1418 = VERTEX_POINT ( 'NONE', #4865 ) ;
#1419 = VECTOR ( 'NONE', #5096, 1000.000000000000114 ) ;
#1420 = DIRECTION ( 'NONE',  ( -0.000000000000000000, -1.000000000000000000, 0.000000000000000000 ) ) ;
#1421 = CARTESIAN_POINT ( 'NONE',  ( -4.000000000000000000, 2.540000000000000036, -0.06288933513965000444 ) ) ;
#1422 = MECHANICAL_DESIGN_GEOMETRIC_PRESENTATION_REPRESENTATION (  '', ( #1242 ), #5408 ) ;
#1423 = DIRECTION ( 'NONE',  ( -1.000000000000000000, 0.000000000000000000, 0.000000000000000000 ) ) ;
#1424 = FILL_AREA_STYLE ('',( #3960 ) ) ;
#1425 = LINE ( 'NONE', #301, #4662 ) ;
#1426 = LINE ( 'NONE', #4868, #3574 ) ;
#1427 = EDGE_CURVE ( 'NONE', #4733, #814, #3213, .T. ) ;
#1428 = SURFACE_STYLE_USAGE ( .BOTH. , #5232 ) ;
#1429 = APPLICATION_CONTEXT ( 'automotive_design' ) ;
#1430 = CARTESIAN_POINT ( 'NONE',  ( 3.600000000000000533, -2.540000000000000036, -0.06288933513965000444 ) ) ;
#1431 = CARTESIAN_POINT ( 'NONE',  ( -4.699999999999999289, 3.000000000000000000, -5.349999999999998757 ) ) ;
#1432 = CARTESIAN_POINT ( 'NONE',  ( -3.600000000000000533, -2.540000000000000036, -1.000000000000000000 ) ) ;
#1433 = CARTESIAN_POINT ( 'NONE',  ( -4.700000000000000178, 2.700000000000000178, 5.061740000000000350 ) ) ;
#1434 = EDGE_CURVE ( 'NONE', #1738, #2680, #2416, .T. ) ;
#1435 = VECTOR ( 'NONE', #3233, 1000.000000000000000 ) ;
#1436 = EDGE_CURVE ( 'NONE', #4146, #3831, #2364, .T. ) ;
#1437 = SURFACE_SIDE_STYLE ('',( #5182 ) ) ;
#1438 = DIRECTION ( 'NONE',  ( 0.000000000000000000, -0.05233595624000127872, 0.9986295347547280432 ) ) ;
#1439 = PLANE ( 'NONE',  #1859 ) ;
#1440 = ORIENTED_EDGE ( 'NONE', *, *, #4010, .T. ) ;
#1441 = SURFACE_STYLE_USAGE ( .BOTH. , #1409 ) ;
#1442 = ORIENTED_EDGE ( 'NONE', *, *, #678, .F. ) ;
#1443 = PRESENTATION_LAYER_ASSIGNMENT (  '', '', ( #4018 ) ) ;
#1444 = CARTESIAN_POINT ( 'NONE',  ( 4.991547594742259619, 2.750000000000036859, -5.399999999999992362 ) ) ;
#1445 = ADVANCED_FACE ( 'NONE', ( #5334 ), #3236, .T. ) ;
#1446 = DIRECTION ( 'NONE',  ( 0.000000000000000000, 0.000000000000000000, 1.000000000000000000 ) ) ;
#1447 = VECTOR ( 'NONE', #879, 1000.000000000000000 ) ;
#1448 = ORIENTED_EDGE ( 'NONE', *, *, #4280, .T. ) ;
#1449 = FACE_OUTER_BOUND ( 'NONE', #2580, .T. ) ;
#1450 = ORIENTED_EDGE ( 'NONE', *, *, #5328, .F. ) ;
#1451 = SURFACE_STYLE_FILL_AREA ( #3598 ) ;
#1452 = PRESENTATION_LAYER_ASSIGNMENT (  '', '', ( #518 ) ) ;
#1453 = DIRECTION ( 'NONE',  ( 0.000000000000000000, -1.000000000000000000, 0.000000000000000000 ) ) ;
#1454 = SURFACE_SIDE_STYLE ('',( #3957 ) ) ;
#1455 = STYLED_ITEM ( 'NONE', ( #4837 ), #2728 ) ;
#1456 = ORIENTED_EDGE ( 'NONE', *, *, #5188, .F. ) ;
#1457 = CARTESIAN_POINT ( 'NONE',  ( 5.000000000000000000, -2.700000000000000178, -1.000000000000000000 ) ) ;
#1458 = AXIS2_PLACEMENT_3D ( 'NONE', #700, #1860, #1423 ) ;
#1459 = SURFACE_SIDE_STYLE ('',( #706 ) ) ;
#1460 = CARTESIAN_POINT ( 'NONE',  ( -0.8000000000000000444, 3.747850393436000793, -0.1497944302132113159 ) ) ;
#1461 = VECTOR ( 'NONE', #1794, 1000.000000000000000 ) ;
#1462 = CARTESIAN_POINT ( 'NONE',  ( 2.079999999999998295, 2.995803989154981029, -5.399999999999998579 ) ) ;
#1463 = ADVANCED_FACE ( 'NONE', ( #2567 ), #2445, .T. ) ;
#1464 = FACE_OUTER_BOUND ( 'NONE', #4337, .T. ) ;
#1465 = AXIS2_PLACEMENT_3D ( 'NONE', #2235, #3874, #3546 ) ;
#1466 = SURFACE_STYLE_FILL_AREA ( #806 ) ;
#1467 = UNCERTAINTY_MEASURE_WITH_UNIT (LENGTH_MEASURE( 1.000000000000000082E-05 ), #3444, 'distance_accuracy_value', 'NONE');
#1468 =( NAMED_UNIT ( * ) SI_UNIT ( $, .STERADIAN. ) SOLID_ANGLE_UNIT ( ) );
#1469 = ORIENTED_EDGE ( 'NONE', *, *, #2617, .F. ) ;
#1470 = EDGE_LOOP ( 'NONE', ( #3621, #3919, #2532, #1070 ) ) ;
#1471 = VECTOR ( 'NONE', #4364, 1000.000000000000000 ) ;
#1472 = ADVANCED_FACE ( 'NONE', ( #832 ), #4197, .T. ) ;
#1473 =( GEOMETRIC_REPRESENTATION_CONTEXT ( 3 ) GLOBAL_UNCERTAINTY_ASSIGNED_CONTEXT ( ( #3583 ) ) GLOBAL_UNIT_ASSIGNED_CONTEXT ( ( #794, #2111, #5409 ) ) REPRESENTATION_CONTEXT ( 'NONE', 'WORKASPACE' ) );
#1474 = FILL_AREA_STYLE_COLOUR ( '', #4019 ) ;
#1475 = VECTOR ( 'NONE', #2858, 1000.000000000000000 ) ;
#1476 = UNCERTAINTY_MEASURE_WITH_UNIT (LENGTH_MEASURE( 1.000000000000000082E-05 ), #349, 'distance_accuracy_value', 'NONE');
#1477 =( NAMED_UNIT ( * ) SI_UNIT ( $, .STERADIAN. ) SOLID_ANGLE_UNIT ( ) );
#1478 = ORIENTED_EDGE ( 'NONE', *, *, #3817, .F. ) ;
#1479 = CARTESIAN_POINT ( 'NONE',  ( 5.000000000000000000, 1.199999999999999956, -5.400000000000000355 ) ) ;
#1480 = ORIENTED_EDGE ( 'NONE', *, *, #3870, .T. ) ;
#1481 =( NAMED_UNIT ( * ) PLANE_ANGLE_UNIT ( ) SI_UNIT ( $, .RADIAN. ) );
#1482 = STYLED_ITEM ( 'NONE', ( #2716 ), #5055 ) ;
#1483 = FILL_AREA_STYLE ('',( #722 ) ) ;
#1484 = CARTESIAN_POINT ( 'NONE',  ( 4.912132034355964905, -2.877052006648532778, -5.562132034355964372 ) ) ;
#1485 = DIRECTION ( 'NONE',  ( -0.000000000000000000, 0.000000000000000000, -1.000000000000000000 ) ) ;
#1486 = VERTEX_POINT ( 'NONE', #3866 ) ;
#1487 = CARTESIAN_POINT ( 'NONE',  ( -3.600000000000000089, 2.689999999999999947, -0.2052340201469000647 ) ) ;
#1488 = LINE ( 'NONE', #5315, #860 ) ;
#1489 = FACE_OUTER_BOUND ( 'NONE', #1881, .T. ) ;
#1490 = FILL_AREA_STYLE_COLOUR ( '', #1641 ) ;
#1491 = CARTESIAN_POINT ( 'NONE',  ( -4.700000000000000178, -2.912132034355965349, -5.562132034355966148 ) ) ;
#1492 = COLOUR_RGB ( '',0.9803921568627450567, 0.9411764705882352811, 0.7843137254901960675 ) ;
#1493 = PLANE ( 'NONE',  #5051 ) ;
#1494 = VECTOR ( 'NONE', #4202, 1000.000000000000000 ) ;
#1495 = ADVANCED_FACE ( 'NONE', ( #4307 ), #4278, .F. ) ;
#1496 =( LENGTH_UNIT ( ) NAMED_UNIT ( * ) SI_UNIT ( .MILLI., .METRE. ) );
#1497 = STYLED_ITEM ( 'NONE', ( #1618 ), #5368 ) ;
#1498 = ORIENTED_EDGE ( 'NONE', *, *, #3447, .F. ) ;
#1499 = LINE ( 'NONE', #364, #1975 ) ;
#1500 = ORIENTED_EDGE ( 'NONE', *, *, #2952, .T. ) ;
#1501 = AXIS2_PLACEMENT_3D ( 'NONE', #1097, #2844, #1624 ) ;
#1502 =( LENGTH_UNIT ( ) NAMED_UNIT ( * ) SI_UNIT ( .MILLI., .METRE. ) );
#1503 = SURFACE_STYLE_USAGE ( .BOTH. , #4495 ) ;
#1504 = EDGE_CURVE ( 'NONE', #985, #2954, #1364, .T. ) ;
#1505 = ORIENTED_EDGE ( 'NONE', *, *, #834, .F. ) ;
#1506 = ORIENTED_EDGE ( 'NONE', *, *, #1165, .T. ) ;
#1507 = VECTOR ( 'NONE', #116, 1000.000000000000000 ) ;
#1508 = DIRECTION ( 'NONE',  ( 1.000000000000000000, 0.000000000000000000, -0.000000000000000000 ) ) ;
#1509 =( LENGTH_UNIT ( ) NAMED_UNIT ( * ) SI_UNIT ( .MILLI., .METRE. ) );
#1510 = EDGE_CURVE ( 'NONE', #2757, #1906, #4746, .T. ) ;
#1511 = PRESENTATION_STYLE_ASSIGNMENT (( #5307 ) ) ;
#1512 = STYLED_ITEM ( 'NONE', ( #2068 ), #1463 ) ;
#1513 = AXIS2_PLACEMENT_3D ( 'NONE', #3251, #2426, #4024 ) ;
#1514 = ORIENTED_EDGE ( 'NONE', *, *, #4271, .F. ) ;
#1515 = CARTESIAN_POINT ( 'NONE',  ( 4.700000000000000178, 2.700000000000000178, -5.349999999999999645 ) ) ;
#1516 = COLOUR_RGB ( '',0.9803921568627450567, 0.9411764705882352811, 0.7843137254901960675 ) ;
#1517 = DIRECTION ( 'NONE',  ( -0.000000000000000000, -0.000000000000000000, 1.000000000000000000 ) ) ;
#1518 = PLANE ( 'NONE',  #1185 ) ;
#1519 = CARTESIAN_POINT ( 'NONE',  ( -4.700000000000000178, -2.609887319042356157, -5.686492374042707354 ) ) ;
#1520 = FILL_AREA_STYLE ('',( #4484 ) ) ;
#1521 = CARTESIAN_POINT ( 'NONE',  ( -2.850000000000000089, -1.300000000000000266, -1.040000000000000036 ) ) ;
#1522 = LINE ( 'NONE', #2015, #3772 ) ;
#1523 = PLANE ( 'NONE',  #3183 ) ;
#1524 = ORIENTED_EDGE ( 'NONE', *, *, #3817, .T. ) ;
#1525 = FILL_AREA_STYLE_COLOUR ( '', #1878 ) ;
#1526 = ORIENTED_EDGE ( 'NONE', *, *, #3150, .F. ) ;
#1527 = CIRCLE ( 'NONE', #669, 0.2999999999999999334 ) ;
#1528 = DIRECTION ( 'NONE',  ( 1.000000000000000000, 0.000000000000000000, 0.000000000000000000 ) ) ;
#1529 = CARTESIAN_POINT ( 'NONE',  ( 4.948139574263674234, -3.001655327279212138, -5.348240118821386169 ) ) ;
#1530 = UNCERTAINTY_MEASURE_WITH_UNIT (LENGTH_MEASURE( 1.000000000000000082E-05 ), #3319, 'distance_accuracy_value', 'NONE');
#1531 = ORIENTED_EDGE ( 'NONE', *, *, #2383, .T. ) ;
#1532 = MECHANICAL_DESIGN_GEOMETRIC_PRESENTATION_REPRESENTATION (  '', ( #1347 ), #2695 ) ;
#1533 =( NAMED_UNIT ( * ) SI_UNIT ( $, .STERADIAN. ) SOLID_ANGLE_UNIT ( ) );
#1534 = ORIENTED_EDGE ( 'NONE', *, *, #1819, .F. ) ;
#1535 = SURFACE_STYLE_USAGE ( .BOTH. , #1973 ) ;
#1536 = ADVANCED_FACE ( 'NONE', ( #493 ), #4253, .T. ) ;
#1537 = PRESENTATION_STYLE_ASSIGNMENT (( #3985 ) ) ;
#1538 = CIRCLE ( 'NONE', #5073, 0.2999999999999999334 ) ;
#1539 = FILL_AREA_STYLE_COLOUR ( '', #251 ) ;
#1540 = UNCERTAINTY_MEASURE_WITH_UNIT (LENGTH_MEASURE( 1.000000000000000082E-05 ), #2372, 'distance_accuracy_value', 'NONE');
#1541 = DIRECTION ( 'NONE',  ( 0.000000000000000000, -0.000000000000000000, 1.000000000000000000 ) ) ;
#1542 = ORIENTED_EDGE ( 'NONE', *, *, #779, .F. ) ;
#1543 = STYLED_ITEM ( 'NONE', ( #1063 ), #2677 ) ;
#1544 = LINE ( 'NONE', #5286, #2598 ) ;
#1545 = DIRECTION ( 'NONE',  ( -0.000000000000000000, -0.000000000000000000, -1.000000000000000000 ) ) ;
#1546 = EDGE_CURVE ( 'NONE', #3974, #814, #2895, .T. ) ;
#1547 =( BOUNDED_SURFACE ( )  B_SPLINE_SURFACE ( 3, 3, ( 
 ( #5281, #630, #4392, #2717 ),
 ( #1484, #272, #4365, #218 ),
 ( #2284, #3925, #3954, #4885 ),
 ( #1949, #3182, #3600, #161 ) ),
 .UNSPECIFIED., .F., .F., .T. ) 
 B_SPLINE_SURFACE_WITH_KNOTS ( ( 4, 4 ),
 ( 4, 4 ),
 ( 0.000000000000000000, 1.000000000000000000 ),
 ( 0.000000000000000000, 1.000000000000000000 ),
 .UNSPECIFIED. ) 
 GEOMETRIC_REPRESENTATION_ITEM ( )  RATIONAL_B_SPLINE_SURFACE ( (
 ( 1.000000000000000000, 0.8047378541243656036, 0.8047378541243656036, 1.000000000000000000),
 ( 0.8025111867385925635, 0.6458111303268130321, 0.6458111303268130321, 0.8025111867385925635),
 ( 0.8025111867385925635, 0.6458111303268130321, 0.6458111303268130321, 0.8025111867385925635),
 ( 1.000000000000000000, 0.8047378541243656036, 0.8047378541243656036, 1.000000000000000000) ) ) 
 REPRESENTATION_ITEM ( '' )  SURFACE ( )  );
#1548 = CARTESIAN_POINT ( 'NONE',  ( 1.399999999999999911, -3.747850393435999905, -0.1497944302131999916 ) ) ;
#1549 =( NAMED_UNIT ( * ) SI_UNIT ( $, .STERADIAN. ) SOLID_ANGLE_UNIT ( ) );
#1550 = CARTESIAN_POINT ( 'NONE',  ( 4.700000000000000178, 2.730000000000000426, -1.199999999999999956 ) ) ;
#1551 = COLOUR_RGB ( '',0.9803921568627450567, 0.9411764705882352811, 0.7843137254901960675 ) ;
#1552 = FILL_AREA_STYLE ('',( #3246 ) ) ;
#1553 = CIRCLE ( 'NONE', #3854, 0.5500000000000001554 ) ;
#1554 = CARTESIAN_POINT ( 'NONE',  ( 1.399999999999999911, 2.540000000000000036, -0.06288933513965000444 ) ) ;
#1555 = ORIENTED_EDGE ( 'NONE', *, *, #3576, .F. ) ;
#1556 = VECTOR ( 'NONE', #4948, 1000.000000000000000 ) ;
#1557 = CARTESIAN_POINT ( 'NONE',  ( 5.036492374042709663, -2.700000000000000622, -5.259887319042352516 ) ) ;
#1558 = ORIENTED_EDGE ( 'NONE', *, *, #2505, .T. ) ;
#1559 = AXIS2_PLACEMENT_3D ( 'NONE', #583, #1393, #1719 ) ;
#1560 = AXIS2_PLACEMENT_3D ( 'NONE', #2894, #3368, #2023 ) ;
#1561 = FILL_AREA_STYLE ('',( #402 ) ) ;
#1562 = COLOUR_RGB ( '',0.8431372549019607865, 0.8431372549019607865, 0.8431372549019607865 ) ;
#1563 =( GEOMETRIC_REPRESENTATION_CONTEXT ( 3 ) GLOBAL_UNCERTAINTY_ASSIGNED_CONTEXT ( ( #822 ) ) GLOBAL_UNIT_ASSIGNED_CONTEXT ( ( #3735, #2014, #2134 ) ) REPRESENTATION_CONTEXT ( 'NONE', 'WORKASPACE' ) );
#1564 = SURFACE_STYLE_FILL_AREA ( #2848 ) ;
#1565 = SURFACE_STYLE_FILL_AREA ( #5449 ) ;
#1566 = VERTEX_POINT ( 'NONE', #2140 ) ;
#1567 =( GEOMETRIC_REPRESENTATION_CONTEXT ( 3 ) GLOBAL_UNCERTAINTY_ASSIGNED_CONTEXT ( ( #2164 ) ) GLOBAL_UNIT_ASSIGNED_CONTEXT ( ( #3030, #165, #4317 ) ) REPRESENTATION_CONTEXT ( 'NONE', 'WORKASPACE' ) );
#1568 = FILL_AREA_STYLE ('',( #3188 ) ) ;
#1569 = CARTESIAN_POINT ( 'NONE',  ( 3.600000000000000533, 2.540000000000000036, -0.06288933513965132283 ) ) ;
#1570 =( LENGTH_UNIT ( ) NAMED_UNIT ( * ) SI_UNIT ( .MILLI., .METRE. ) );
#1571 = SURFACE_SIDE_STYLE ('',( #5367 ) ) ;
#1572 = EDGE_CURVE ( 'NONE', #1917, #5024, #902, .T. ) ;
#1573 = SURFACE_STYLE_FILL_AREA ( #4430 ) ;
#1574 = FILL_AREA_STYLE_COLOUR ( '', #2931 ) ;
#1575 = DIRECTION ( 'NONE',  ( 1.000000000000000000, 0.000000000000000000, -0.000000000000000000 ) ) ;
#1576 = EDGE_CURVE ( 'NONE', #5112, #2982, #3031, .T. ) ;
#1577 = CARTESIAN_POINT ( 'NONE',  ( -3.600000000000000089, -3.747850393436220617, -0.1497944302131884176 ) ) ;
#1578 = FILL_AREA_STYLE_COLOUR ( '', #285 ) ;
#1579 = ORIENTED_EDGE ( 'NONE', *, *, #5430, .T. ) ;
#1580 = DIRECTION ( 'NONE',  ( 0.8660254037844289376, 0.000000000000000000, 0.5000000000000167644 ) ) ;
#1581 = ORIENTED_EDGE ( 'NONE', *, *, #1938, .F. ) ;
#1582 = AXIS2_PLACEMENT_3D ( 'NONE', #1217, #2914, #2154 ) ;
#1583 = LINE ( 'NONE', #2464, #3953 ) ;
#1584 = FACE_OUTER_BOUND ( 'NONE', #717, .T. ) ;
#1585 = CIRCLE ( 'NONE', #3456, 0.2999999999999999334 ) ;
#1586 = UNCERTAINTY_MEASURE_WITH_UNIT (LENGTH_MEASURE( 1.000000000000000082E-05 ), #4657, 'distance_accuracy_value', 'NONE');
#1587 = LINE ( 'NONE', #2498, #4121 ) ;
#1588 = ORIENTED_EDGE ( 'NONE', *, *, #1510, .F. ) ;
#1589 = VECTOR ( 'NONE', #3981, 1000.000000000000000 ) ;
#1590 = DIRECTION ( 'NONE',  ( 0.000000000000000000, -0.8660254037844107300, 0.5000000000000482947 ) ) ;
#1591 = ORIENTED_EDGE ( 'NONE', *, *, #1293, .T. ) ;
#1592 = CARTESIAN_POINT ( 'NONE',  ( 4.995043803407919647, 2.708625971073105987, -5.408799572790840671 ) ) ;
#1593 = STYLED_ITEM ( 'NONE', ( #5180 ), #32 ) ;
#1594 = CARTESIAN_POINT ( 'NONE',  ( 2.080000000000000071, 2.000000000000000000, -5.650000000000000355 ) ) ;
#1595 = UNCERTAINTY_MEASURE_WITH_UNIT (LENGTH_MEASURE( 1.000000000000000082E-05 ), #2100, 'distance_accuracy_value', 'NONE');
#1596 = CARTESIAN_POINT ( 'NONE',  ( 1.399999999999999911, 2.689999999999999947, -1.000000000000000000 ) ) ;
#1597 = FILL_AREA_STYLE_COLOUR ( '', #2892 ) ;
#1598 = COLOUR_RGB ( '',0.8431372549019607865, 0.8431372549019607865, 0.8431372549019607865 ) ;
#1599 = ORIENTED_EDGE ( 'NONE', *, *, #2242, .T. ) ;
#1600 = PRESENTATION_STYLE_ASSIGNMENT (( #1282 ) ) ;
#1601 =( NAMED_UNIT ( * ) PLANE_ANGLE_UNIT ( ) SI_UNIT ( $, .RADIAN. ) );
#1602 = CARTESIAN_POINT ( 'NONE',  ( -4.912132034355965793, 2.699999999999999734, -5.562132034355965260 ) ) ;
#1603 = VECTOR ( 'NONE', #92, 1000.000000000000000 ) ;
#1604 = FILL_AREA_STYLE ('',( #2941 ) ) ;
#1605 = CARTESIAN_POINT ( 'NONE',  ( -4.000000000000000000, -3.740000000000000213, 0.000000000000000000 ) ) ;
#1606 =( LENGTH_UNIT ( ) NAMED_UNIT ( * ) SI_UNIT ( .MILLI., .METRE. ) );
#1607 =( GEOMETRIC_REPRESENTATION_CONTEXT ( 3 ) GLOBAL_UNCERTAINTY_ASSIGNED_CONTEXT ( ( #5299 ) ) GLOBAL_UNIT_ASSIGNED_CONTEXT ( ( #4559, #356, #5394 ) ) REPRESENTATION_CONTEXT ( 'NONE', 'WORKASPACE' ) );
#1608 = VECTOR ( 'NONE', #978, 1000.000000000000000 ) ;
#1609 = DIRECTION ( 'NONE',  ( 1.000000000000000000, 0.000000000000000000, -0.000000000000000000 ) ) ;
#1610 = EDGE_CURVE ( 'NONE', #4173, #5254, #4574, .T. ) ;
#1611 = SURFACE_SIDE_STYLE ('',( #2544 ) ) ;
#1612 = FILL_AREA_STYLE ('',( #4980 ) ) ;
#1613 = ORIENTED_EDGE ( 'NONE', *, *, #1546, .F. ) ;
#1614 = LINE ( 'NONE', #2459, #1872 ) ;
#1615 = ORIENTED_EDGE ( 'NONE', *, *, #1041, .F. ) ;
#1616 = EDGE_CURVE ( 'NONE', #316, #985, #3287, .T. ) ;
#1617 = EDGE_CURVE ( 'NONE', #2954, #98, #821, .T. ) ;
#1618 = PRESENTATION_STYLE_ASSIGNMENT (( #397 ) ) ;
#1619 = DIRECTION ( 'NONE',  ( -1.000000000000000000, -0.000000000000000000, -0.000000000000000000 ) ) ;
#1620 =( NAMED_UNIT ( * ) SI_UNIT ( $, .STERADIAN. ) SOLID_ANGLE_UNIT ( ) );
#1621 = CARTESIAN_POINT ( 'NONE',  ( -4.469999999999999751, -0.6445517328096000975, -0.2500000000000000000 ) ) ;
#1622 = CARTESIAN_POINT ( 'NONE',  ( -4.700000000000000178, 0.000000000000000000, -5.650000000000000355 ) ) ;
#1623 = ORIENTED_EDGE ( 'NONE', *, *, #1643, .F. ) ;
#1624 = DIRECTION ( 'NONE',  ( -1.000000000000000000, 0.000000000000000000, 0.000000000000000000 ) ) ;
#1625 = FACE_OUTER_BOUND ( 'NONE', #2168, .T. ) ;
#1626 = ADVANCED_FACE ( 'NONE', ( #4213 ), #3012, .T. ) ;
#1627 = FACE_BOUND ( 'NONE', #4801, .T. ) ;
#1628 = FACE_OUTER_BOUND ( 'NONE', #3972, .T. ) ;
#1629 = VECTOR ( 'NONE', #2668, 1000.000000000000114 ) ;
#1630 = SURFACE_STYLE_USAGE ( .BOTH. , #1232 ) ;
#1631 = LINE ( 'NONE', #1596, #4098 ) ;
#1632 = ORIENTED_EDGE ( 'NONE', *, *, #623, .F. ) ;
#1633 = PRESENTATION_STYLE_ASSIGNMENT (( #5423 ) ) ;
#1634 =( GEOMETRIC_REPRESENTATION_CONTEXT ( 3 ) GLOBAL_UNCERTAINTY_ASSIGNED_CONTEXT ( ( #4740 ) ) GLOBAL_UNIT_ASSIGNED_CONTEXT ( ( #1240, #3296, #3730 ) ) REPRESENTATION_CONTEXT ( 'NONE', 'WORKASPACE' ) );
#1635 = FACE_OUTER_BOUND ( 'NONE', #159, .T. ) ;
#1636 =( NAMED_UNIT ( * ) SI_UNIT ( $, .STERADIAN. ) SOLID_ANGLE_UNIT ( ) );
#1637 = CARTESIAN_POINT ( 'NONE',  ( -4.730000000000000426, -2.700000000000000178, -1.199999999999999956 ) ) ;
#1638 = PRESENTATION_LAYER_ASSIGNMENT (  '', '', ( #1727 ) ) ;
#1639 = CARTESIAN_POINT ( 'NONE',  ( 4.000000000000000000, 3.739999999999779057, -1.157387675182320668E-14 ) ) ;
#1640 = CARTESIAN_POINT ( 'NONE',  ( -0.8000000000000000444, 2.689999999999999947, -1.000000000000000000 ) ) ;
#1641 = COLOUR_RGB ( '',0.9803921568627450567, 0.9411764705882352811, 0.7843137254901960675 ) ;
#1642 =( NAMED_UNIT ( * ) PLANE_ANGLE_UNIT ( ) SI_UNIT ( $, .RADIAN. ) );
#1644 = ORIENTED_EDGE ( 'NONE', *, *, #3580, .T. ) ;
#1643 = EDGE_CURVE ( 'NONE', #4818, #2833, #3393, .T. ) ;
#1645 = AXIS2_PLACEMENT_3D ( 'NONE', #114, #890, #2179 ) ;
#1646 = LINE ( 'NONE', #5465, #1603 ) ;
#1647 = VERTEX_POINT ( 'NONE', #3418 ) ;
#1648 = CARTESIAN_POINT ( 'NONE',  ( -4.912132034355964905, 2.700000000000000178, -5.562132034355964372 ) ) ;
#1649 = DIRECTION ( 'NONE',  ( 0.6546536707079743111, 0.6546536707079710915, 0.3779644730092426297 ) ) ;
#1650 =( GEOMETRIC_REPRESENTATION_CONTEXT ( 3 ) GLOBAL_UNCERTAINTY_ASSIGNED_CONTEXT ( ( #2387 ) ) GLOBAL_UNIT_ASSIGNED_CONTEXT ( ( #134, #3862, #1741 ) ) REPRESENTATION_CONTEXT ( 'NONE', 'WORKASPACE' ) );
#1651 = SURFACE_SIDE_STYLE ('',( #65 ) ) ;
#1652 = FILL_AREA_STYLE_COLOUR ( '', #1656 ) ;
#1653 = ORIENTED_EDGE ( 'NONE', *, *, #4897, .T. ) ;
#1654 = EDGE_CURVE ( 'NONE', #4173, #1164, #2054, .T. ) ;
#1655 =( LENGTH_UNIT ( ) NAMED_UNIT ( * ) SI_UNIT ( .MILLI., .METRE. ) );
#1656 = COLOUR_RGB ( '',0.9803921568627450567, 0.9411764705882352811, 0.7843137254901960675 ) ;
#1657 = CARTESIAN_POINT ( 'NONE',  ( -4.700000000000000178, -2.730000000000000426, -1.000000000000000000 ) ) ;
#1658 = PRESENTATION_STYLE_ASSIGNMENT (( #724 ) ) ;
#1659 = AXIS2_PLACEMENT_3D ( 'NONE', #3464, #2614, #5168 ) ;
#1660 = CARTESIAN_POINT ( 'NONE',  ( 5.000000000000000000, -3.000000000000000000, -1.000000000000000000 ) ) ;
#1661 = VERTEX_POINT ( 'NONE', #1820 ) ;
#1662 =( LENGTH_UNIT ( ) NAMED_UNIT ( * ) SI_UNIT ( .MILLI., .METRE. ) );
#1663 = FACE_OUTER_BOUND ( 'NONE', #4084, .T. ) ;
#1664 = SURFACE_STYLE_USAGE ( .BOTH. , #5030 ) ;
#1665 = DIRECTION ( 'NONE',  ( -0.000000000000000000, -0.000000000000000000, -1.000000000000000000 ) ) ;
#1666 = DIRECTION ( 'NONE',  ( -0.000000000000000000, 0.000000000000000000, -1.000000000000000000 ) ) ;
#1667 = VECTOR ( 'NONE', #4244, 1000.000000000000000 ) ;
#1668 = VECTOR ( 'NONE', #1575, 1000.000000000000000 ) ;
#1669 = PLANE ( 'NONE',  #1690 ) ;
#1670 = FILL_AREA_STYLE ('',( #2484 ) ) ;
#1671 = DIRECTION ( 'NONE',  ( 0.000000000000000000, -1.000000000000000000, -0.000000000000000000 ) ) ;
#1672 = AXIS2_PLACEMENT_3D ( 'NONE', #2178, #2199, #2256 ) ;
#1673 = LINE ( 'NONE', #1245, #4310 ) ;
#1674 = DIRECTION ( 'NONE',  ( 0.000000000000000000, 0.000000000000000000, -1.000000000000000000 ) ) ;
#1675 = EDGE_LOOP ( 'NONE', ( #1480, #2221, #4990, #1163 ) ) ;
#1676 = FILL_AREA_STYLE_COLOUR ( '', #4698 ) ;
#1677 = ORIENTED_EDGE ( 'NONE', *, *, #5134, .F. ) ;
#1678 = CARTESIAN_POINT ( 'NONE',  ( -4.838794691956771921, 2.877052006648533222, -5.635469376755158244 ) ) ;
#1679 = SURFACE_STYLE_USAGE ( .BOTH. , #2114 ) ;
#1680 = ORIENTED_EDGE ( 'NONE', *, *, #3150, .T. ) ;
#1681 = DIRECTION ( 'NONE',  ( 0.000000000000000000, 1.000000000000000000, 0.000000000000000000 ) ) ;
#1682 = EDGE_LOOP ( 'NONE', ( #2732, #1144, #2813, #5216 ) ) ;
#1683 =( GEOMETRIC_REPRESENTATION_CONTEXT ( 3 ) GLOBAL_UNCERTAINTY_ASSIGNED_CONTEXT ( ( #2504 ) ) GLOBAL_UNIT_ASSIGNED_CONTEXT ( ( #5374, #3682, #1468 ) ) REPRESENTATION_CONTEXT ( 'NONE', 'WORKASPACE' ) );
#1684 = EDGE_CURVE ( 'NONE', #3560, #3781, #584, .T. ) ;
#1685 = LINE ( 'NONE', #1770, #5338 ) ;
#1686 = STYLED_ITEM ( 'NONE', ( #5457 ), #353 ) ;
#1687 = ORIENTED_EDGE ( 'NONE', *, *, #2744, .F. ) ;
#1688 = ORIENTED_EDGE ( 'NONE', *, *, #1572, .F. ) ;
#1689 = COLOUR_RGB ( '',0.9803921568627450567, 0.9411764705882352811, 0.7843137254901960675 ) ;
#1690 = AXIS2_PLACEMENT_3D ( 'NONE', #1390, #3950, #3920 ) ;
#1691 =( LENGTH_UNIT ( ) NAMED_UNIT ( * ) SI_UNIT ( .MILLI., .METRE. ) );
#1692 = EDGE_CURVE ( 'NONE', #127, #235, #2187, .T. ) ;
#1693 = LINE ( 'NONE', #2451, #2543 ) ;
#1694 =( GEOMETRIC_REPRESENTATION_CONTEXT ( 3 ) GLOBAL_UNCERTAINTY_ASSIGNED_CONTEXT ( ( #1311 ) ) GLOBAL_UNIT_ASSIGNED_CONTEXT ( ( #3966, #2322, #2266 ) ) REPRESENTATION_CONTEXT ( 'NONE', 'WORKASPACE' ) );
#1695 = COLOUR_RGB ( '',0.9803921568627450567, 0.9411764705882352811, 0.7843137254901960675 ) ;
#1696 = DIRECTION ( 'NONE',  ( 1.000000000000000000, 0.000000000000000000, 0.000000000000000000 ) ) ;
#1697 = DIRECTION ( 'NONE',  ( -0.000000000000000000, 1.000000000000000000, 0.000000000000000000 ) ) ;
#1698 = CARTESIAN_POINT ( 'NONE',  ( 3.600000000000000533, 2.540000000000000036, -0.06288933513965000444 ) ) ;
#1699 = DIRECTION ( 'NONE',  ( 0.000000000000000000, 1.000000000000000000, 0.000000000000000000 ) ) ;
#1700 =( GEOMETRIC_REPRESENTATION_CONTEXT ( 3 ) GLOBAL_UNCERTAINTY_ASSIGNED_CONTEXT ( ( #3861 ) ) GLOBAL_UNIT_ASSIGNED_CONTEXT ( ( #85, #3117, #1028 ) ) REPRESENTATION_CONTEXT ( 'NONE', 'WORKASPACE' ) );
#1701 = FILL_AREA_STYLE ('',( #1183 ) ) ;
#1702 = AXIS2_PLACEMENT_3D ( 'NONE', #351, #2037, #2938 ) ;
#1703 = VERTEX_POINT ( 'NONE', #97 ) ;
#1704 = FILL_AREA_STYLE_COLOUR ( '', #585 ) ;
#1705 = DIRECTION ( 'NONE',  ( 0.000000000000000000, -0.05233595624000127872, 0.9986295347547280432 ) ) ;
#1706 = PRESENTATION_LAYER_ASSIGNMENT (  '', '', ( #4516 ) ) ;
#1707 = PRESENTATION_LAYER_ASSIGNMENT (  '', '', ( #995 ) ) ;
#1708 =( LENGTH_UNIT ( ) NAMED_UNIT ( * ) SI_UNIT ( .MILLI., .METRE. ) );
#1709 = PRESENTATION_STYLE_ASSIGNMENT (( #1679 ) ) ;
#1710 = EDGE_LOOP ( 'NONE', ( #775, #5269, #758, #4625 ) ) ;
#1711 = DIRECTION ( 'NONE',  ( 0.000000000000000000, -0.000000000000000000, 1.000000000000000000 ) ) ;
#1712 = DIRECTION ( 'NONE',  ( 0.000000000000000000, 1.000000000000000000, 0.000000000000000000 ) ) ;
#1713 =( NAMED_UNIT ( * ) PLANE_ANGLE_UNIT ( ) SI_UNIT ( $, .RADIAN. ) );
#1714 = DIRECTION ( 'NONE',  ( -0.000000000000000000, 1.000000000000000000, 0.000000000000000000 ) ) ;
#1715 = ORIENTED_EDGE ( 'NONE', *, *, #96, .T. ) ;
#1716 = LINE ( 'NONE', #4224, #2290 ) ;
#1717 = VERTEX_POINT ( 'NONE', #982 ) ;
#1718 = ADVANCED_FACE ( 'NONE', ( #2216 ), #2245, .T. ) ;
#1719 = DIRECTION ( 'NONE',  ( 0.000000000000000000, -0.8660254037844289376, 0.5000000000000167644 ) ) ;
#1720 = CARTESIAN_POINT ( 'NONE',  ( -0.4000000000000000222, 0.000000000000000000, -1.199999999999999956 ) ) ;
#1721 = SURFACE_SIDE_STYLE ('',( #3029 ) ) ;
#1722 = SURFACE_STYLE_USAGE ( .BOTH. , #55 ) ;
#1723 = ADVANCED_FACE ( 'NONE', ( #540 ), #2525, .T. ) ;
#1724 = VECTOR ( 'NONE', #2009, 1000.000000000000000 ) ;
#1725 = SURFACE_SIDE_STYLE ('',( #2453 ) ) ;
#1726 = CARTESIAN_POINT ( 'NONE',  ( 1.800000000000000488, 3.739999999999779057, -1.157387675182320668E-14 ) ) ;
#1727 = STYLED_ITEM ( 'NONE', ( #4441 ), #2449 ) ;
#1728 = DIRECTION ( 'NONE',  ( 1.000000000000000000, 0.000000000000000000, 0.000000000000000000 ) ) ;
#1729 = FILL_AREA_STYLE ('',( #1676 ) ) ;
#1730 = AXIS2_PLACEMENT_3D ( 'NONE', #1360, #1018, #3976 ) ;
#1731 =( LENGTH_UNIT ( ) NAMED_UNIT ( * ) SI_UNIT ( .MILLI., .METRE. ) );
#1732 = SURFACE_SIDE_STYLE ('',( #3524 ) ) ;
#1733 = DIRECTION ( 'NONE',  ( 0.000000000000000000, 0.000000000000000000, -1.000000000000000000 ) ) ;
#1734 = PRESENTATION_LAYER_ASSIGNMENT (  '', '', ( #4464 ) ) ;
#1735 = EDGE_LOOP ( 'NONE', ( #2877, #2491, #2564, #2108 ) ) ;
#1736 = ORIENTED_EDGE ( 'NONE', *, *, #2558, .T. ) ;
#1737 = FILL_AREA_STYLE ('',( #68 ) ) ;
#1738 = VERTEX_POINT ( 'NONE', #1904 ) ;
#1739 = STYLED_ITEM ( 'NONE', ( #5331 ), #2937 ) ;
#1740 = LINE ( 'NONE', #1334, #2923 ) ;
#1741 =( NAMED_UNIT ( * ) SI_UNIT ( $, .STERADIAN. ) SOLID_ANGLE_UNIT ( ) );
#1742 = ORIENTED_EDGE ( 'NONE', *, *, #2340, .T. ) ;
#1743 = ORIENTED_EDGE ( 'NONE', *, *, #1991, .T. ) ;
#1744 = SURFACE_STYLE_FILL_AREA ( #3840 ) ;
#1745 = CARTESIAN_POINT ( 'NONE',  ( 4.192871870788970057, 2.012871870788999207, -1.040000000000056435 ) ) ;
#1746 = PRESENTATION_LAYER_ASSIGNMENT (  '', '', ( #345 ) ) ;
#1747 = CARTESIAN_POINT ( 'NONE',  ( 4.192871870788875022, 0.000000000000000000, -1.040000000000218527 ) ) ;
#1748 = DIRECTION ( 'NONE',  ( -1.000000000000000000, 0.000000000000000000, 0.000000000000000000 ) ) ;
#1749 = DIRECTION ( 'NONE',  ( 0.000000000000000000, 0.000000000000000000, -1.000000000000000000 ) ) ;
#1750 = DIRECTION ( 'NONE',  ( -1.000000000000000000, -0.000000000000000000, -0.000000000000000000 ) ) ;
#1751 = CARTESIAN_POINT ( 'NONE',  ( 4.000000000000000000, -2.540000000000000036, -1.000000000000000000 ) ) ;
#1752 = SURFACE_SIDE_STYLE ('',( #3091 ) ) ;
#1753 = STYLED_ITEM ( 'NONE', ( #4787 ), #4860 ) ;
#1754 = ADVANCED_FACE ( 'NONE', ( #3360 ), #5427, .F. ) ;
#1755 = PRESENTATION_LAYER_ASSIGNMENT (  '', '', ( #4135 ) ) ;
#1756 = SURFACE_STYLE_USAGE ( .BOTH. , #4321 ) ;
#1757 = CARTESIAN_POINT ( 'NONE',  ( 3.600000000000000533, 2.540000000000000036, -0.06288933513965000444 ) ) ;
#1758 = AXIS2_PLACEMENT_3D ( 'NONE', #3923, #1316, #3894 ) ;
#1759 = VECTOR ( 'NONE', #1084, 1000.000000000000114 ) ;
#1760 = PRESENTATION_STYLE_ASSIGNMENT (( #1844 ) ) ;
#1761 = EDGE_CURVE ( 'NONE', #2686, #5165, #5031, .T. ) ;
#1762 = FILL_AREA_STYLE ('',( #3855 ) ) ;
#1763 = UNCERTAINTY_MEASURE_WITH_UNIT (LENGTH_MEASURE( 1.000000000000000082E-05 ), #5289, 'distance_accuracy_value', 'NONE');
#1764 = EDGE_LOOP ( 'NONE', ( #1370, #1184, #601, #1514 ) ) ;
#1765 = ORIENTED_EDGE ( 'NONE', *, *, #3907, .F. ) ;
#1766 = CARTESIAN_POINT ( 'NONE',  ( 2.080000000000000071, 2.000000000000000000, -5.650000000000000355 ) ) ;
#1767 = ORIENTED_EDGE ( 'NONE', *, *, #2638, .T. ) ;
#1768 = LINE ( 'NONE', #4373, #3778 ) ;
#1769 = FILL_AREA_STYLE_COLOUR ( '', #380 ) ;
#1770 = CARTESIAN_POINT ( 'NONE',  ( 2.850000000000000089, -2.012871870789000095, -1.040000000000000036 ) ) ;
#1771 = UNCERTAINTY_MEASURE_WITH_UNIT (LENGTH_MEASURE( 1.000000000000000082E-05 ), #4477, 'distance_accuracy_value', 'NONE');
#1772 = VERTEX_POINT ( 'NONE', #1637 ) ;
#1773 = STYLED_ITEM ( 'NONE', ( #5291 ), #84 ) ;
#1774 = DIRECTION ( 'NONE',  ( 0.000000000000000000, -0.000000000000000000, 1.000000000000000000 ) ) ;
#1775 = ORIENTED_EDGE ( 'NONE', *, *, #3922, .F. ) ;
#1776 = FILL_AREA_STYLE ('',( #939 ) ) ;
#1777 = LINE ( 'NONE', #1283, #352 ) ;
#1778 = DIRECTION ( 'NONE',  ( 0.000000000000000000, 0.9986295347545723899, -0.05233595624297000815 ) ) ;
#1779 = MECHANICAL_DESIGN_GEOMETRIC_PRESENTATION_REPRESENTATION (  '', ( #4153 ), #3887 ) ;
#1780 = CYLINDRICAL_SURFACE ( 'NONE', #4891, 0.5500000000000001554 ) ;
#1781 = FILL_AREA_STYLE ('',( #555 ) ) ;
#1782 = PRESENTATION_LAYER_ASSIGNMENT (  '', '', ( #1497 ) ) ;
#1783 = AXIS2_PLACEMENT_3D ( 'NONE', #2583, #1681, #1711 ) ;
#1784 = CARTESIAN_POINT ( 'NONE',  ( 4.995803989154981473, 2.716908292082861109, -5.400000000000002132 ) ) ;
#1785 = LINE ( 'NONE', #3498, #170 ) ;
#1786 =( GEOMETRIC_REPRESENTATION_CONTEXT ( 3 ) GLOBAL_UNCERTAINTY_ASSIGNED_CONTEXT ( ( #2217 ) ) GLOBAL_UNIT_ASSIGNED_CONTEXT ( ( #1731, #3414, #3391 ) ) REPRESENTATION_CONTEXT ( 'NONE', 'WORKASPACE' ) );
#1787 =( NAMED_UNIT ( * ) SI_UNIT ( $, .STERADIAN. ) SOLID_ANGLE_UNIT ( ) );
#1788 = CARTESIAN_POINT ( 'NONE',  ( 5.000000000000000000, -2.700000000000000622, -5.349999999999998757 ) ) ;
#1789 = AXIS2_PLACEMENT_3D ( 'NONE', #224, #1896, #252 ) ;
#1790 = EDGE_CURVE ( 'NONE', #672, #3043, #3704, .T. ) ;
#1791 = FACE_OUTER_BOUND ( 'NONE', #3806, .T. ) ;
#1792 = VECTOR ( 'NONE', #2594, 1000.000000000000000 ) ;
#1793 = CARTESIAN_POINT ( 'NONE',  ( -4.700000000000001066, -2.912132034355966237, -5.562132034355967036 ) ) ;
#1794 = DIRECTION ( 'NONE',  ( -0.000000000000000000, 0.000000000000000000, 1.000000000000000000 ) ) ;
#1795 = ORIENTED_EDGE ( 'NONE', *, *, #4248, .T. ) ;
#1796 = VERTEX_POINT ( 'NONE', #4505 ) ;
#1797 = EDGE_CURVE ( 'NONE', #2379, #292, #730, .T. ) ;
#1798 = ADVANCED_FACE ( 'NONE', ( #2883 ), #781, .T. ) ;
#1799 = VECTOR ( 'NONE', #1066, 1000.000000000000000 ) ;
#1800 = FILL_AREA_STYLE ('',( #1769 ) ) ;
#1801 = DIRECTION ( 'NONE',  ( 0.000000000000000000, 0.000000000000000000, -1.000000000000000000 ) ) ;
#1802 =( NAMED_UNIT ( * ) PLANE_ANGLE_UNIT ( ) SI_UNIT ( $, .RADIAN. ) );
#1803 = ORIENTED_EDGE ( 'NONE', *, *, #4542, .F. ) ;
#1804 = DIRECTION ( 'NONE',  ( 1.000000000000000000, 0.000000000000000000, -0.000000000000000000 ) ) ;
#1805 = ORIENTED_EDGE ( 'NONE', *, *, #2397, .T. ) ;
#1806 = ADVANCED_FACE ( 'NONE', ( #4284 ), #2130, .F. ) ;
#1807 = DIRECTION ( 'NONE',  ( -1.000000000000000000, -1.445602896647339508E-15, 0.000000000000000000 ) ) ;
#1808 = FACE_OUTER_BOUND ( 'NONE', #3810, .T. ) ;
#1809 = DIRECTION ( 'NONE',  ( 0.000000000000000000, 0.000000000000000000, 1.000000000000000000 ) ) ;
#1810 = ORIENTED_EDGE ( 'NONE', *, *, #2794, .F. ) ;
#1811 = CARTESIAN_POINT ( 'NONE',  ( -3.600000000000000089, -2.540000000000000036, -0.06288933513965000444 ) ) ;
#1812 =( NAMED_UNIT ( * ) SI_UNIT ( $, .STERADIAN. ) SOLID_ANGLE_UNIT ( ) );
#1813 = VECTOR ( 'NONE', #4943, 1000.000000000000000 ) ;
#1814 = CARTESIAN_POINT ( 'NONE',  ( 4.469999999999999751, 0.000000000000000000, -1.199999999999999956 ) ) ;
#1815 = VECTOR ( 'NONE', #4668, 1000.000000000000000 ) ;
#1816 = FACE_OUTER_BOUND ( 'NONE', #5361, .T. ) ;
#1817 = CARTESIAN_POINT ( 'NONE',  ( 1.850000000000000089, 1.300000000000000266, -1.199999999999999956 ) ) ;
#1818 =( GEOMETRIC_REPRESENTATION_CONTEXT ( 3 ) GLOBAL_UNCERTAINTY_ASSIGNED_CONTEXT ( ( #763 ) ) GLOBAL_UNIT_ASSIGNED_CONTEXT ( ( #3428, #3483, #2933 ) ) REPRESENTATION_CONTEXT ( 'NONE', 'WORKASPACE' ) );
#1819 = EDGE_CURVE ( 'NONE', #5036, #4055, #917, .T. ) ;
#1820 = CARTESIAN_POINT ( 'NONE',  ( 4.729999999999999538, -2.700000000000000178, -1.199999999999999956 ) ) ;
#1821 = PLANE ( 'NONE',  #4738 ) ;
#1822 = VERTEX_POINT ( 'NONE', #3407 ) ;
#1823 = EDGE_LOOP ( 'NONE', ( #2333, #274, #2682, #204 ) ) ;
#1824 = ORIENTED_EDGE ( 'NONE', *, *, #2707, .T. ) ;
#1825 = FILL_AREA_STYLE ('',( #5076 ) ) ;
#1826 = ADVANCED_FACE ( 'NONE', ( #1345 ), #2232, .F. ) ;
#1827 = UNCERTAINTY_MEASURE_WITH_UNIT (LENGTH_MEASURE( 1.000000000000000082E-05 ), #3850, 'distance_accuracy_value', 'NONE');
#1828 = ORIENTED_EDGE ( 'NONE', *, *, #3358, .T. ) ;
#1829 = LINE ( 'NONE', #185, #2836 ) ;
#1830 = ORIENTED_EDGE ( 'NONE', *, *, #4385, .T. ) ;
#1831 = FILL_AREA_STYLE ('',( #4721 ) ) ;
#1832 = AXIS2_PLACEMENT_3D ( 'NONE', #203, #2297, #2679 ) ;
#1833 = FILL_AREA_STYLE_COLOUR ( '', #3410 ) ;
#1834 = SURFACE_SIDE_STYLE ('',( #2316 ) ) ;
#1835 = DIRECTION ( 'NONE',  ( 0.000000000000000000, -0.9986295347545738332, 0.05233595624294426485 ) ) ;
#1836 = PRESENTATION_LAYER_ASSIGNMENT (  '', '', ( #4298 ) ) ;
#1837 = CARTESIAN_POINT ( 'NONE',  ( -0.8000000000000000444, 2.689999999999999947, -0.2052340201469000647 ) ) ;
#1838 = PLANE ( 'NONE',  #2271 ) ;
#1839 = VECTOR ( 'NONE', #3053, 1000.000000000000000 ) ;
#1840 = AXIS2_PLACEMENT_3D ( 'NONE', #4145, #378, #5421 ) ;
#1841 = CARTESIAN_POINT ( 'NONE',  ( 3.600000000000000533, -2.689999999999999947, -0.2052340201469000092 ) ) ;
#1842 = DIRECTION ( 'NONE',  ( -0.000000000000000000, 1.000000000000000000, 0.000000000000000000 ) ) ;
#1843 = AXIS2_PLACEMENT_3D ( 'NONE', #3890, #136, #2592 ) ;
#1844 = SURFACE_STYLE_USAGE ( .BOTH. , #1732 ) ;
#1845 = CARTESIAN_POINT ( 'NONE',  ( 3.600000000000000533, 3.747850393435999905, -0.1497944302131999916 ) ) ;
#1846 = ORIENTED_EDGE ( 'NONE', *, *, #4147, .F. ) ;
#1847 = STYLED_ITEM ( 'NONE', ( #1537 ), #5061 ) ;
#1848 = VERTEX_POINT ( 'NONE', #2569 ) ;
#1849 = ORIENTED_EDGE ( 'NONE', *, *, #3618, .T. ) ;
#1850 = EDGE_CURVE ( 'NONE', #4968, #910, #3821, .T. ) ;
#1851 = SURFACE_STYLE_FILL_AREA ( #210 ) ;
#1852 = FILL_AREA_STYLE ('',( #183 ) ) ;
#1853 = VERTEX_POINT ( 'NONE', #2943 ) ;
#1854 = ORIENTED_EDGE ( 'NONE', *, *, #3881, .T. ) ;
#1855 = PLANE ( 'NONE',  #2897 ) ;
#1856 = ADVANCED_FACE ( 'NONE', ( #115 ), #3438, .T. ) ;
#1857 = LINE ( 'NONE', #495, #4485 ) ;
#1858 = PLANE ( 'NONE',  #1349 ) ;
#1859 = AXIS2_PLACEMENT_3D ( 'NONE', #4899, #665, #2781 ) ;
#1860 = DIRECTION ( 'NONE',  ( 0.000000000000000000, 0.000000000000000000, -1.000000000000000000 ) ) ;
#1861 = ORIENTED_EDGE ( 'NONE', *, *, #4620, .T. ) ;
#1862 = CARTESIAN_POINT ( 'NONE',  ( -0.3999999999999998557, 3.739999999999779057, -1.157387675182320668E-14 ) ) ;
#1863 = CARTESIAN_POINT ( 'NONE',  ( 1.800000000000000266, -2.540000000000000036, -0.06288933513964997668 ) ) ;
#1864 = EDGE_CURVE ( 'NONE', #244, #4452, #1058, .T. ) ;
#1865 = DIRECTION ( 'NONE',  ( 0.000000000000000000, -0.9986295347545736112, 0.05233595624294862247 ) ) ;
#1866 = COLOUR_RGB ( '',0.8431372549019607865, 0.8431372549019607865, 0.8431372549019607865 ) ;
#1867 = FILL_AREA_STYLE_COLOUR ( '', #606 ) ;
#1868 = PRESENTATION_LAYER_ASSIGNMENT (  '', '', ( #3986 ) ) ;
#1869 = DIRECTION ( 'NONE',  ( -1.000000000000000000, -0.000000000000000000, -0.000000000000000000 ) ) ;
#1870 = CARTESIAN_POINT ( 'NONE',  ( 2.850000000000000089, -1.300000000000000266, -1.199999999999999956 ) ) ;
#1871 = CARTESIAN_POINT ( 'NONE',  ( -4.000000000000000000, -2.689999999999999947, -0.2052340201469000092 ) ) ;
#1872 = VECTOR ( 'NONE', #4132, 1000.000000000000114 ) ;
#1873 = CARTESIAN_POINT ( 'NONE',  ( 3.600000000000000533, -3.747850393435999905, -0.1497944302131999916 ) ) ;
#1874 = SURFACE_SIDE_STYLE ('',( #202 ) ) ;
#1875 = SURFACE_STYLE_USAGE ( .BOTH. , #4792 ) ;
#1876 = VECTOR ( 'NONE', #143, 1000.000000000000000 ) ;
#1877 = ORIENTED_EDGE ( 'NONE', *, *, #2040, .T. ) ;
#1878 = COLOUR_RGB ( '',0.9803921568627450567, 0.9411764705882352811, 0.7843137254901960675 ) ;
#1879 = EDGE_LOOP ( 'NONE', ( #2443, #1743, #1011, #702 ) ) ;
#1880 = PLANE ( 'NONE',  #2841 ) ;
#1881 = EDGE_LOOP ( 'NONE', ( #3207, #2277, #4634, #3099, #2582, #2783, #1526 ) ) ;
#1882 =( NAMED_UNIT ( * ) SI_UNIT ( $, .STERADIAN. ) SOLID_ANGLE_UNIT ( ) );
#1883 = AXIS2_PLACEMENT_3D ( 'NONE', #3308, #4167, #399 ) ;
#1884 = UNCERTAINTY_MEASURE_WITH_UNIT (LENGTH_MEASURE( 1.000000000000000082E-05 ), #4509, 'distance_accuracy_value', 'NONE');
#1885 = CARTESIAN_POINT ( 'NONE',  ( 4.999995097267158073, 2.698787231335329384, -5.348787231335328407 ) ) ;
#1886 = ORIENTED_EDGE ( 'NONE', *, *, #2242, .F. ) ;
#1887 = DIRECTION ( 'NONE',  ( 0.000000000000000000, -0.05233595624000127872, 0.9986295347547280432 ) ) ;
#1888 = MECHANICAL_DESIGN_GEOMETRIC_PRESENTATION_REPRESENTATION (  '', ( #4516 ), #226 ) ;
#1889 = ORIENTED_EDGE ( 'NONE', *, *, #2558, .F. ) ;
#1890 = CARTESIAN_POINT ( 'NONE',  ( 2.879999999999999893, 2.000000000000000000, -5.599999999999999645 ) ) ;
#1891 = FILL_AREA_STYLE_COLOUR ( '', #1946 ) ;
#1892 = DIRECTION ( 'NONE',  ( -1.000000000000000000, -0.000000000000000000, 0.000000000000000000 ) ) ;
#1893 =( NAMED_UNIT ( * ) SI_UNIT ( $, .STERADIAN. ) SOLID_ANGLE_UNIT ( ) );
#1894 = EDGE_CURVE ( 'NONE', #3252, #3294, #1369, .T. ) ;
#1895 = VERTEX_POINT ( 'NONE', #4751 ) ;
#1896 = DIRECTION ( 'NONE',  ( 0.000000000000000000, -0.05233595624294862941, -0.9986295347545737222 ) ) ;
#1897 = CARTESIAN_POINT ( 'NONE',  ( 4.729999999999999538, -2.700000000000000178, -1.000000000000000000 ) ) ;
#1898 =( NAMED_UNIT ( * ) PLANE_ANGLE_UNIT ( ) SI_UNIT ( $, .RADIAN. ) );
#1899 =( NAMED_UNIT ( * ) PLANE_ANGLE_UNIT ( ) SI_UNIT ( $, .RADIAN. ) );
#1900 = EDGE_CURVE ( 'NONE', #1164, #3228, #4341, .T. ) ;
#1901 = CARTESIAN_POINT ( 'NONE',  ( -4.699999999999998401, -2.786937359832101890, -5.687326708879828274 ) ) ;
#1902 = DIRECTION ( 'NONE',  ( -1.000000000000000000, -0.000000000000000000, -0.000000000000000000 ) ) ;
#1903 = CARTESIAN_POINT ( 'NONE',  ( 3.600000000000000533, 2.689999999999999947, -0.2052340201469000647 ) ) ;
#1904 = CARTESIAN_POINT ( 'NONE',  ( -4.000000000000000000, -3.747850393436220617, -0.1497944302131884176 ) ) ;
#1905 = CARTESIAN_POINT ( 'NONE',  ( -0.8000000000000000444, 0.000000000000000000, -1.199999999999999956 ) ) ;
#1906 = VERTEX_POINT ( 'NONE', #587 ) ;
#1907 = ORIENTED_EDGE ( 'NONE', *, *, #3768, .F. ) ;
#1908 =( NAMED_UNIT ( * ) PLANE_ANGLE_UNIT ( ) SI_UNIT ( $, .RADIAN. ) );
#1909 = ORIENTED_EDGE ( 'NONE', *, *, #2471, .F. ) ;
#1910 = AXIS2_PLACEMENT_3D ( 'NONE', #140, #52, #2596 ) ;
#1911 = CARTESIAN_POINT ( 'NONE',  ( 4.699999999999999289, 2.995803989154981029, -5.399999999999999467 ) ) ;
#1912 =( NAMED_UNIT ( * ) SI_UNIT ( $, .STERADIAN. ) SOLID_ANGLE_UNIT ( ) );
#1913 = VECTOR ( 'NONE', #3859, 1000.000000000000000 ) ;
#1914 = FACE_OUTER_BOUND ( 'NONE', #3052, .T. ) ;
#1915 = ORIENTED_EDGE ( 'NONE', *, *, #5292, .F. ) ;
#1916 = FILL_AREA_STYLE_COLOUR ( '', #1073 ) ;
#1917 = VERTEX_POINT ( 'NONE', #3112 ) ;
#1918 = COLOUR_RGB ( '',0.9803921568627450567, 0.9411764705882352811, 0.7843137254901960675 ) ;
#1919 = SURFACE_STYLE_FILL_AREA ( #1056 ) ;
#1920 = COLOUR_RGB ( '',0.9803921568627450567, 0.9411764705882352811, 0.7843137254901960675 ) ;
#1921 = ORIENTED_EDGE ( 'NONE', *, *, #3999, .T. ) ;
#1922 = FILL_AREA_STYLE ('',( #654 ) ) ;
#1923 = VECTOR ( 'NONE', #2739, 1000.000000000000000 ) ;
#1924 =( NAMED_UNIT ( * ) SI_UNIT ( $, .STERADIAN. ) SOLID_ANGLE_UNIT ( ) );
#1925 = LINE ( 'NONE', #2345, #4026 ) ;
#1926 = SURFACE_SIDE_STYLE ('',( #1573 ) ) ;
#1927 =( GEOMETRIC_REPRESENTATION_CONTEXT ( 3 ) GLOBAL_UNCERTAINTY_ASSIGNED_CONTEXT ( ( #3593 ) ) GLOBAL_UNIT_ASSIGNED_CONTEXT ( ( #5246, #3918, #241 ) ) REPRESENTATION_CONTEXT ( 'NONE', 'WORKASPACE' ) );
#1928 = LINE ( 'NONE', #3193, #1799 ) ;
#1929 = ADVANCED_FACE ( 'NONE', ( #2258 ), #5253, .F. ) ;
#1930 =( NAMED_UNIT ( * ) SI_UNIT ( $, .STERADIAN. ) SOLID_ANGLE_UNIT ( ) );
#1931 = VECTOR ( 'NONE', #3292, 1000.000000000000000 ) ;
#1932 = LINE ( 'NONE', #1905, #5352 ) ;
#1933 = CYLINDRICAL_SURFACE ( 'NONE', #3879, 0.2999999999999999334 ) ;
#1934 = ORIENTED_EDGE ( 'NONE', *, *, #560, .T. ) ;
#1935 = ORIENTED_EDGE ( 'NONE', *, *, #3991, .T. ) ;
#1936 = VECTOR ( 'NONE', #2255, 1000.000000000000000 ) ;
#1937 = PRESENTATION_LAYER_ASSIGNMENT (  '', '', ( #4128 ) ) ;
#1938 = EDGE_CURVE ( 'NONE', #1647, #1796, #4583, .T. ) ;
#1939 = CARTESIAN_POINT ( 'NONE',  ( 1.399999999999999911, -3.740000000000000213, 0.000000000000000000 ) ) ;
#1940 = STYLED_ITEM ( 'NONE', ( #4969 ), #4789 ) ;
#1941 = AXIS2_PLACEMENT_3D ( 'NONE', #1162, #4594, #756 ) ;
#1942 = UNCERTAINTY_MEASURE_WITH_UNIT (LENGTH_MEASURE( 1.000000000000000082E-05 ), #3717, 'distance_accuracy_value', 'NONE');
#1943 = VERTEX_POINT ( 'NONE', #4061 ) ;
#1944 =( LENGTH_UNIT ( ) NAMED_UNIT ( * ) SI_UNIT ( .MILLI., .METRE. ) );
#1945 = ORIENTED_EDGE ( 'NONE', *, *, #2076, .T. ) ;
#1946 = COLOUR_RGB ( '',0.8431372549019607865, 0.8431372549019607865, 0.8431372549019607865 ) ;
#1947 = PRESENTATION_STYLE_ASSIGNMENT (( #4447 ) ) ;
#1948 = PRODUCT_DEFINITION_SHAPE ( 'NONE', 'NONE',  #4107 ) ;
#1949 = CARTESIAN_POINT ( 'NONE',  ( 4.698000732276106817, -2.999986676132685215, -5.348000732276106284 ) ) ;
#1950 = CARTESIAN_POINT ( 'NONE',  ( 3.600000000000000533, 3.740000000000000213, 0.000000000000000000 ) ) ;
#1951 = VERTEX_POINT ( 'NONE', #1976 ) ;
#1952 = CARTESIAN_POINT ( 'NONE',  ( -4.000000000000000000, -3.747850393435999905, -0.1497944302131999916 ) ) ;
#1953 = CARTESIAN_POINT ( 'NONE',  ( 4.700000000000000178, 2.700000000000000178, -1.000000000000000000 ) ) ;
#1954 =( NAMED_UNIT ( * ) PLANE_ANGLE_UNIT ( ) SI_UNIT ( $, .RADIAN. ) );
#1955 = AXIS2_PLACEMENT_3D ( 'NONE', #3737, #5463, #2917 ) ;
#1956 = CARTESIAN_POINT ( 'NONE',  ( -3.600000000000000533, 2.540000000000000036, -1.199999999999999956 ) ) ;
#1957 = AXIS2_PLACEMENT_3D ( 'NONE', #2011, #228, #3241 ) ;
#1958 = SURFACE_STYLE_USAGE ( .BOTH. , #4870 ) ;
#1959 = CARTESIAN_POINT ( 'NONE',  ( 2.850000000000000089, 2.290000000000000036, -1.199999999999999956 ) ) ;
#1960 = VECTOR ( 'NONE', #4904, 1000.000000000000000 ) ;
#1962 = ORIENTED_EDGE ( 'NONE', *, *, #1643, .T. ) ;
#1961 = EDGE_CURVE ( 'NONE', #3560, #2093, #298, .T. ) ;
#1963 =( LENGTH_UNIT ( ) NAMED_UNIT ( * ) SI_UNIT ( .MILLI., .METRE. ) );
#1964 = EDGE_LOOP ( 'NONE', ( #1152, #264, #2975, #130, #1994, #5011, #4521 ) ) ;
#1965 = PRESENTATION_LAYER_ASSIGNMENT (  '', '', ( #1404 ) ) ;
#1966 = MECHANICAL_DESIGN_GEOMETRIC_PRESENTATION_REPRESENTATION (  '', ( #2767 ), #4172 ) ;
#1967 = DIRECTION ( 'NONE',  ( 0.000000000000000000, 0.9986295347545723899, 0.05233595624297000815 ) ) ;
#1968 = COLOUR_RGB ( '',0.8431372549019607865, 0.8431372549019607865, 0.8431372549019607865 ) ;
#1969 = SURFACE_STYLE_USAGE ( .BOTH. , #4966 ) ;
#1970 = ORIENTED_EDGE ( 'NONE', *, *, #3015, .F. ) ;
#1971 = EDGE_CURVE ( 'NONE', #1566, #3754, #1631, .T. ) ;
#1972 = ORIENTED_EDGE ( 'NONE', *, *, #4017, .T. ) ;
#1973 = SURFACE_SIDE_STYLE ('',( #1451 ) ) ;
#1974 =( GEOMETRIC_REPRESENTATION_CONTEXT ( 3 ) GLOBAL_UNCERTAINTY_ASSIGNED_CONTEXT ( ( #5418 ) ) GLOBAL_UNIT_ASSIGNED_CONTEXT ( ( #1708, #5, #846 ) ) REPRESENTATION_CONTEXT ( 'NONE', 'WORKASPACE' ) );
#1975 = VECTOR ( 'NONE', #3197, 1000.000000000000000 ) ;
#1976 = CARTESIAN_POINT ( 'NONE',  ( -0.4000000000000000222, 2.689999999999999947, -1.199999999999999956 ) ) ;
#1977 = ORIENTED_EDGE ( 'NONE', *, *, #1576, .F. ) ;
#1978 = CARTESIAN_POINT ( 'NONE',  ( 4.000000000000000000, 0.000000000000000000, -1.199999999999999956 ) ) ;
#1979 = DIRECTION ( 'NONE',  ( -0.000000000000000000, -1.000000000000000000, -0.000000000000000000 ) ) ;
#1980 =( GEOMETRIC_REPRESENTATION_CONTEXT ( 3 ) GLOBAL_UNCERTAINTY_ASSIGNED_CONTEXT ( ( #4851 ) ) GLOBAL_UNIT_ASSIGNED_CONTEXT ( ( #2913, #1215, #414 ) ) REPRESENTATION_CONTEXT ( 'NONE', 'WORKASPACE' ) );
#1981 = CARTESIAN_POINT ( 'NONE',  ( 0.000000000000000000, 0.000000000000000000, -5.650000000000000355 ) ) ;
#1982 =( LENGTH_UNIT ( ) NAMED_UNIT ( * ) SI_UNIT ( .MILLI., .METRE. ) );
#1983 =( NAMED_UNIT ( * ) SI_UNIT ( $, .STERADIAN. ) SOLID_ANGLE_UNIT ( ) );
#1984 = SURFACE_STYLE_USAGE ( .BOTH. , #662 ) ;
#1985 = CARTESIAN_POINT ( 'NONE',  ( 4.699999999999999289, -2.700000000000000178, -5.349999999999999645 ) ) ;
#1986 = ORIENTED_EDGE ( 'NONE', *, *, #4812, .F. ) ;
#1987 = SURFACE_STYLE_FILL_AREA ( #5404 ) ;
#1988 = ORIENTED_EDGE ( 'NONE', *, *, #2775, .F. ) ;
#1989 = VECTOR ( 'NONE', #4366, 1000.000000000000114 ) ;
#1990 = CARTESIAN_POINT ( 'NONE',  ( -4.698240118821385813, 3.001655327279210805, -5.598139574263673701 ) ) ;
#1991 = EDGE_CURVE ( 'NONE', #4055, #1486, #1151, .T. ) ;
#1992 = CARTESIAN_POINT ( 'NONE',  ( 4.912132034355965793, -2.699999999999998845, -5.562132034355965260 ) ) ;
#1993 = FILL_AREA_STYLE_COLOUR ( '', #2718 ) ;
#1994 = ORIENTED_EDGE ( 'NONE', *, *, #5430, .F. ) ;
#1995 = FACE_OUTER_BOUND ( 'NONE', #4763, .T. ) ;
#1996 = ORIENTED_EDGE ( 'NONE', *, *, #3914, .F. ) ;
#1997 = CARTESIAN_POINT ( 'NONE',  ( -4.000000000000000000, -2.540000000000000036, -0.06288933513964997668 ) ) ;
#1998 = EDGE_CURVE ( 'NONE', #2954, #2093, #1527, .T. ) ;
#1999 = AXIS2_PLACEMENT_3D ( 'NONE', #4333, #4381, #2762 ) ;
#2000 = CYLINDRICAL_SURFACE ( 'NONE', #327, 0.02999999999999964501 ) ;
#2001 = CARTESIAN_POINT ( 'NONE',  ( 0.000000000000000000, -2.290000000000000036, -1.199999999999999956 ) ) ;
#2002 = DIRECTION ( 'NONE',  ( -0.000000000000000000, 0.000000000000000000, -1.000000000000000000 ) ) ;
#2003 = FILL_AREA_STYLE_COLOUR ( '', #3335 ) ;
#2004 = ORIENTED_EDGE ( 'NONE', *, *, #4841, .T. ) ;
#2005 =( GEOMETRIC_REPRESENTATION_CONTEXT ( 3 ) GLOBAL_UNCERTAINTY_ASSIGNED_CONTEXT ( ( #240 ) ) GLOBAL_UNIT_ASSIGNED_CONTEXT ( ( #1982, #3964, #2749 ) ) REPRESENTATION_CONTEXT ( 'NONE', 'WORKASPACE' ) );
#2006 = DIRECTION ( 'NONE',  ( 1.000000000000000000, 0.000000000000000000, -0.000000000000000000 ) ) ;
#2007 = PRESENTATION_STYLE_ASSIGNMENT (( #681 ) ) ;
#2008 = ADVANCED_FACE ( 'NONE', ( #2876 ), #5206, .T. ) ;
#2009 = DIRECTION ( 'NONE',  ( 0.000000000000000000, 1.000000000000000000, -0.000000000000000000 ) ) ;
#2010 = CARTESIAN_POINT ( 'NONE',  ( -3.600000000000000089, 3.739999999999779057, -1.157387675182320668E-14 ) ) ;
#2011 = CARTESIAN_POINT ( 'NONE',  ( 0.000000000000000000, 0.000000000000000000, -5.400000000000000355 ) ) ;
#2012 = FACE_OUTER_BOUND ( 'NONE', #2198, .T. ) ;
#2013 = VECTOR ( 'NONE', #3723, 1000.000000000000000 ) ;
#2014 =( NAMED_UNIT ( * ) PLANE_ANGLE_UNIT ( ) SI_UNIT ( $, .RADIAN. ) );
#2015 = CARTESIAN_POINT ( 'NONE',  ( 4.730000000000000426, -2.700000000000000178, -1.199999999999999956 ) ) ;
#2016 = DIRECTION ( 'NONE',  ( -1.000000000000000000, -0.000000000000000000, -0.000000000000000000 ) ) ;
#2017 = ORIENTED_EDGE ( 'NONE', *, *, #258, .F. ) ;
#2018 = DIRECTION ( 'NONE',  ( -1.000000000000000000, 0.000000000000000000, 0.000000000000000000 ) ) ;
#2019 = ORIENTED_EDGE ( 'NONE', *, *, #3235, .T. ) ;
#2020 = PRESENTATION_LAYER_ASSIGNMENT (  '', '', ( #4038 ) ) ;
#2021 = STYLED_ITEM ( 'NONE', ( #108 ), #3486 ) ;
#2022 = CARTESIAN_POINT ( 'NONE',  ( -2.850000000000000089, 0.000000000000000000, -1.199999999999999956 ) ) ;
#2023 = DIRECTION ( 'NONE',  ( 0.000000000000000000, -0.8660254037844289376, -0.5000000000000167644 ) ) ;
#2024 = CARTESIAN_POINT ( 'NONE',  ( -2.850000000000000089, 1.300000000000000266, -1.040000000000000036 ) ) ;
#2025 = LINE ( 'NONE', #2433, #5001 ) ;
#2026 = ORIENTED_EDGE ( 'NONE', *, *, #5326, .T. ) ;
#2027 = STYLED_ITEM ( 'NONE', ( #4974 ), #4412 ) ;
#2028 = VECTOR ( 'NONE', #4291, 1000.000000000000000 ) ;
#2029 = ORIENTED_EDGE ( 'NONE', *, *, #180, .T. ) ;
#2030 = SURFACE_STYLE_FILL_AREA ( #3314 ) ;
#2031 =( LENGTH_UNIT ( ) NAMED_UNIT ( * ) SI_UNIT ( .MILLI., .METRE. ) );
#2032 = COLOUR_RGB ( '',0.8431372549019607865, 0.8431372549019607865, 0.8431372549019607865 ) ;
#2033 = DIRECTION ( 'NONE',  ( 0.000000000000000000, 0.000000000000000000, 1.000000000000000000 ) ) ;
#2034 = ORIENTED_EDGE ( 'NONE', *, *, #1546, .T. ) ;
#2035 = EDGE_CURVE ( 'NONE', #1822, #135, #5231, .T. ) ;
#2036 = MECHANICAL_DESIGN_GEOMETRIC_PRESENTATION_REPRESENTATION (  '', ( #3440 ), #1567 ) ;
#2037 = DIRECTION ( 'NONE',  ( -0.000000000000000000, 0.9986295347545737222, 0.05233595624294862941 ) ) ;
#2038 = FILL_AREA_STYLE_COLOUR ( '', #3837 ) ;
#2039 = DIRECTION ( 'NONE',  ( 1.000000000000000000, 0.000000000000000000, -0.000000000000000000 ) ) ;
#2040 = EDGE_CURVE ( 'NONE', #4437, #3863, #1426, .T. ) ;
#2041 = ADVANCED_FACE ( 'NONE', ( #5258 ), #196, .F. ) ;
#2042 = PRESENTATION_STYLE_ASSIGNMENT (( #1984 ) ) ;
#2043 = CLOSED_SHELL ( 'NONE', ( #2265, #4784, #280, #5368, #4586, #2102, #1472, #2829, #2677, #84, #655, #2870, #3082, #2550, #2903, #2970, #1723, #3201, #4917, #3172, #266, #2728, #2672, #3016, #2440, #2305, #3705, #2202, #2449, #4175, #1826, #1495, #2979, #2311, #4925, #1806, #2805, #5100, #4789, #1171, #5055, #3946, #1754, #735, #871, #1718, #2041, #42, #2769, #3413, #342, #976, #3381, #1365, #2837, #4412, #2622, #284, #3643, #4654, #663, #1081, #12, #4981, #1102, #592, #1929, #4860, #2278, #2646, #684, #1536, #497, #4314, #5135, #3544, #377, #3876, #554, #353, #89, #4457, #2945, #3748, #229, #931, #5205, #432, #2937, #1856, #4376, #3142, #3278, #3741, #1268, #3514, #1053, #4114, #5233, #2109, #2514, #3808, #3008, #2209, #5061, #1373, #2861, #1798, #3486, #1463, #815, #1445, #2738, #2008, #2139, #5257, #1626, #2236, #5092 ) ) ;
#2044 = DIRECTION ( 'NONE',  ( 1.000000000000000000, 0.000000000000000000, 0.000000000000000000 ) ) ;
#2045 = VECTOR ( 'NONE', #2016, 1000.000000000000000 ) ;
#2046 = SURFACE_STYLE_USAGE ( .BOTH. , #4956 ) ;
#2047 = ORIENTED_EDGE ( 'NONE', *, *, #3443, .T. ) ;
#2048 = EDGE_CURVE ( 'NONE', #5024, #1247, #303, .T. ) ;
#2049 = LINE ( 'NONE', #3280, #1153 ) ;
#2050 = ORIENTED_EDGE ( 'NONE', *, *, #742, .T. ) ;
#2051 = DIRECTION ( 'NONE',  ( 0.000000000000000000, -1.000000000000000000, 0.000000000000000000 ) ) ;
#2052 =( NAMED_UNIT ( * ) PLANE_ANGLE_UNIT ( ) SI_UNIT ( $, .RADIAN. ) );
#2053 = MECHANICAL_DESIGN_GEOMETRIC_PRESENTATION_REPRESENTATION (  '', ( #3113 ), #2495 ) ;
#2054 = LINE ( 'NONE', #4353, #5407 ) ;
#2055 = UNCERTAINTY_MEASURE_WITH_UNIT (LENGTH_MEASURE( 1.000000000000000082E-05 ), #983, 'distance_accuracy_value', 'NONE');
#2056 = DIRECTION ( 'NONE',  ( 0.000000000000000000, -0.05233595624294862941, 0.9986295347545737222 ) ) ;
#2057 = ORIENTED_EDGE ( 'NONE', *, *, #2336, .F. ) ;
#2058 = VECTOR ( 'NONE', #5074, 1000.000000000000227 ) ;
#2059 = DIRECTION ( 'NONE',  ( 1.000000000000000000, 0.000000000000000000, 0.000000000000000000 ) ) ;
#2060 = CARTESIAN_POINT ( 'NONE',  ( 4.991446347794324723, 2.742068521147263738, -5.408520010578277137 ) ) ;
#2061 = SURFACE_STYLE_FILL_AREA ( #5047 ) ;
#2062 = PRESENTATION_STYLE_ASSIGNMENT (( #799 ) ) ;
#2063 = UNCERTAINTY_MEASURE_WITH_UNIT (LENGTH_MEASURE( 1.000000000000000082E-05 ), #1402, 'distance_accuracy_value', 'NONE');
#2064 = DIRECTION ( 'NONE',  ( 1.000000000000000000, 0.000000000000000000, 0.000000000000000000 ) ) ;
#2065 = CARTESIAN_POINT ( 'NONE',  ( -4.000000000000000000, 0.000000000000000000, -1.000000000000000000 ) ) ;
#2066 = STYLED_ITEM ( 'NONE', ( #3572 ), #1365 ) ;
#2067 = ORIENTED_EDGE ( 'NONE', *, *, #1971, .F. ) ;
#2068 = PRESENTATION_STYLE_ASSIGNMENT (( #2509 ) ) ;
#2069 = CARTESIAN_POINT ( 'NONE',  ( 1.800000000000000266, -2.540000000000000036, -1.000000000000000000 ) ) ;
#2070 = FILL_AREA_STYLE ('',( #2038 ) ) ;
#2071 = EDGE_CURVE ( 'NONE', #2659, #4004, #2367, .T. ) ;
#2072 = PRESENTATION_STYLE_ASSIGNMENT (( #4616 ) ) ;
#2073 =( NAMED_UNIT ( * ) PLANE_ANGLE_UNIT ( ) SI_UNIT ( $, .RADIAN. ) );
#2074 = AXIS2_PLACEMENT_3D ( 'NONE', #3582, #2039, #1666 ) ;
#2075 = DIRECTION ( 'NONE',  ( 0.000000000000000000, -0.000000000000000000, 1.000000000000000000 ) ) ;
#2076 = EDGE_CURVE ( 'NONE', #666, #881, #2344, .T. ) ;
#2077 = SURFACE_STYLE_USAGE ( .BOTH. , #5373 ) ;
#2078 = ORIENTED_EDGE ( 'NONE', *, *, #4488, .F. ) ;
#2079 = LINE ( 'NONE', #1757, #2419 ) ;
#2080 = EDGE_LOOP ( 'NONE', ( #3657, #5173, #4876, #5013, #3401, #2247 ) ) ;
#2081 = FACE_OUTER_BOUND ( 'NONE', #792, .T. ) ;
#2082 = PLANE ( 'NONE',  #1560 ) ;
#2083 = DIRECTION ( 'NONE',  ( 0.000000000000000000, -0.000000000000000000, 1.000000000000000000 ) ) ;
#2084 = SURFACE_STYLE_FILL_AREA ( #5412 ) ;
#2085 = ORIENTED_EDGE ( 'NONE', *, *, #2821, .T. ) ;
#2086 = ORIENTED_EDGE ( 'NONE', *, *, #5302, .T. ) ;
#2087 = VECTOR ( 'NONE', #2747, 1000.000000000000000 ) ;
#2088 = CARTESIAN_POINT ( 'NONE',  ( 4.997888254729900837, 2.691436619821969689, -5.392093934012517131 ) ) ;
#2089 = PRODUCT ( '3-1462039-1', '3-1462039-1', '', ( #508 ) ) ;
#2090 = COLOUR_RGB ( '',0.8431372549019607865, 0.8431372549019607865, 0.8431372549019607865 ) ;
#2091 =( NAMED_UNIT ( * ) SI_UNIT ( $, .STERADIAN. ) SOLID_ANGLE_UNIT ( ) );
#2092 = ORIENTED_EDGE ( 'NONE', *, *, #223, .F. ) ;
#2093 = VERTEX_POINT ( 'NONE', #4892 ) ;
#2094 =( NAMED_UNIT ( * ) PLANE_ANGLE_UNIT ( ) SI_UNIT ( $, .RADIAN. ) );
#2095 = CARTESIAN_POINT ( 'NONE',  ( -4.698000732276106817, 2.999986676132685659, -5.348000732276106284 ) ) ;
#2096 = PRESENTATION_STYLE_ASSIGNMENT (( #4922 ) ) ;
#2097 = PRESENTATION_STYLE_ASSIGNMENT (( #2324 ) ) ;
#2098 = COLOUR_RGB ( '',0.8431372549019607865, 0.8431372549019607865, 0.8431372549019607865 ) ;
#2099 = DIRECTION ( 'NONE',  ( 1.000000000000000000, 0.000000000000000000, -0.000000000000000000 ) ) ;
#2100 =( LENGTH_UNIT ( ) NAMED_UNIT ( * ) SI_UNIT ( .MILLI., .METRE. ) );
#2101 = DIRECTION ( 'NONE',  ( 0.000000000000000000, -1.000000000000000000, -0.000000000000000000 ) ) ;
#2102 = ADVANCED_FACE ( 'NONE', ( #1489 ), #3518, .F. ) ;
#2103 =( GEOMETRIC_REPRESENTATION_CONTEXT ( 3 ) GLOBAL_UNCERTAINTY_ASSIGNED_CONTEXT ( ( #3531 ) ) GLOBAL_UNIT_ASSIGNED_CONTEXT ( ( #467, #3437, #4724 ) ) REPRESENTATION_CONTEXT ( 'NONE', 'WORKASPACE' ) );
#2104 = DIRECTION ( 'NONE',  ( 0.000000000000000000, -0.9986295347545738332, -0.05233595624294426485 ) ) ;
#2105 = VERTEX_POINT ( 'NONE', #1127 ) ;
#2106 = AXIS2_PLACEMENT_3D ( 'NONE', #1605, #3760, #729 ) ;
#2107 = PLANE ( 'NONE',  #3474 ) ;
#2108 = ORIENTED_EDGE ( 'NONE', *, *, #4163, .F. ) ;
#2109 = ADVANCED_FACE ( 'NONE', ( #2448 ), #3357, .T. ) ;
#2110 = CARTESIAN_POINT ( 'NONE',  ( -4.485878119317072255, 2.700000000000000622, -5.560123345235140846 ) ) ;
#2111 =( NAMED_UNIT ( * ) PLANE_ANGLE_UNIT ( ) SI_UNIT ( $, .RADIAN. ) );
#2112 = PRESENTATION_LAYER_ASSIGNMENT (  '', '', ( #610 ) ) ;
#2113 = UNCERTAINTY_MEASURE_WITH_UNIT (LENGTH_MEASURE( 1.000000000000000082E-05 ), #4539, 'distance_accuracy_value', 'NONE');
#2114 = SURFACE_SIDE_STYLE ('',( #2553 ) ) ;
#2115 = ORIENTED_EDGE ( 'NONE', *, *, #597, .F. ) ;
#2116 = CARTESIAN_POINT ( 'NONE',  ( 3.429999999999999716, 2.000000000000000000, -5.400000000000000355 ) ) ;
#2117 = ORIENTED_EDGE ( 'NONE', *, *, #1790, .F. ) ;
#2118 = EDGE_CURVE ( 'NONE', #213, #2644, #3324, .T. ) ;
#2119 = CARTESIAN_POINT ( 'NONE',  ( 5.000034154799962494, 2.708297151027195149, -5.375233402807292116 ) ) ;
#2120 = FACE_BOUND ( 'NONE', #3958, .T. ) ;
#2121 = CARTESIAN_POINT ( 'NONE',  ( 3.600000000000000533, 3.740000000000000213, 0.000000000000000000 ) ) ;
#2122 = VECTOR ( 'NONE', #525, 1000.000000000000000 ) ;
#2123 = STYLED_ITEM ( 'NONE', ( #3736 ), #3371 ) ;
#2124 = ORIENTED_EDGE ( 'NONE', *, *, #1850, .T. ) ;
#2125 = VERTEX_POINT ( 'NONE', #2482 ) ;
#2126 = SURFACE_STYLE_FILL_AREA ( #410 ) ;
#2127 = AXIS2_PLACEMENT_3D ( 'NONE', #2267, #3011, #2162 ) ;
#2128 =( LENGTH_UNIT ( ) NAMED_UNIT ( * ) SI_UNIT ( .MILLI., .METRE. ) );
#2129 = LINE ( 'NONE', #20, #2628 ) ;
#2130 = CYLINDRICAL_SURFACE ( 'NONE', #819, 0.02999999999999964501 ) ;
#2131 = AXIS2_PLACEMENT_3D ( 'NONE', #2374, #4073, #308 ) ;
#2132 =( LENGTH_UNIT ( ) NAMED_UNIT ( * ) SI_UNIT ( .MILLI., .METRE. ) );
#2133 = CARTESIAN_POINT ( 'NONE',  ( -4.000000000000000000, 2.689999999999999947, -0.2052340201468999814 ) ) ;
#2134 =( NAMED_UNIT ( * ) SI_UNIT ( $, .STERADIAN. ) SOLID_ANGLE_UNIT ( ) );
#2135 = EDGE_LOOP ( 'NONE', ( #647, #1440, #2268, #1091 ) ) ;
#2136 = CARTESIAN_POINT ( 'NONE',  ( 2.800000000000000266, 1.300000000000000266, -1.040000000000000036 ) ) ;
#2137 = ORIENTED_EDGE ( 'NONE', *, *, #4961, .F. ) ;
#2138 = CARTESIAN_POINT ( 'NONE',  ( 1.399999999999999911, -2.540000000000000036, -1.199999999999999956 ) ) ;
#2139 = ADVANCED_FACE ( 'NONE', ( #1635 ), #4949, .T. ) ;
#2140 = CARTESIAN_POINT ( 'NONE',  ( 1.399999999999999911, 2.689999999999999947, -1.199999999999999956 ) ) ;
#2141 = EDGE_LOOP ( 'NONE', ( #5212, #520, #2115, #3196 ) ) ;
#2142 = ORIENTED_EDGE ( 'NONE', *, *, #3350, .T. ) ;
#2143 = AXIS2_PLACEMENT_3D ( 'NONE', #2576, #812, #5402 ) ;
#2144 = LINE ( 'NONE', #41, #444 ) ;
#2145 = DIRECTION ( 'NONE',  ( 0.000000000000000000, -0.8660254037844228314, -0.5000000000000273115 ) ) ;
#2146 = EDGE_CURVE ( 'NONE', #1486, #1566, #385, .T. ) ;
#2147 = ORIENTED_EDGE ( 'NONE', *, *, #3015, .T. ) ;
#2148 = VERTEX_POINT ( 'NONE', #4122 ) ;
#2149 = CARTESIAN_POINT ( 'NONE',  ( 4.700000000000000178, 10.82160000000000011, -5.349999999999999645 ) ) ;
#2150 = MECHANICAL_DESIGN_GEOMETRIC_PRESENTATION_REPRESENTATION (  '', ( #1404 ), #980 ) ;
#2151 = DIRECTION ( 'NONE',  ( 0.000000000000000000, 0.9986295347545723899, -0.05233595624297000815 ) ) ;
#2152 = VECTOR ( 'NONE', #1750, 1000.000000000000000 ) ;
#2153 =( NAMED_UNIT ( * ) SI_UNIT ( $, .STERADIAN. ) SOLID_ANGLE_UNIT ( ) );
#2154 = DIRECTION ( 'NONE',  ( 0.000000000000000000, -0.8660254037844289376, -0.5000000000000167644 ) ) ;
#2155 = LINE ( 'NONE', #3823, #4340 ) ;
#2156 = CARTESIAN_POINT ( 'NONE',  ( -4.000000000000000000, 2.689999999999999947, -1.199999999999999956 ) ) ;
#2157 =( GEOMETRIC_REPRESENTATION_CONTEXT ( 3 ) GLOBAL_UNCERTAINTY_ASSIGNED_CONTEXT ( ( #3484 ) ) GLOBAL_UNIT_ASSIGNED_CONTEXT ( ( #2994, #4148, #2479 ) ) REPRESENTATION_CONTEXT ( 'NONE', 'WORKASPACE' ) );
#2158 =( NAMED_UNIT ( * ) SI_UNIT ( $, .STERADIAN. ) SOLID_ANGLE_UNIT ( ) );
#2159 = CARTESIAN_POINT ( 'NONE',  ( 1.800000000000000266, 2.689999999999999947, -0.2052340201468999814 ) ) ;
#2160 = CIRCLE ( 'NONE', #2414, 0.5500000000000001554 ) ;
#2161 =( NAMED_UNIT ( * ) SI_UNIT ( $, .STERADIAN. ) SOLID_ANGLE_UNIT ( ) );
#2162 = DIRECTION ( 'NONE',  ( 1.000000000000000000, 0.000000000000000000, 0.000000000000000000 ) ) ;
#2163 = DIRECTION ( 'NONE',  ( 0.000000000000000000, -0.5000000000000167644, 0.8660254037844289376 ) ) ;
#2164 = UNCERTAINTY_MEASURE_WITH_UNIT (LENGTH_MEASURE( 1.000000000000000082E-05 ), #3030, 'distance_accuracy_value', 'NONE');
#2165 = DIRECTION ( 'NONE',  ( 0.000000000000000000, -0.9986295347545738332, -0.05233595624294426485 ) ) ;
#2166 = EDGE_LOOP ( 'NONE', ( #3450, #3285, #3014 ) ) ;
#2167 = DIRECTION ( 'NONE',  ( 0.000000000000000000, -1.000000000000000000, -0.000000000000000000 ) ) ;
#2168 = EDGE_LOOP ( 'NONE', ( #796, #1448, #874 ) ) ;
#2169 =( NAMED_UNIT ( * ) SI_UNIT ( $, .STERADIAN. ) SOLID_ANGLE_UNIT ( ) );
#2170 = CARTESIAN_POINT ( 'NONE',  ( -4.000000000000000000, 2.540000000000000036, -1.000000000000000000 ) ) ;
#2171 = CARTESIAN_POINT ( 'NONE',  ( -4.469999999999999751, 0.6445517328096097565, -0.2499999999999824307 ) ) ;
#2172 = SURFACE_STYLE_FILL_AREA ( #3888 ) ;
#2173 = ORIENTED_EDGE ( 'NONE', *, *, #4962, .T. ) ;
#2174 = EDGE_LOOP ( 'NONE', ( #4982, #2919, #3129, #689 ) ) ;
#2175 = FILL_AREA_STYLE_COLOUR ( '', #1411 ) ;
#2176 = LINE ( 'NONE', #4719, #3680 ) ;
#2177 = EDGE_CURVE ( 'NONE', #5112, #4968, #5170, .T. ) ;
#2178 = CARTESIAN_POINT ( 'NONE',  ( -4.730000000000000426, 2.700000000000000178, -1.000000000000000000 ) ) ;
#2179 = DIRECTION ( 'NONE',  ( -1.000000000000000000, 0.000000000000000000, -0.000000000000000000 ) ) ;
#2180 = CARTESIAN_POINT ( 'NONE',  ( -2.850000000000000089, -1.300000000000000266, -1.199999999999999956 ) ) ;
#2181 = EDGE_CURVE ( 'NONE', #4576, #3294, #4750, .T. ) ;
#2182 = LINE ( 'NONE', #1814, #2386 ) ;
#2183 = VECTOR ( 'NONE', #1453, 1000.000000000000000 ) ;
#2184 = FACE_OUTER_BOUND ( 'NONE', #1470, .T. ) ;
#2185 = FACE_OUTER_BOUND ( 'NONE', #1964, .T. ) ;
#2186 = VECTOR ( 'NONE', #2685, 1000.000000000000114 ) ;
#2187 = LINE ( 'NONE', #615, #1085 ) ;
#2188 = PRESENTATION_LAYER_ASSIGNMENT (  '', '', ( #5176 ) ) ;
#2189 =( LENGTH_UNIT ( ) NAMED_UNIT ( * ) SI_UNIT ( .MILLI., .METRE. ) );
#2190 = VERTEX_POINT ( 'NONE', #2618 ) ;
#2191 = ORIENTED_EDGE ( 'NONE', *, *, #2048, .F. ) ;
#2192 = ORIENTED_EDGE ( 'NONE', *, *, #4346, .T. ) ;
#2193 = COLOUR_RGB ( '',0.9803921568627450567, 0.9411764705882352811, 0.7843137254901960675 ) ;
#2194 = SURFACE_SIDE_STYLE ('',( #598 ) ) ;
#2195 = LINE ( 'NONE', #2121, #421 ) ;
#2196 = EDGE_LOOP ( 'NONE', ( #1478, #927, #4277, #1615, #3769, #5019 ) ) ;
#2197 = CARTESIAN_POINT ( 'NONE',  ( 2.879999999999999893, 1.200000000000000178, -5.650000000000000355 ) ) ;
#2198 = EDGE_LOOP ( 'NONE', ( #1824, #4030, #1534, #912 ) ) ;
#2199 = DIRECTION ( 'NONE',  ( -1.000000000000000000, 0.000000000000000000, 0.000000000000000000 ) ) ;
#2200 =( GEOMETRIC_REPRESENTATION_CONTEXT ( 3 ) GLOBAL_UNCERTAINTY_ASSIGNED_CONTEXT ( ( #3977 ) ) GLOBAL_UNIT_ASSIGNED_CONTEXT ( ( #4020, #2246, #3070 ) ) REPRESENTATION_CONTEXT ( 'NONE', 'WORKASPACE' ) );
#2201 = SURFACE_SIDE_STYLE ('',( #438 ) ) ;
#2202 = ADVANCED_FACE ( 'NONE', ( #5116 ), #1780, .T. ) ;
#2203 = STYLED_ITEM ( 'NONE', ( #270 ), #4654 ) ;
#2204 = VECTOR ( 'NONE', #1619, 1000.000000000000000 ) ;
#2205 = CARTESIAN_POINT ( 'NONE',  ( 4.995803989154990354, 2.700000000000000178, -5.399999999999999467 ) ) ;
#2206 = FILL_AREA_STYLE_COLOUR ( '', #2032 ) ;
#2207 = AXIS2_PLACEMENT_3D ( 'NONE', #1871, #2986, #3553 ) ;
#2208 = COLOUR_RGB ( '',0.9803921568627450567, 0.9411764705882352811, 0.7843137254901960675 ) ;
#2209 = ADVANCED_FACE ( 'NONE', ( #970 ), #3895, .T. ) ;
#2210 = EDGE_CURVE ( 'NONE', #2611, #2992, #3086, .T. ) ;
#2211 = SURFACE_SIDE_STYLE ('',( #146 ) ) ;
#2212 = AXIS2_PLACEMENT_3D ( 'NONE', #629, #3599, #3667 ) ;
#2213 = SHAPE_DEFINITION_REPRESENTATION ( #1948, #32 ) ;
#2214 = DIRECTION ( 'NONE',  ( 1.000000000000000000, -0.000000000000000000, 0.000000000000000000 ) ) ;
#2215 = EDGE_CURVE ( 'NONE', #3804, #3781, #5085, .T. ) ;
#2216 = FACE_OUTER_BOUND ( 'NONE', #4418, .T. ) ;
#2217 = UNCERTAINTY_MEASURE_WITH_UNIT (LENGTH_MEASURE( 1.000000000000000082E-05 ), #1731, 'distance_accuracy_value', 'NONE');
#2218 = FILL_AREA_STYLE ('',( #3803 ) ) ;
#2219 = ORIENTED_EDGE ( 'NONE', *, *, #1016, .T. ) ;
#2220 = SURFACE_STYLE_USAGE ( .BOTH. , #904 ) ;
#2221 = ORIENTED_EDGE ( 'NONE', *, *, #319, .T. ) ;
#2222 = DIRECTION ( 'NONE',  ( 0.000000000000000000, -0.05233595624000127872, -0.9986295347547280432 ) ) ;
#2223 = SURFACE_STYLE_USAGE ( .BOTH. , #4300 ) ;
#2224 = UNCERTAINTY_MEASURE_WITH_UNIT (LENGTH_MEASURE( 1.000000000000000082E-05 ), #1088, 'distance_accuracy_value', 'NONE');
#2225 = ORIENTED_EDGE ( 'NONE', *, *, #5270, .T. ) ;
#2226 = CIRCLE ( 'NONE', #2143, 0.3000000000000001554 ) ;
#2227 =( NAMED_UNIT ( * ) PLANE_ANGLE_UNIT ( ) SI_UNIT ( $, .RADIAN. ) );
#2228 = ORIENTED_EDGE ( 'NONE', *, *, #1427, .T. ) ;
#2229 = LINE ( 'NONE', #138, #1471 ) ;
#2230 = VECTOR ( 'NONE', #1697, 1000.000000000000000 ) ;
#2231 = SURFACE_SIDE_STYLE ('',( #5149 ) ) ;
#2232 = PLANE ( 'NONE',  #320 ) ;
#2233 = MECHANICAL_DESIGN_GEOMETRIC_PRESENTATION_REPRESENTATION (  '', ( #1143 ), #3805 ) ;
#2234 = CARTESIAN_POINT ( 'NONE',  ( 0.000000000000000000, -1.300000000000000266, -1.199999999999999956 ) ) ;
#2235 = CARTESIAN_POINT ( 'NONE',  ( 4.700000000000000178, -2.700000000000000178, -1.000000000000000000 ) ) ;
#2236 = ADVANCED_FACE ( 'NONE', ( #1808 ), #889, .F. ) ;
#2237 = AXIS2_PLACEMENT_3D ( 'NONE', #4896, #2857, #1109 ) ;
#2238 =( LENGTH_UNIT ( ) NAMED_UNIT ( * ) SI_UNIT ( .MILLI., .METRE. ) );
#2239 =( LENGTH_UNIT ( ) NAMED_UNIT ( * ) SI_UNIT ( .MILLI., .METRE. ) );
#2240 = LINE ( 'NONE', #4350, #310 ) ;
#2241 = PRESENTATION_LAYER_ASSIGNMENT (  '', '', ( #2066 ) ) ;
#2242 = EDGE_CURVE ( 'NONE', #3345, #4182, #248, .T. ) ;
#2243 = CARTESIAN_POINT ( 'NONE',  ( 1.800000000000000266, 0.000000000000000000, -1.199999999999999956 ) ) ;
#2244 = VECTOR ( 'NONE', #5410, 1000.000000000000000 ) ;
#2245 = PLANE ( 'NONE',  #46 ) ;
#2246 =( NAMED_UNIT ( * ) PLANE_ANGLE_UNIT ( ) SI_UNIT ( $, .RADIAN. ) );
#2247 = ORIENTED_EDGE ( 'NONE', *, *, #4647, .T. ) ;
#2248 = ORIENTED_EDGE ( 'NONE', *, *, #4394, .F. ) ;
#2249 = ORIENTED_EDGE ( 'NONE', *, *, #4287, .F. ) ;
#2250 = PRESENTATION_LAYER_ASSIGNMENT (  '', '', ( #4171 ) ) ;
#2251 = LINE ( 'NONE', #1357, #891 ) ;
#2252 = ORIENTED_EDGE ( 'NONE', *, *, #2118, .T. ) ;
#2253 =( NAMED_UNIT ( * ) SI_UNIT ( $, .STERADIAN. ) SOLID_ANGLE_UNIT ( ) );
#2254 = ORIENTED_EDGE ( 'NONE', *, *, #1006, .T. ) ;
#2255 = DIRECTION ( 'NONE',  ( -1.000000000000000000, -0.000000000000000000, -0.000000000000000000 ) ) ;
#2256 = DIRECTION ( 'NONE',  ( 0.000000000000000000, 0.000000000000000000, 1.000000000000000000 ) ) ;
#2257 = DIRECTION ( 'NONE',  ( 0.000000000000000000, 0.000000000000000000, -1.000000000000000000 ) ) ;
#2258 = FACE_OUTER_BOUND ( 'NONE', #2691, .T. ) ;
#2259 = DIRECTION ( 'NONE',  ( -0.000000000000000000, 1.000000000000000000, 0.000000000000000000 ) ) ;
#2260 = CARTESIAN_POINT ( 'NONE',  ( 2.879999999999999893, 1.200000000000000178, -5.400000000000000355 ) ) ;
#2261 = FILL_AREA_STYLE_COLOUR ( '', #182 ) ;
#2262 = PRESENTATION_STYLE_ASSIGNMENT (( #368 ) ) ;
#2263 = AXIS2_PLACEMENT_3D ( 'NONE', #4776, #676, #2257 ) ;
#2264 = CARTESIAN_POINT ( 'NONE',  ( 1.850000000000000089, 1.300000000000000266, -0.6284232335023000049 ) ) ;
#2265 = ADVANCED_FACE ( 'NONE', ( #4448 ), #1547, .T. ) ;
#2266 =( NAMED_UNIT ( * ) SI_UNIT ( $, .STERADIAN. ) SOLID_ANGLE_UNIT ( ) );
#2267 = CARTESIAN_POINT ( 'NONE',  ( 4.700000000000000178, 2.700000000000000178, -1.199999999999999956 ) ) ;
#2268 = ORIENTED_EDGE ( 'NONE', *, *, #388, .T. ) ;
#2270 = EDGE_LOOP ( 'NONE', ( #2936, #4936, #300, #3397 ) ) ;
#2269 = EDGE_CURVE ( 'NONE', #1822, #986, #3569, .T. ) ;
#2271 = AXIS2_PLACEMENT_3D ( 'NONE', #4319, #4370, #2083 ) ;
#2272 = ORIENTED_EDGE ( 'NONE', *, *, #1132, .T. ) ;
#2273 = SURFACE_STYLE_USAGE ( .BOTH. , #2194 ) ;
#2274 = MECHANICAL_DESIGN_GEOMETRIC_PRESENTATION_REPRESENTATION (  '', ( #3934 ), #3666 ) ;
#2275 = DIRECTION ( 'NONE',  ( -0.000000000000000000, -1.000000000000000000, -0.000000000000000000 ) ) ;
#2276 = PLANE ( 'NONE',  #4292 ) ;
#2277 = ORIENTED_EDGE ( 'NONE', *, *, #3048, .F. ) ;
#2278 = ADVANCED_FACE ( 'NONE', ( #192 ), #1858, .T. ) ;
#2279 = LINE ( 'NONE', #625, #1589 ) ;
#2280 = VERTEX_POINT ( 'NONE', #1594 ) ;
#2281 = MECHANICAL_DESIGN_GEOMETRIC_PRESENTATION_REPRESENTATION (  '', ( #2976 ), #1650 ) ;
#2282 =( NAMED_UNIT ( * ) SI_UNIT ( $, .STERADIAN. ) SOLID_ANGLE_UNIT ( ) );
#2283 =( NAMED_UNIT ( * ) SI_UNIT ( $, .STERADIAN. ) SOLID_ANGLE_UNIT ( ) );
#2284 = CARTESIAN_POINT ( 'NONE',  ( 4.823189846542529580, -3.001655327279210805, -5.473189846542529935 ) ) ;
#2285 =( LENGTH_UNIT ( ) NAMED_UNIT ( * ) SI_UNIT ( .MILLI., .METRE. ) );
#2286 = EDGE_LOOP ( 'NONE', ( #3564, #3198, #403, #4275 ) ) ;
#2287 = PLANE ( 'NONE',  #3468 ) ;
#2288 =( LENGTH_UNIT ( ) NAMED_UNIT ( * ) SI_UNIT ( .MILLI., .METRE. ) );
#2289 = COLOUR_RGB ( '',0.8431372549019607865, 0.8431372549019607865, 0.8431372549019607865 ) ;
#2290 = VECTOR ( 'NONE', #1804, 1000.000000000000000 ) ;
#2291 =( LENGTH_UNIT ( ) NAMED_UNIT ( * ) SI_UNIT ( .MILLI., .METRE. ) );
#2292 = VECTOR ( 'NONE', #5364, 1000.000000000000227 ) ;
#2293 = CIRCLE ( 'NONE', #2127, 0.02999999999999964501 ) ;
#2294 = LINE ( 'NONE', #1870, #1333 ) ;
#2295 = DIRECTION ( 'NONE',  ( -0.000000000000000000, 0.000000000000000000, -1.000000000000000000 ) ) ;
#2296 = DIRECTION ( 'NONE',  ( -1.000000000000000000, 0.000000000000000000, 0.000000000000000000 ) ) ;
#2297 = DIRECTION ( 'NONE',  ( 0.000000000000000000, 0.000000000000000000, 1.000000000000000000 ) ) ;
#2298 = CARTESIAN_POINT ( 'NONE',  ( 1.800000000000000266, -3.747850393435999905, -0.1497944302131999916 ) ) ;
#2299 = PRESENTATION_LAYER_ASSIGNMENT (  '', '', ( #360 ) ) ;
#2300 = EDGE_LOOP ( 'NONE', ( #1337, #1579, #5052, #4266, #4355, #4694 ) ) ;
#2301 = VECTOR ( 'NONE', #1029, 1000.000000000000114 ) ;
#2302 =( NAMED_UNIT ( * ) PLANE_ANGLE_UNIT ( ) SI_UNIT ( $, .RADIAN. ) );
#2303 = ORIENTED_EDGE ( 'NONE', *, *, #1436, .F. ) ;
#2304 = CARTESIAN_POINT ( 'NONE',  ( 1.399999999999999911, -2.689999999999999503, -0.2052340201468943748 ) ) ;
#2305 = ADVANCED_FACE ( 'NONE', ( #4059 ), #2818, .T. ) ;
#2306 = ORIENTED_EDGE ( 'NONE', *, *, #3581, .T. ) ;
#2307 = CARTESIAN_POINT ( 'NONE',  ( -3.600000000000000533, -2.540000000000000036, -0.06288933513964997668 ) ) ;
#2308 = ORIENTED_EDGE ( 'NONE', *, *, #5029, .F. ) ;
#2309 = DIRECTION ( 'NONE',  ( 0.7071067811865474617, 0.000000000000000000, -0.7071067811865474617 ) ) ;
#2310 = SURFACE_SIDE_STYLE ('',( #1919 ) ) ;
#2311 = ADVANCED_FACE ( 'NONE', ( #1628 ), #2000, .F. ) ;
#2312 =( NAMED_UNIT ( * ) SI_UNIT ( $, .STERADIAN. ) SOLID_ANGLE_UNIT ( ) );
#2313 = MECHANICAL_DESIGN_GEOMETRIC_PRESENTATION_REPRESENTATION (  '', ( #366 ), #1065 ) ;
#2314 =( BOUNDED_SURFACE ( )  B_SPLINE_SURFACE ( 3, 3, ( 
 ( #1648, #1225, #3254, #1188 ),
 ( #4515, #1678, #4937, #2921 ),
 ( #2893, #1990, #4570, #793 ),
 ( #1250, #2492, #1138, #2110 ) ),
 .UNSPECIFIED., .F., .F., .T. ) 
 B_SPLINE_SURFACE_WITH_KNOTS ( ( 4, 4 ),
 ( 4, 4 ),
 ( 0.000000000000000000, 1.000000000000000000 ),
 ( 0.000000000000000000, 1.000000000000000000 ),
 .UNSPECIFIED. ) 
 GEOMETRIC_REPRESENTATION_ITEM ( )  RATIONAL_B_SPLINE_SURFACE ( (
 ( 1.000000000000000000, 0.8047378541243656036, 0.8047378541243656036, 1.000000000000000000),
 ( 0.8025111867385925635, 0.6458111303268130321, 0.6458111303268130321, 0.8025111867385925635),
 ( 0.8025111867385925635, 0.6458111303268130321, 0.6458111303268130321, 0.8025111867385925635),
 ( 1.000000000000000000, 0.8047378541243656036, 0.8047378541243656036, 1.000000000000000000) ) ) 
 REPRESENTATION_ITEM ( '' )  SURFACE ( )  );
#2315 = ORIENTED_EDGE ( 'NONE', *, *, #4523, .F. ) ;
#2316 = SURFACE_STYLE_FILL_AREA ( #1322 ) ;
#2317 = COLOUR_RGB ( '',0.9803921568627450567, 0.9411764705882352811, 0.7843137254901960675 ) ;
#2318 = CARTESIAN_POINT ( 'NONE',  ( -4.000000000000000000, -2.540000000000000036, -0.06288933513965000444 ) ) ;
#2319 = PRESENTATION_LAYER_ASSIGNMENT (  '', '', ( #564 ) ) ;
#2320 = VECTOR ( 'NONE', #2766, 1000.000000000000000 ) ;
#2321 = DIRECTION ( 'NONE',  ( 0.000000000000000000, -0.000000000000000000, 1.000000000000000000 ) ) ;
#2322 =( NAMED_UNIT ( * ) PLANE_ANGLE_UNIT ( ) SI_UNIT ( $, .RADIAN. ) );
#2323 = SURFACE_STYLE_FILL_AREA ( #1035 ) ;
#2324 = SURFACE_STYLE_USAGE ( .BOTH. , #3676 ) ;
#2325 = UNCERTAINTY_MEASURE_WITH_UNIT (LENGTH_MEASURE( 1.000000000000000082E-05 ), #5189, 'distance_accuracy_value', 'NONE');
#2326 = ORIENTED_EDGE ( 'NONE', *, *, #1998, .T. ) ;
#2327 = CARTESIAN_POINT ( 'NONE',  ( 1.800000000000000266, 2.689999999999999947, -1.199999999999999956 ) ) ;
#2328 = ORIENTED_EDGE ( 'NONE', *, *, #2347, .F. ) ;
#2329 = CARTESIAN_POINT ( 'NONE',  ( 2.079999999999998295, 2.700000000000000178, -5.349999999999999645 ) ) ;
#2330 = SURFACE_STYLE_FILL_AREA ( #181 ) ;
#2331 = UNCERTAINTY_MEASURE_WITH_UNIT (LENGTH_MEASURE( 1.000000000000000082E-05 ), #2874, 'distance_accuracy_value', 'NONE');
#2332 = PLANE ( 'NONE',  #767 ) ;
#2333 = ORIENTED_EDGE ( 'NONE', *, *, #1213, .T. ) ;
#2334 =( NAMED_UNIT ( * ) SI_UNIT ( $, .STERADIAN. ) SOLID_ANGLE_UNIT ( ) );
#2335 = VERTEX_POINT ( 'NONE', #133 ) ;
#2336 = EDGE_CURVE ( 'NONE', #5301, #337, #433, .T. ) ;
#2337 = DIRECTION ( 'NONE',  ( -0.000000000000000000, -0.000000000000000000, 1.000000000000000000 ) ) ;
#2338 =( NAMED_UNIT ( * ) PLANE_ANGLE_UNIT ( ) SI_UNIT ( $, .RADIAN. ) );
#2339 = PRESENTATION_STYLE_ASSIGNMENT (( #4450 ) ) ;
#2340 = EDGE_CURVE ( 'NONE', #1164, #244, #2195, .T. ) ;
#2341 =( NAMED_UNIT ( * ) PLANE_ANGLE_UNIT ( ) SI_UNIT ( $, .RADIAN. ) );
#2342 = DIRECTION ( 'NONE',  ( 0.000000000000000000, 0.000000000000000000, -1.000000000000000000 ) ) ;
#2343 =( BOUNDED_SURFACE ( )  B_SPLINE_SURFACE ( 3, 3, ( 
 ( #4142, #2060, #1199, #2900 ),
 ( #1257, #3664, #4524, #1592 ),
 ( #4500, #2119, #798, #2088 ),
 ( #2438, #4112, #341, #4088 ) ),
 .UNSPECIFIED., .F., .F., .T. ) 
 B_SPLINE_SURFACE_WITH_KNOTS ( ( 4, 4 ),
 ( 4, 4 ),
 ( 0.000000000000000000, 1.000000000000000000 ),
 ( 0.000000000000000000, 1.000000000000000000 ),
 .UNSPECIFIED. ) 
 GEOMETRIC_REPRESENTATION_ITEM ( )  RATIONAL_B_SPLINE_SURFACE ( (
 ( 1.000000000000000000, 0.9988069013931291096, 0.9988069013931291096, 1.000000000000000000),
 ( 0.9951739244280182195, 0.9939865838051888947, 0.9939865838051888947, 0.9951739244280182195),
 ( 0.9951739244280182195, 0.9939865838051888947, 0.9939865838051888947, 0.9951739244280182195),
 ( 1.000000000000000000, 0.9988069013931291096, 0.9988069013931291096, 1.000000000000000000) ) ) 
 REPRESENTATION_ITEM ( '' )  SURFACE ( )  );
#2344 = LINE ( 'NONE', #1105, #1173 ) ;
#2345 = CARTESIAN_POINT ( 'NONE',  ( 1.399999999999999911, 3.740000000000000213, 0.000000000000000000 ) ) ;
#2346 = CARTESIAN_POINT ( 'NONE',  ( -4.700000000000000178, -2.912132034355965793, -5.562132034355966148 ) ) ;
#2347 = EDGE_CURVE ( 'NONE', #2554, #3115, #3496, .T. ) ;
#2348 = DIRECTION ( 'NONE',  ( -1.000000000000000000, 0.000000000000000000, -0.000000000000000000 ) ) ;
#2349 = CARTESIAN_POINT ( 'NONE',  ( -0.3999999999999999667, -2.540000000000000036, -0.06288933513965000444 ) ) ;
#2350 = DIRECTION ( 'NONE',  ( -0.000000000000000000, 1.000000000000000000, 0.000000000000000000 ) ) ;
#2351 = EDGE_LOOP ( 'NONE', ( #4032, #5194, #2890, #2117 ) ) ;
#2352 = PLANE ( 'NONE',  #1513 ) ;
#2353 =( GEOMETRIC_REPRESENTATION_CONTEXT ( 3 ) GLOBAL_UNCERTAINTY_ASSIGNED_CONTEXT ( ( #2658 ) ) GLOBAL_UNIT_ASSIGNED_CONTEXT ( ( #2536, #4556, #4174 ) ) REPRESENTATION_CONTEXT ( 'NONE', 'WORKASPACE' ) );
#2354 = LINE ( 'NONE', #963, #840 ) ;
#2355 = STYLED_ITEM ( 'NONE', ( #2062 ), #2278 ) ;
#2356 = CARTESIAN_POINT ( 'NONE',  ( -0.8000000000000000444, -2.689999999999999947, -0.2052340201469000092 ) ) ;
#2357 = VERTEX_POINT ( 'NONE', #547 ) ;
#2358 = LINE ( 'NONE', #4362, #3019 ) ;
#2359 = DIRECTION ( 'NONE',  ( -1.000000000000000000, 0.000000000000000000, 0.000000000000000000 ) ) ;
#2360 = SURFACE_SIDE_STYLE ('',( #3624 ) ) ;
#2361 = FACE_OUTER_BOUND ( 'NONE', #5184, .T. ) ;
#2362 = VECTOR ( 'NONE', #4699, 1000.000000000000227 ) ;
#2363 = VERTEX_POINT ( 'NONE', #2530 ) ;
#2364 = LINE ( 'NONE', #1978, #3993 ) ;
#2365 =( LENGTH_UNIT ( ) NAMED_UNIT ( * ) SI_UNIT ( .MILLI., .METRE. ) );
#2366 = COLOUR_RGB ( '',0.9803921568627450567, 0.9411764705882352811, 0.7843137254901960675 ) ;
#2367 = LINE ( 'NONE', #3215, #504 ) ;
#2368 = EDGE_CURVE ( 'NONE', #1077, #4598, #519, .T. ) ;
#2369 = SURFACE_SIDE_STYLE ('',( #660 ) ) ;
#2370 = CARTESIAN_POINT ( 'NONE',  ( -4.876705599558065707, -2.609887319042355713, -5.686492374042708242 ) ) ;
#2371 =( GEOMETRIC_REPRESENTATION_CONTEXT ( 3 ) GLOBAL_UNCERTAINTY_ASSIGNED_CONTEXT ( ( #1586 ) ) GLOBAL_UNIT_ASSIGNED_CONTEXT ( ( #4657, #4264, #926 ) ) REPRESENTATION_CONTEXT ( 'NONE', 'WORKASPACE' ) );
#2372 =( LENGTH_UNIT ( ) NAMED_UNIT ( * ) SI_UNIT ( .MILLI., .METRE. ) );
#2373 = B_SPLINE_CURVE_WITH_KNOTS ( 'NONE', 3,
 ( #2205, #1784, #3441, #3470 ),
 .UNSPECIFIED., .F., .F.,
 ( 4, 4 ),
 ( 2.168404344971008868E-18, 5.000491119955956275E-05 ),
 .UNSPECIFIED. ) ;
#2374 = CARTESIAN_POINT ( 'NONE',  ( 1.850000000000000089, 1.300000000000000266, -1.199999999999999956 ) ) ;
#2375 = MECHANICAL_DESIGN_GEOMETRIC_PRESENTATION_REPRESENTATION (  '', ( #5008 ), #620 ) ;
#2376 = EDGE_CURVE ( 'NONE', #817, #3693, #4663, .T. ) ;
#2377 = DIRECTION ( 'NONE',  ( 0.000000000000000000, -0.9986295347545738332, 0.05233595624294426485 ) ) ;
#2378 = PRESENTATION_STYLE_ASSIGNMENT (( #4436 ) ) ;
#2379 = VERTEX_POINT ( 'NONE', #458 ) ;
#2380 = VERTEX_POINT ( 'NONE', #4713 ) ;
#2381 = MECHANICAL_DESIGN_GEOMETRIC_PRESENTATION_REPRESENTATION (  '', ( #1940 ), #3686 ) ;
#2382 = LINE ( 'NONE', #644, #3983 ) ;
#2383 = EDGE_CURVE ( 'NONE', #208, #3266, #106, .T. ) ;
#2384 = SURFACE_STYLE_FILL_AREA ( #2737 ) ;
#2385 = STYLED_ITEM ( 'NONE', ( #768 ), #4784 ) ;
#2386 = VECTOR ( 'NONE', #3005, 1000.000000000000000 ) ;
#2387 = UNCERTAINTY_MEASURE_WITH_UNIT (LENGTH_MEASURE( 1.000000000000000082E-05 ), #134, 'distance_accuracy_value', 'NONE');
#2388 = PLANE ( 'NONE',  #265 ) ;
#2389 = EDGE_LOOP ( 'NONE', ( #3131, #5327, #2815, #2408 ) ) ;
#2390 = ORIENTED_EDGE ( 'NONE', *, *, #1192, .F. ) ;
#2391 = UNCERTAINTY_MEASURE_WITH_UNIT (LENGTH_MEASURE( 1.000000000000000082E-05 ), #4103, 'distance_accuracy_value', 'NONE');
#2392 = EDGE_LOOP ( 'NONE', ( #857, #3451, #679, #107 ) ) ;
#2393 = DIRECTION ( 'NONE',  ( 0.000000000000000000, 1.000000000000000000, 0.000000000000000000 ) ) ;
#2394 = CARTESIAN_POINT ( 'NONE',  ( 2.080000000000000071, 2.000000000000000000, -5.650000000000000355 ) ) ;
#2395 = PRESENTATION_STYLE_ASSIGNMENT (( #3607 ) ) ;
#2396 = CIRCLE ( 'NONE', #3010, 0.2999999999999999334 ) ;
#2397 = EDGE_CURVE ( 'NONE', #4567, #5301, #1685, .T. ) ;
#2398 = COLOUR_RGB ( '',0.9803921568627450567, 0.9411764705882352811, 0.7843137254901960675 ) ;
#2399 =( NAMED_UNIT ( * ) PLANE_ANGLE_UNIT ( ) SI_UNIT ( $, .RADIAN. ) );
#2400 = CARTESIAN_POINT ( 'NONE',  ( -0.8000000000000000444, -2.540000000000000036, -0.06288933513964997668 ) ) ;
#2401 = FILL_AREA_STYLE ('',( #3614 ) ) ;
#2402 = DIRECTION ( 'NONE',  ( -0.000000000000000000, -0.000000000000000000, -1.000000000000000000 ) ) ;
#2403 = VERTEX_POINT ( 'NONE', #1259 ) ;
#2404 = EDGE_CURVE ( 'NONE', #4104, #5349, #908, .T. ) ;
#2405 = STYLED_ITEM ( 'NONE', ( #4834 ), #1373 ) ;
#2406 = CARTESIAN_POINT ( 'NONE',  ( -0.8000000000000000444, -2.540000000000000036, -1.000000000000000000 ) ) ;
#2407 = CARTESIAN_POINT ( 'NONE',  ( 3.600000000000000533, -3.747850393436220617, -0.1497944302131884176 ) ) ;
#2408 = ORIENTED_EDGE ( 'NONE', *, *, #1436, .T. ) ;
#2409 = SURFACE_SIDE_STYLE ('',( #719 ) ) ;
#2410 = VERTEX_POINT ( 'NONE', #3047 ) ;
#2411 = LINE ( 'NONE', #4578, #5102 ) ;
#2412 = SURFACE_SIDE_STYLE ('',( #295 ) ) ;
#2413 = COLOUR_RGB ( '',0.9803921568627450567, 0.9411764705882352811, 0.7843137254901960675 ) ;
#2414 = AXIS2_PLACEMENT_3D ( 'NONE', #4537, #2834, #2018 ) ;
#2415 = ORIENTED_EDGE ( 'NONE', *, *, #393, .F. ) ;
#2416 = LINE ( 'NONE', #1952, #898 ) ;
#2417 = LINE ( 'NONE', #3135, #2301 ) ;
#2418 = STYLED_ITEM ( 'NONE', ( #594 ), #1718 ) ;
#2419 = VECTOR ( 'NONE', #4676, 1000.000000000000000 ) ;
#2420 = DIRECTION ( 'NONE',  ( 1.000000000000000000, 0.000000000000000000, 0.000000000000000000 ) ) ;
#2421 = DIRECTION ( 'NONE',  ( -0.000000000000000000, 1.000000000000000000, 0.000000000000000000 ) ) ;
#2422 = SURFACE_STYLE_USAGE ( .BOTH. , #3610 ) ;
#2423 = CARTESIAN_POINT ( 'NONE',  ( -4.000000000000000000, -2.540000000000000036, -0.06288933513964997668 ) ) ;
#2424 = SURFACE_STYLE_FILL_AREA ( #1040 ) ;
#2425 = EDGE_LOOP ( 'NONE', ( #4249, #2681, #4959, #1456, #1135, #5159 ) ) ;
#2426 = DIRECTION ( 'NONE',  ( 0.000000000000000000, -1.000000000000000000, 0.000000000000000000 ) ) ;
#2427 = VERTEX_POINT ( 'NONE', #3809 ) ;
#2428 = PRESENTATION_LAYER_ASSIGNMENT (  '', '', ( #4704 ) ) ;
#2429 = DIRECTION ( 'NONE',  ( 0.000000000000000000, 0.000000000000000000, 1.000000000000000000 ) ) ;
#2430 = CARTESIAN_POINT ( 'NONE',  ( 4.698000732276106817, -2.999986676132685659, -5.348000732276106284 ) ) ;
#2431 = EDGE_CURVE ( 'NONE', #4335, #2427, #3223, .T. ) ;
#2432 = UNCERTAINTY_MEASURE_WITH_UNIT (LENGTH_MEASURE( 1.000000000000000082E-05 ), #2513, 'distance_accuracy_value', 'NONE');
#2433 = CARTESIAN_POINT ( 'NONE',  ( 3.600000000000000533, -3.747850393435999905, -0.1497944302131999916 ) ) ;
#2434 = ORIENTED_EDGE ( 'NONE', *, *, #1396, .T. ) ;
#2435 = PRESENTATION_LAYER_ASSIGNMENT (  '', '', ( #836 ) ) ;
#2436 = CARTESIAN_POINT ( 'NONE',  ( 2.850000000000000089, -2.290000000000000036, -1.199999999999999956 ) ) ;
#2437 = ORIENTED_EDGE ( 'NONE', *, *, #1684, .F. ) ;
#2438 = CARTESIAN_POINT ( 'NONE',  ( 4.999999694273765449, 2.699697150493695741, -5.349697150493651243 ) ) ;
#2439 = FILL_AREA_STYLE_COLOUR ( '', #1689 ) ;
#2440 = ADVANCED_FACE ( 'NONE', ( #44 ), #5078, .T. ) ;
#2441 = SURFACE_SIDE_STYLE ('',( #747 ) ) ;
#2442 = DIRECTION ( 'NONE',  ( -0.000000000000000000, -0.000000000000000000, 1.000000000000000000 ) ) ;
#2443 = ORIENTED_EDGE ( 'NONE', *, *, #1819, .T. ) ;
#2444 = STYLED_ITEM ( 'NONE', ( #4572 ), #2550 ) ;
#2445 = PLANE ( 'NONE',  #1702 ) ;
#2446 = FACE_OUTER_BOUND ( 'NONE', #2286, .T. ) ;
#2447 =( LENGTH_UNIT ( ) NAMED_UNIT ( * ) SI_UNIT ( .MILLI., .METRE. ) );
#2448 = FACE_OUTER_BOUND ( 'NONE', #548, .T. ) ;
#2449 = ADVANCED_FACE ( 'NONE', ( #2610 ), #4273, .F. ) ;
#2450 = AXIS2_PLACEMENT_3D ( 'NONE', #780, #1241, #1158 ) ;
#2451 = CARTESIAN_POINT ( 'NONE',  ( 4.469999999999876295, 2.290000000000000036, -1.200000000000214673 ) ) ;
#2452 = PRESENTATION_STYLE_ASSIGNMENT (( #1722 ) ) ;
#2453 = SURFACE_STYLE_FILL_AREA ( #754 ) ;
#2454 = LINE ( 'NONE', #869, #782 ) ;
#2455 = AXIS2_PLACEMENT_3D ( 'NONE', #5049, #854, #4222 ) ;
#2456 = STYLED_ITEM ( 'NONE', ( #1050 ), #3008 ) ;
#2457 = LINE ( 'NONE', #1959, #2462 ) ;
#2458 = ORIENTED_EDGE ( 'NONE', *, *, #4423, .T. ) ;
#2459 = CARTESIAN_POINT ( 'NONE',  ( -0.8000000000000000444, 3.740000000000000213, 0.000000000000000000 ) ) ;
#2460 = ORIENTED_EDGE ( 'NONE', *, *, #1654, .T. ) ;
#2461 = VECTOR ( 'NONE', #4232, 1000.000000000000227 ) ;
#2462 = VECTOR ( 'NONE', #688, 1000.000000000000114 ) ;
#2463 = FILL_AREA_STYLE ('',( #5406 ) ) ;
#2464 = CARTESIAN_POINT ( 'NONE',  ( 0.000000000000000000, 2.700000000000000178, -5.650000000000000355 ) ) ;
#2465 = SURFACE_STYLE_FILL_AREA ( #762 ) ;
#2466 = CARTESIAN_POINT ( 'NONE',  ( 1.800000000000000266, -2.540000000000000036, -1.199999999999999956 ) ) ;
#2467 = ORIENTED_EDGE ( 'NONE', *, *, #2368, .F. ) ;
#2468 = AXIS2_PLACEMENT_3D ( 'NONE', #4007, #245, #2309 ) ;
#2469 =( NAMED_UNIT ( * ) PLANE_ANGLE_UNIT ( ) SI_UNIT ( $, .RADIAN. ) );
#2470 = CARTESIAN_POINT ( 'NONE',  ( 1.850000000000000089, -0.6445517328096000975, -0.2500000000000000000 ) ) ;
#2471 = EDGE_CURVE ( 'NONE', #2663, #4576, #2354, .T. ) ;
#2472 =( NAMED_UNIT ( * ) PLANE_ANGLE_UNIT ( ) SI_UNIT ( $, .RADIAN. ) );
#2473 = PRESENTATION_LAYER_ASSIGNMENT (  '', '', ( #1753 ) ) ;
#2474 = PRESENTATION_LAYER_ASSIGNMENT (  '', '', ( #4047 ) ) ;
#2475 = DIRECTION ( 'NONE',  ( -0.000000000000000000, 0.000000000000000000, -1.000000000000000000 ) ) ;
#2476 = CARTESIAN_POINT ( 'NONE',  ( 4.699999999999999289, 3.000000000000000000, -5.349999999999998757 ) ) ;
#2477 = ORIENTED_EDGE ( 'NONE', *, *, #2181, .F. ) ;
#2478 = AXIS2_PLACEMENT_3D ( 'NONE', #4282, #526, #3868 ) ;
#2479 =( NAMED_UNIT ( * ) SI_UNIT ( $, .STERADIAN. ) SOLID_ANGLE_UNIT ( ) );
#2480 = DIRECTION ( 'NONE',  ( 0.000000000000000000, 0.9986295347545723899, -0.05233595624297000815 ) ) ;
#2481 = EDGE_CURVE ( 'NONE', #1305, #2611, #4413, .T. ) ;
#2482 = CARTESIAN_POINT ( 'NONE',  ( -4.699999999999999289, -2.700000000000000622, -5.650000000000000355 ) ) ;
#2483 = DIRECTION ( 'NONE',  ( -0.000000000000000000, 0.000000000000000000, -1.000000000000000000 ) ) ;
#2484 = FILL_AREA_STYLE_COLOUR ( '', #989 ) ;
#2485 =( NAMED_UNIT ( * ) SI_UNIT ( $, .STERADIAN. ) SOLID_ANGLE_UNIT ( ) );
#2486 = MECHANICAL_DESIGN_GEOMETRIC_PRESENTATION_REPRESENTATION (  '', ( #797 ), #1683 ) ;
#2487 = DIRECTION ( 'NONE',  ( 0.000000000000000000, 0.05233595624294862941, -0.9986295347545737222 ) ) ;
#2488 = PRESENTATION_STYLE_ASSIGNMENT (( #3007 ) ) ;
#2489 = EDGE_LOOP ( 'NONE', ( #401, #935, #3942, #282 ) ) ;
#2490 = DIRECTION ( 'NONE',  ( 0.000000000000000000, -0.000000000000000000, 1.000000000000000000 ) ) ;
#2491 = ORIENTED_EDGE ( 'NONE', *, *, #3665, .T. ) ;
#2492 = CARTESIAN_POINT ( 'NONE',  ( -4.573742182490724062, 2.999986676132685215, -5.472259282061489039 ) ) ;
#2493 = CARTESIAN_POINT ( 'NONE',  ( 1.399999999999999911, -3.747850393435999905, -0.1497944302131999916 ) ) ;
#2494 = CARTESIAN_POINT ( 'NONE',  ( 4.912132034355965793, -2.700000000000000178, -5.562132034355965260 ) ) ;
#2495 =( GEOMETRIC_REPRESENTATION_CONTEXT ( 3 ) GLOBAL_UNCERTAINTY_ASSIGNED_CONTEXT ( ( #2325 ) ) GLOBAL_UNIT_ASSIGNED_CONTEXT ( ( #5189, #5218, #1882 ) ) REPRESENTATION_CONTEXT ( 'NONE', 'WORKASPACE' ) );
#2496 = FILL_AREA_STYLE_COLOUR ( '', #2678 ) ;
#2497 = UNCERTAINTY_MEASURE_WITH_UNIT (LENGTH_MEASURE( 1.000000000000000082E-05 ), #3791, 'distance_accuracy_value', 'NONE');
#2498 = CARTESIAN_POINT ( 'NONE',  ( -4.469999999999999751, 1.300000000000023803, -0.6284232335022587046 ) ) ;
#2499 = ORIENTED_EDGE ( 'NONE', *, *, #158, .T. ) ;
#2500 = VECTOR ( 'NONE', #5044, 1000.000000000000114 ) ;
#2501 = DIRECTION ( 'NONE',  ( 0.000000000000000000, -0.000000000000000000, 1.000000000000000000 ) ) ;
#2502 = CARTESIAN_POINT ( 'NONE',  ( 0.000000000000000000, 2.730000000000000426, -1.000000000000000000 ) ) ;
#2503 = PRESENTATION_STYLE_ASSIGNMENT (( #4606 ) ) ;
#2504 = UNCERTAINTY_MEASURE_WITH_UNIT (LENGTH_MEASURE( 1.000000000000000082E-05 ), #5374, 'distance_accuracy_value', 'NONE');
#2505 = EDGE_CURVE ( 'NONE', #5228, #3173, #1538, .T. ) ;
#2506 = PLANE ( 'NONE',  #3858 ) ;
#2507 = PRESENTATION_LAYER_ASSIGNMENT (  '', '', ( #4867 ) ) ;
#2508 = EDGE_LOOP ( 'NONE', ( #4900, #1861, #876, #1736 ) ) ;
#2509 = SURFACE_STYLE_USAGE ( .BOTH. , #3757 ) ;
#2510 = CARTESIAN_POINT ( 'NONE',  ( -5.037326708879828807, 2.803714664249339794, -5.436937359832102246 ) ) ;
#2511 = VECTOR ( 'NONE', #428, 1000.000000000000000 ) ;
#2512 = CARTESIAN_POINT ( 'NONE',  ( -4.192871870788875022, 0.000000000000000000, -1.040000000000218527 ) ) ;
#2513 =( LENGTH_UNIT ( ) NAMED_UNIT ( * ) SI_UNIT ( .MILLI., .METRE. ) );
#2514 = ADVANCED_FACE ( 'NONE', ( #645 ), #4797, .T. ) ;
#2515 = CARTESIAN_POINT ( 'NONE',  ( 1.399999999999999911, 0.000000000000000000, -1.000000000000000000 ) ) ;
#2516 = CARTESIAN_POINT ( 'NONE',  ( 1.850000000000000089, -1.300000000000000266, -1.199999999999999956 ) ) ;
#2517 = COLOUR_RGB ( '',0.8431372549019607865, 0.8431372549019607865, 0.8431372549019607865 ) ;
#2518 = CARTESIAN_POINT ( 'NONE',  ( -4.469999999999999751, 2.012871870788997875, -1.040000000000003366 ) ) ;
#2519 = CARTESIAN_POINT ( 'NONE',  ( -4.469999999999999751, -1.300000000000014255, -0.6284232335022762461 ) ) ;
#2520 = EDGE_CURVE ( 'NONE', #4847, #4462, #3530, .T. ) ;
#2521 = CARTESIAN_POINT ( 'NONE',  ( 4.699999999999999289, -3.000000000000000000, -5.349999999999998757 ) ) ;
#2522 = ORIENTED_EDGE ( 'NONE', *, *, #4550, .T. ) ;
#2523 =( NAMED_UNIT ( * ) PLANE_ANGLE_UNIT ( ) SI_UNIT ( $, .RADIAN. ) );
#2524 = ORIENTED_EDGE ( 'NONE', *, *, #311, .F. ) ;
#2525 =( BOUNDED_SURFACE ( )  B_SPLINE_SURFACE ( 3, 3, ( 
 ( #1009, #3556, #956, #1793 ),
 ( #4815, #2654, #4263, #510 ),
 ( #1381, #3097, #4176, #232 ),
 ( #3761, #639, #2729, #2856 ) ),
 .UNSPECIFIED., .F., .F., .T. ) 
 B_SPLINE_SURFACE_WITH_KNOTS ( ( 4, 4 ),
 ( 4, 4 ),
 ( 0.000000000000000000, 1.000000000000000000 ),
 ( 0.000000000000000000, 1.000000000000000000 ),
 .UNSPECIFIED. ) 
 GEOMETRIC_REPRESENTATION_ITEM ( )  RATIONAL_B_SPLINE_SURFACE ( (
 ( 1.000000000000000000, 0.8047378541243633832, 0.8047378541243633832, 1.000000000000000000),
 ( 0.8025111867385916753, 0.6458111303268104786, 0.6458111303268104786, 0.8025111867385916753),
 ( 0.8025111867385916753, 0.6458111303268104786, 0.6458111303268104786, 0.8025111867385916753),
 ( 1.000000000000000000, 0.8047378541243633832, 0.8047378541243633832, 1.000000000000000000) ) ) 
 REPRESENTATION_ITEM ( '' )  SURFACE ( )  );
#2526 =( LENGTH_UNIT ( ) NAMED_UNIT ( * ) SI_UNIT ( .MILLI., .METRE. ) );
#2527 = ORIENTED_EDGE ( 'NONE', *, *, #1238, .F. ) ;
#2528 = AXIS2_PLACEMENT_3D ( 'NONE', #2799, #4369, #276 ) ;
#2529 = CARTESIAN_POINT ( 'NONE',  ( -4.700000000000000178, 2.730000000000000426, -1.000000000000000000 ) ) ;
#2530 = CARTESIAN_POINT ( 'NONE',  ( -0.3999999999999999667, 2.689999999999999947, -0.2052340201469000647 ) ) ;
#2531 =( GEOMETRIC_REPRESENTATION_CONTEXT ( 3 ) GLOBAL_UNCERTAINTY_ASSIGNED_CONTEXT ( ( #577 ) ) GLOBAL_UNIT_ASSIGNED_CONTEXT ( ( #4228, #2642, #3820 ) ) REPRESENTATION_CONTEXT ( 'NONE', 'WORKASPACE' ) );
#2532 = ORIENTED_EDGE ( 'NONE', *, *, #4728, .T. ) ;
#2533 = FACE_OUTER_BOUND ( 'NONE', #1027, .T. ) ;
#2534 = EDGE_LOOP ( 'NONE', ( #5333, #2843, #712, #4918 ) ) ;
#2535 = DIRECTION ( 'NONE',  ( 0.000000000000000000, -0.000000000000000000, 1.000000000000000000 ) ) ;
#2536 =( LENGTH_UNIT ( ) NAMED_UNIT ( * ) SI_UNIT ( .MILLI., .METRE. ) );
#2537 = LINE ( 'NONE', #4200, #78 ) ;
#2538 = FILL_AREA_STYLE_COLOUR ( '', #3206 ) ;
#2539 = COLOUR_RGB ( '',0.8431372549019607865, 0.8431372549019607865, 0.8431372549019607865 ) ;
#2540 = DIRECTION ( 'NONE',  ( 1.000000000000000000, 0.000000000000000000, 0.000000000000000000 ) ) ;
#2541 = SURFACE_STYLE_FILL_AREA ( #442 ) ;
#2542 = EDGE_CURVE ( 'NONE', #135, #98, #4108, .T. ) ;
#2543 = VECTOR ( 'NONE', #3382, 1000.000000000000114 ) ;
#2544 = SURFACE_STYLE_FILL_AREA ( #1701 ) ;
#2545 = LINE ( 'NONE', #4207, #18 ) ;
#2546 = ORIENTED_EDGE ( 'NONE', *, *, #1203, .T. ) ;
#2547 = MECHANICAL_DESIGN_GEOMETRIC_PRESENTATION_REPRESENTATION (  '', ( #3671 ), #3937 ) ;
#2548 = SURFACE_SIDE_STYLE ('',( #5012 ) ) ;
#2549 = ORIENTED_EDGE ( 'NONE', *, *, #5376, .F. ) ;
#2550 = ADVANCED_FACE ( 'NONE', ( #3153 ), #3844, .T. ) ;
#2551 = CARTESIAN_POINT ( 'NONE',  ( 4.700000000000000178, 2.700000000000001066, -5.349999999999999645 ) ) ;
#2552 = VECTOR ( 'NONE', #173, 1000.000000000000000 ) ;
#2553 = SURFACE_STYLE_FILL_AREA ( #4518 ) ;
#2554 = VERTEX_POINT ( 'NONE', #3225 ) ;
#2555 = PLANE ( 'NONE',  #1783 ) ;
#2556 = MECHANICAL_DESIGN_GEOMETRIC_PRESENTATION_REPRESENTATION (  '', ( #5108 ), #4914 ) ;
#2557 = MECHANICAL_DESIGN_GEOMETRIC_PRESENTATION_REPRESENTATION (  '', ( #4298 ), #2200 ) ;
#2558 = EDGE_CURVE ( 'NONE', #4742, #3693, #5347, .T. ) ;
#2559 = LINE ( 'NONE', #2847, #5213 ) ;
#2560 = PRESENTATION_LAYER_ASSIGNMENT (  '', '', ( #2203 ) ) ;
#2561 = AXIS2_PLACEMENT_3D ( 'NONE', #2551, #2051, #3392 ) ;
#2562 = UNCERTAINTY_MEASURE_WITH_UNIT (LENGTH_MEASURE( 1.000000000000000082E-05 ), #1963, 'distance_accuracy_value', 'NONE');
#2563 = SURFACE_STYLE_FILL_AREA ( #4303 ) ;
#2564 = ORIENTED_EDGE ( 'NONE', *, *, #3870, .F. ) ;
#2565 = FILL_AREA_STYLE_COLOUR ( '', #2985 ) ;
#2566 = ORIENTED_EDGE ( 'NONE', *, *, #3955, .T. ) ;
#2567 = FACE_OUTER_BOUND ( 'NONE', #2687, .T. ) ;
#2568 = MECHANICAL_DESIGN_GEOMETRIC_PRESENTATION_REPRESENTATION (  '', ( #3343 ), #778 ) ;
#2569 = CARTESIAN_POINT ( 'NONE',  ( 1.399999999999999911, -2.689999999999999947, -1.199999999999999956 ) ) ;
#2570 = MECHANICAL_DESIGN_GEOMETRIC_PRESENTATION_REPRESENTATION (  '', ( #4836 ), #5370 ) ;
#2571 = MECHANICAL_DESIGN_GEOMETRIC_PRESENTATION_REPRESENTATION (  '', ( #4135 ), #4569 ) ;
#2572 = FILL_AREA_STYLE ('',( #4152 ) ) ;
#2573 = DIRECTION ( 'NONE',  ( 0.000000000000000000, -0.000000000000000000, -1.000000000000000000 ) ) ;
#2574 = CARTESIAN_POINT ( 'NONE',  ( 5.000000000000000000, -3.000000000000000000, -1.000000000000000000 ) ) ;
#2575 = CARTESIAN_POINT ( 'NONE',  ( 1.399999999999999911, -3.740000000000000213, 0.000000000000000000 ) ) ;
#2576 = CARTESIAN_POINT ( 'NONE',  ( -4.700000000000000178, -2.700000000000000178, -5.349999999999999645 ) ) ;
#2577 = CARTESIAN_POINT ( 'NONE',  ( 4.000000000000000000, 0.000000000000000000, -1.000000000000000000 ) ) ;
#2578 =( NAMED_UNIT ( * ) SI_UNIT ( $, .STERADIAN. ) SOLID_ANGLE_UNIT ( ) );
#2579 = LINE ( 'NONE', #3449, #692 ) ;
#2580 = EDGE_LOOP ( 'NONE', ( #1970, #3505, #578, #1846, #1469, #3526 ) ) ;
#2582 = ORIENTED_EDGE ( 'NONE', *, *, #4617, .F. ) ;
#2581 = EDGE_CURVE ( 'NONE', #2363, #1175, #1191, .T. ) ;
#2583 = CARTESIAN_POINT ( 'NONE',  ( -4.000000000000000000, 2.689999999999999947, -1.199999999999999956 ) ) ;
#2584 = MECHANICAL_DESIGN_GEOMETRIC_PRESENTATION_REPRESENTATION (  '', ( #718 ), #290 ) ;
#2585 = CARTESIAN_POINT ( 'NONE',  ( 2.850000000000000089, -1.300000000000000266, -1.040000000000000036 ) ) ;
#2586 = VECTOR ( 'NONE', #3634, 1000.000000000000000 ) ;
#2587 = CARTESIAN_POINT ( 'NONE',  ( 4.700000000000000178, 2.700000000000000178, 5.061740000000000350 ) ) ;
#2588 = AXIS2_PLACEMENT_3D ( 'NONE', #3510, #5195, #1054 ) ;
#2589 = DIRECTION ( 'NONE',  ( -0.000000000000000000, 1.000000000000000000, 0.000000000000000000 ) ) ;
#2590 = EDGE_LOOP ( 'NONE', ( #350, #573, #642 ) ) ;
#2591 = EDGE_CURVE ( 'NONE', #1772, #2982, #3635, .T. ) ;
#2592 = DIRECTION ( 'NONE',  ( 0.000000000000000000, -0.9986295347545736112, -0.05233595624294862247 ) ) ;
#2593 = ORIENTED_EDGE ( 'NONE', *, *, #4453, .T. ) ;
#2594 = DIRECTION ( 'NONE',  ( -0.000000000000000000, 0.000000000000000000, 1.000000000000000000 ) ) ;
#2595 = LINE ( 'NONE', #3108, #1045 ) ;
#2596 = DIRECTION ( 'NONE',  ( 0.000000000000000000, -0.05233595624294862247, 0.9986295347545736112 ) ) ;
#2597 = LINE ( 'NONE', #4311, #2362 ) ;
#2598 = VECTOR ( 'NONE', #4063, 1000.000000000000000 ) ;
#2599 = MECHANICAL_DESIGN_GEOMETRIC_PRESENTATION_REPRESENTATION (  '', ( #4682 ), #900 ) ;
#2600 = CARTESIAN_POINT ( 'NONE',  ( -0.3999999999999998557, 3.747850393436000793, -0.1497944302132113159 ) ) ;
#2601 = PRESENTATION_LAYER_ASSIGNMENT (  '', '', ( #3125 ) ) ;
#2602 = FILL_AREA_STYLE_COLOUR ( '', #2098 ) ;
#2603 = CARTESIAN_POINT ( 'NONE',  ( -18.03600000000000492, 2.700000000000000178, -5.349999999999999645 ) ) ;
#2604 =( NAMED_UNIT ( * ) SI_UNIT ( $, .STERADIAN. ) SOLID_ANGLE_UNIT ( ) );
#2605 = CARTESIAN_POINT ( 'NONE',  ( -1.850000000000000089, -1.300000000000007372, -0.6284232335022880145 ) ) ;
#2606 = UNCERTAINTY_MEASURE_WITH_UNIT (LENGTH_MEASURE( 1.000000000000000082E-05 ), #1209, 'distance_accuracy_value', 'NONE');
#2607 = ORIENTED_EDGE ( 'NONE', *, *, #3665, .F. ) ;
#2608 = VERTEX_POINT ( 'NONE', #3307 ) ;
#2609 = EDGE_CURVE ( 'NONE', #4742, #4476, #4906, .T. ) ;
#2610 = FACE_OUTER_BOUND ( 'NONE', #2534, .T. ) ;
#2611 = VERTEX_POINT ( 'NONE', #4541 ) ;
#2612 = ORIENTED_EDGE ( 'NONE', *, *, #3611, .T. ) ;
#2613 = CARTESIAN_POINT ( 'NONE',  ( -4.700000000000000178, 3.000000000000000000, -1.000000000000000000 ) ) ;
#2614 = DIRECTION ( 'NONE',  ( -0.000000000000000000, 1.000000000000000000, -0.000000000000000000 ) ) ;
#2615 = EDGE_CURVE ( 'NONE', #1305, #3897, #715, .T. ) ;
#2616 = MECHANICAL_DESIGN_GEOMETRIC_PRESENTATION_REPRESENTATION (  '', ( #4704 ), #3488 ) ;
#2617 = EDGE_CURVE ( 'NONE', #1247, #2380, #740, .T. ) ;
#2618 = CARTESIAN_POINT ( 'NONE',  ( -0.3999999999999998557, -3.747850393436220617, -0.1497944302131884176 ) ) ;
#2619 = CARTESIAN_POINT ( 'NONE',  ( 4.730000000000000426, -2.700000000000000178, -1.000000000000000000 ) ) ;
#2620 = MECHANICAL_DESIGN_GEOMETRIC_PRESENTATION_REPRESENTATION (  '', ( #416 ), #922 ) ;
#2621 = CARTESIAN_POINT ( 'NONE',  ( -2.850000000000000089, -1.300000000000000266, -1.199999999999999956 ) ) ;
#2622 = ADVANCED_FACE ( 'NONE', ( #1584 ), #3283, .T. ) ;
#2623 = DIRECTION ( 'NONE',  ( 1.000000000000000000, 0.000000000000000000, -0.000000000000000000 ) ) ;
#2624 = VECTOR ( 'NONE', #4247, 1000.000000000000000 ) ;
#2625 = CARTESIAN_POINT ( 'NONE',  ( 3.600000000000000533, -2.689999999999999947, -1.000000000000000000 ) ) ;
#2626 = MECHANICAL_DESIGN_GEOMETRIC_PRESENTATION_REPRESENTATION (  '', ( #1103 ), #3931 ) ;
#2627 = SURFACE_SIDE_STYLE ('',( #95 ) ) ;
#2628 = VECTOR ( 'NONE', #386, 1000.000000000000000 ) ;
#2629 = ORIENTED_EDGE ( 'NONE', *, *, #1074, .T. ) ;
#2630 = LINE ( 'NONE', #3344, #27 ) ;
#2631 = EDGE_LOOP ( 'NONE', ( #2593, #2527, #2303, #2741, #2254, #2759 ) ) ;
#2632 =( GEOMETRIC_REPRESENTATION_CONTEXT ( 3 ) GLOBAL_UNCERTAINTY_ASSIGNED_CONTEXT ( ( #1140 ) ) GLOBAL_UNIT_ASSIGNED_CONTEXT ( ( #4741, #1802, #1477 ) ) REPRESENTATION_CONTEXT ( 'NONE', 'WORKASPACE' ) );
#2633 = CARTESIAN_POINT ( 'NONE',  ( -3.600000000000000533, 0.000000000000000000, -1.199999999999999956 ) ) ;
#2634 = DIRECTION ( 'NONE',  ( 1.000000000000000000, 0.000000000000000000, 0.000000000000000000 ) ) ;
#2635 = ORIENTED_EDGE ( 'NONE', *, *, #4453, .F. ) ;
#2636 = VECTOR ( 'NONE', #2165, 1000.000000000000114 ) ;
#2637 = ORIENTED_EDGE ( 'NONE', *, *, #123, .T. ) ;
#2638 = EDGE_CURVE ( 'NONE', #208, #3939, #5152, .T. ) ;
#2639 = SURFACE_STYLE_USAGE ( .BOTH. , #940 ) ;
#2640 = VECTOR ( 'NONE', #3299, 1000.000000000000227 ) ;
#2641 = VECTOR ( 'NONE', #4435, 1000.000000000000114 ) ;
#2642 =( NAMED_UNIT ( * ) PLANE_ANGLE_UNIT ( ) SI_UNIT ( $, .RADIAN. ) );
#2643 = PLANE ( 'NONE',  #5178 ) ;
#2644 = VERTEX_POINT ( 'NONE', #4260 ) ;
#2645 = PRESENTATION_LAYER_ASSIGNMENT (  '', '', ( #5008 ) ) ;
#2646 = ADVANCED_FACE ( 'NONE', ( #2184 ), #1838, .T. ) ;
#2647 = COLOUR_RGB ( '',0.8431372549019607865, 0.8431372549019607865, 0.8431372549019607865 ) ;
#2648 = CARTESIAN_POINT ( 'NONE',  ( 3.600000000000000533, -3.740000000000000213, 0.000000000000000000 ) ) ;
#2649 = VECTOR ( 'NONE', #1671, 1000.000000000000000 ) ;
#2650 = DIRECTION ( 'NONE',  ( 0.000000000000000000, -0.9986295347545738332, 0.05233595624294426485 ) ) ;
#2651 = LINE ( 'NONE', #590, #5296 ) ;
#2652 = DIRECTION ( 'NONE',  ( -0.000000000000000000, 0.000000000000000000, -1.000000000000000000 ) ) ;
#2653 = CARTESIAN_POINT ( 'NONE',  ( 2.800000000000000266, 0.6445517328096023180, -0.2499999999999955591 ) ) ;
#2654 = CARTESIAN_POINT ( 'NONE',  ( -4.803714664249337574, -3.037326708879830139, -5.436937359832099581 ) ) ;
#2655 = EDGE_LOOP ( 'NONE', ( #4304, #965, #435, #3727, #2004, #2460 ) ) ;
#2656 = LINE ( 'NONE', #2170, #2748 ) ;
#2657 = DIRECTION ( 'NONE',  ( 0.000000000000000000, -0.05233595624294862247, -0.9986295347545736112 ) ) ;
#2658 = UNCERTAINTY_MEASURE_WITH_UNIT (LENGTH_MEASURE( 1.000000000000000082E-05 ), #2536, 'distance_accuracy_value', 'NONE');
#2659 = VERTEX_POINT ( 'NONE', #3742 ) ;
#2660 = COLOUR_RGB ( '',0.9803921568627450567, 0.9411764705882352811, 0.7843137254901960675 ) ;
#2661 = CARTESIAN_POINT ( 'NONE',  ( 3.600000000000000533, -3.740000000000000213, 0.000000000000000000 ) ) ;
#2662 = SURFACE_SIDE_STYLE ('',( #4417 ) ) ;
#2663 = VERTEX_POINT ( 'NONE', #4347 ) ;
#2664 = LINE ( 'NONE', #4308, #1839 ) ;
#2665 = PRESENTATION_LAYER_ASSIGNMENT (  '', '', ( #718 ) ) ;
#2666 = DIRECTION ( 'NONE',  ( 0.000000000000000000, -0.000000000000000000, -1.000000000000000000 ) ) ;
#2667 =( LENGTH_UNIT ( ) NAMED_UNIT ( * ) SI_UNIT ( .MILLI., .METRE. ) );
#2668 = DIRECTION ( 'NONE',  ( 0.000000000000000000, -0.9986295347545738332, -0.05233595624294426485 ) ) ;
#2669 = VECTOR ( 'NONE', #818, 1000.000000000000000 ) ;
#2670 = CARTESIAN_POINT ( 'NONE',  ( 4.000000000000000000, -2.689999999999999503, -0.2052340201468943470 ) ) ;
#2671 = STYLED_ITEM ( 'NONE', ( #572 ), #663 ) ;
#2672 = ADVANCED_FACE ( 'NONE', ( #533 ), #3500, .T. ) ;
#2673 = DIRECTION ( 'NONE',  ( 1.000000000000000000, 0.000000000000000000, -0.000000000000000000 ) ) ;
#2674 = SURFACE_STYLE_FILL_AREA ( #121 ) ;
#2675 = VECTOR ( 'NONE', #1371, 1000.000000000000000 ) ;
#2676 = CARTESIAN_POINT ( 'NONE',  ( -4.699999999999999289, -2.700000000000000178, -5.349999999999999645 ) ) ;
#2677 = ADVANCED_FACE ( 'NONE', ( #683 ), #3995, .T. ) ;
#2678 = COLOUR_RGB ( '',0.9803921568627450567, 0.9411764705882352811, 0.7843137254901960675 ) ;
#2679 = DIRECTION ( 'NONE',  ( 1.000000000000000000, 0.000000000000000000, 0.000000000000000000 ) ) ;
#2680 = VERTEX_POINT ( 'NONE', #1087 ) ;
#2681 = ORIENTED_EDGE ( 'NONE', *, *, #4052, .F. ) ;
#2682 = ORIENTED_EDGE ( 'NONE', *, *, #446, .F. ) ;
#2683 = COLOUR_RGB ( '',0.8431372549019607865, 0.8431372549019607865, 0.8431372549019607865 ) ;
#2684 = CARTESIAN_POINT ( 'NONE',  ( -0.3999999999999999667, 2.540000000000000036, -0.06288933513965128119 ) ) ;
#2685 = DIRECTION ( 'NONE',  ( 0.000000000000000000, 0.8660254037844228314, -0.5000000000000273115 ) ) ;
#2686 = VERTEX_POINT ( 'NONE', #5337 ) ;
#2687 = EDGE_LOOP ( 'NONE', ( #4806, #4753, #4162, #5072 ) ) ;
#2688 =( NAMED_UNIT ( * ) SI_UNIT ( $, .STERADIAN. ) SOLID_ANGLE_UNIT ( ) );
#2689 = SURFACE_SIDE_STYLE ('',( #3626 ) ) ;
#2690 = PRESENTATION_STYLE_ASSIGNMENT (( #4424 ) ) ;
#2691 = EDGE_LOOP ( 'NONE', ( #3459, #542, #2958, #137, #4764, #425 ) ) ;
#2692 = CARTESIAN_POINT ( 'NONE',  ( -0.8000000000000000444, -2.540000000000000036, -1.199999999999999956 ) ) ;
#2693 = DIRECTION ( 'NONE',  ( 0.000000000000000000, -0.000000000000000000, -1.000000000000000000 ) ) ;
#2694 =( NAMED_UNIT ( * ) SI_UNIT ( $, .STERADIAN. ) SOLID_ANGLE_UNIT ( ) );
#2695 =( GEOMETRIC_REPRESENTATION_CONTEXT ( 3 ) GLOBAL_UNCERTAINTY_ASSIGNED_CONTEXT ( ( #2710 ) ) GLOBAL_UNIT_ASSIGNED_CONTEXT ( ( #4830, #2338, #2312 ) ) REPRESENTATION_CONTEXT ( 'NONE', 'WORKASPACE' ) );
#2696 = FACE_OUTER_BOUND ( 'NONE', #1682, .T. ) ;
#2697 = EDGE_CURVE ( 'NONE', #571, #1943, #4429, .T. ) ;
#2698 =( GEOMETRIC_REPRESENTATION_CONTEXT ( 3 ) GLOBAL_UNCERTAINTY_ASSIGNED_CONTEXT ( ( #2331 ) ) GLOBAL_UNIT_ASSIGNED_CONTEXT ( ( #2874, #3751, #4548 ) ) REPRESENTATION_CONTEXT ( 'NONE', 'WORKASPACE' ) );
#2699 =( NAMED_UNIT ( * ) SI_UNIT ( $, .STERADIAN. ) SOLID_ANGLE_UNIT ( ) );
#2700 = DIRECTION ( 'NONE',  ( -1.000000000000000000, 0.000000000000000000, 0.000000000000000000 ) ) ;
#2701 = UNCERTAINTY_MEASURE_WITH_UNIT (LENGTH_MEASURE( 1.000000000000000082E-05 ), #5342, 'distance_accuracy_value', 'NONE');
#2702 = CARTESIAN_POINT ( 'NONE',  ( -4.912132034355964905, 2.700000000000001066, -5.562132034355964372 ) ) ;
#2703 = VERTEX_POINT ( 'NONE', #1460 ) ;
#2704 = PRESENTATION_LAYER_ASSIGNMENT (  '', '', ( #1103 ) ) ;
#2705 =( LENGTH_UNIT ( ) NAMED_UNIT ( * ) SI_UNIT ( .MILLI., .METRE. ) );
#2706 = ORIENTED_EDGE ( 'NONE', *, *, #2035, .F. ) ;
#2707 = EDGE_CURVE ( 'NONE', #3863, #2357, #1925, .T. ) ;
#2708 = CARTESIAN_POINT ( 'NONE',  ( -4.700000000000000178, -3.000000000000000000, -1.000000000000000000 ) ) ;
#2709 = CARTESIAN_POINT ( 'NONE',  ( 0.000000000000000000, -2.540000000000000036, -1.199999999999999956 ) ) ;
#2710 = UNCERTAINTY_MEASURE_WITH_UNIT (LENGTH_MEASURE( 1.000000000000000082E-05 ), #4830, 'distance_accuracy_value', 'NONE');
#2711 = LINE ( 'NONE', #2356, #1923 ) ;
#2712 = ORIENTED_EDGE ( 'NONE', *, *, #4550, .F. ) ;
#2713 = SURFACE_STYLE_USAGE ( .BOTH. , #2662 ) ;
#2714 = ORIENTED_EDGE ( 'NONE', *, *, #1654, .F. ) ;
#2715 = DIRECTION ( 'NONE',  ( -1.000000000000000000, 0.000000000000000000, 0.000000000000000000 ) ) ;
#2716 = PRESENTATION_STYLE_ASSIGNMENT (( #1025 ) ) ;
#2717 = CARTESIAN_POINT ( 'NONE',  ( 4.912132034355964905, -2.700000000000000622, -5.562132034355963484 ) ) ;
#2718 = COLOUR_RGB ( '',0.9803921568627450567, 0.9411764705882352811, 0.7843137254901960675 ) ;
#2719 = FILL_AREA_STYLE_COLOUR ( '', #687 ) ;
#2720 = VERTEX_POINT ( 'NONE', #3608 ) ;
#2721 = LINE ( 'NONE', #2234, #4778 ) ;
#2722 = DIRECTION ( 'NONE',  ( -1.000000000000000000, 0.000000000000000000, 0.000000000000000000 ) ) ;
#2723 = VECTOR ( 'NONE', #994, 1000.000000000000000 ) ;
#2724 = VECTOR ( 'NONE', #2727, 1000.000000000000000 ) ;
#2725 = CARTESIAN_POINT ( 'NONE',  ( 4.700000000000000178, 2.730000000000000426, -1.000000000000000000 ) ) ;
#2726 = MECHANICAL_DESIGN_GEOMETRIC_PRESENTATION_REPRESENTATION (  '', ( #2385 ), #4309 ) ;
#2727 = DIRECTION ( 'NONE',  ( 0.000000000000000000, 1.000000000000000000, -0.000000000000000000 ) ) ;
#2728 = ADVANCED_FACE ( 'NONE', ( #304 ), #1518, .T. ) ;
#2729 = CARTESIAN_POINT ( 'NONE',  ( -4.999986676132688324, -2.822259282061493568, -5.223742182490723529 ) ) ;
#2730 = CARTESIAN_POINT ( 'NONE',  ( 4.000000000000000000, 2.540000000000000036, -0.06288933513965128119 ) ) ;
#2731 = ORIENTED_EDGE ( 'NONE', *, *, #529, .F. ) ;
#2732 = ORIENTED_EDGE ( 'NONE', *, *, #4821, .T. ) ;
#2733 = PRESENTATION_LAYER_ASSIGNMENT (  '', '', ( #5108 ) ) ;
#2734 = SURFACE_STYLE_USAGE ( .BOTH. , #5241 ) ;
#2735 = ORIENTED_EDGE ( 'NONE', *, *, #3914, .T. ) ;
#2736 = DIRECTION ( 'NONE',  ( 0.000000000000000000, 0.9986295347545736112, 0.05233595624294862247 ) ) ;
#2737 = FILL_AREA_STYLE ('',( #1048 ) ) ;
#2738 = ADVANCED_FACE ( 'NONE', ( #708 ), #3648, .T. ) ;
#2739 = DIRECTION ( 'NONE',  ( -1.000000000000000000, -0.000000000000000000, -0.000000000000000000 ) ) ;
#2740 = ORIENTED_EDGE ( 'NONE', *, *, #1692, .T. ) ;
#2741 = ORIENTED_EDGE ( 'NONE', *, *, #4120, .T. ) ;
#2742 = DIRECTION ( 'NONE',  ( 0.000000000000000000, 0.05233595624294862941, -0.9986295347545737222 ) ) ;
#2743 = FILL_AREA_STYLE_COLOUR ( '', #153 ) ;
#2744 = EDGE_CURVE ( 'NONE', #3662, #3345, #3326, .T. ) ;
#2745 =( LENGTH_UNIT ( ) NAMED_UNIT ( * ) SI_UNIT ( .MILLI., .METRE. ) );
#2746 = FILL_AREA_STYLE ('',( #1061 ) ) ;
#2747 = DIRECTION ( 'NONE',  ( -0.000000000000000000, 1.000000000000000000, 0.000000000000000000 ) ) ;
#2748 = VECTOR ( 'NONE', #545, 1000.000000000000000 ) ;
#2749 =( NAMED_UNIT ( * ) SI_UNIT ( $, .STERADIAN. ) SOLID_ANGLE_UNIT ( ) );
#2750 = DIRECTION ( 'NONE',  ( 0.000000000000000000, -0.9986295347545736112, -0.05233595624294862247 ) ) ;
#2751 = VECTOR ( 'NONE', #3688, 1000.000000000000000 ) ;
#2752 = LINE ( 'NONE', #4403, #354 ) ;
#2753 = UNCERTAINTY_MEASURE_WITH_UNIT (LENGTH_MEASURE( 1.000000000000000082E-05 ), #3853, 'distance_accuracy_value', 'NONE');
#2754 = DIRECTION ( 'NONE',  ( 0.000000000000000000, 0.000000000000000000, -1.000000000000000000 ) ) ;
#2755 = MECHANICAL_DESIGN_GEOMETRIC_PRESENTATION_REPRESENTATION (  '', ( #2066 ), #392 ) ;
#2756 = DIRECTION ( 'NONE',  ( 0.000000000000000000, -1.000000000000000000, 0.000000000000000000 ) ) ;
#2757 = VERTEX_POINT ( 'NONE', #752 ) ;
#2758 = DIRECTION ( 'NONE',  ( 0.000000000000000000, 0.9986295347545723899, -0.05233595624297000815 ) ) ;
#2759 = ORIENTED_EDGE ( 'NONE', *, *, #834, .T. ) ;
#2760 = CARTESIAN_POINT ( 'NONE',  ( 2.850000000000000089, -2.289999999999995151, -1.200000000000008837 ) ) ;
#2761 = COLOUR_RGB ( '',0.8431372549019607865, 0.8431372549019607865, 0.8431372549019607865 ) ;
#2762 = DIRECTION ( 'NONE',  ( 0.000000000000000000, -0.000000000000000000, -1.000000000000000000 ) ) ;
#2763 = UNCERTAINTY_MEASURE_WITH_UNIT (LENGTH_MEASURE( 1.000000000000000082E-05 ), #2128, 'distance_accuracy_value', 'NONE');
#2764 = FILL_AREA_STYLE_COLOUR ( '', #2366 ) ;
#2765 = ORIENTED_EDGE ( 'NONE', *, *, #2368, .T. ) ;
#2766 = DIRECTION ( 'NONE',  ( 1.000000000000000000, 0.000000000000000000, -0.000000000000000000 ) ) ;
#2767 = STYLED_ITEM ( 'NONE', ( #709 ), #1053 ) ;
#2768 =( NAMED_UNIT ( * ) PLANE_ANGLE_UNIT ( ) SI_UNIT ( $, .RADIAN. ) );
#2769 = ADVANCED_FACE ( 'NONE', ( #3297 ), #3359, .T. ) ;
#2770 = CARTESIAN_POINT ( 'NONE',  ( 0.000000000000000000, -1.300000000000000266, -1.199999999999999956 ) ) ;
#2771 = CARTESIAN_POINT ( 'NONE',  ( -4.000000000000000000, -2.540000000000000036, -0.06288933513965000444 ) ) ;
#2772 = ORIENTED_EDGE ( 'NONE', *, *, #3270, .F. ) ;
#2773 = CARTESIAN_POINT ( 'NONE',  ( 0.000000000000000000, 2.290000000000000036, -1.199999999999999956 ) ) ;
#2774 = DIRECTION ( 'NONE',  ( 1.000000000000000000, 0.000000000000000000, 0.000000000000000000 ) ) ;
#2775 = EDGE_CURVE ( 'NONE', #4184, #987, #2537, .T. ) ;
#2776 = EDGE_CURVE ( 'NONE', #905, #5375, #2129, .T. ) ;
#2777 = CARTESIAN_POINT ( 'NONE',  ( 3.429999999999999716, 2.000000000000000000, -5.400000000000000355 ) ) ;
#2778 = COLOUR_RGB ( '',0.9803921568627450567, 0.9411764705882352811, 0.7843137254901960675 ) ;
#2779 = EDGE_CURVE ( 'NONE', #1224, #4576, #1693, .T. ) ;
#2780 = CARTESIAN_POINT ( 'NONE',  ( -1.850000000000000089, -1.300000000000000266, -1.199999999999999956 ) ) ;
#2781 = DIRECTION ( 'NONE',  ( -0.000000000000000000, 0.000000000000000000, -1.000000000000000000 ) ) ;
#2782 =( NAMED_UNIT ( * ) PLANE_ANGLE_UNIT ( ) SI_UNIT ( $, .RADIAN. ) );
#2783 = ORIENTED_EDGE ( 'NONE', *, *, #4386, .F. ) ;
#2784 = PRESENTATION_LAYER_ASSIGNMENT (  '', '', ( #2873 ) ) ;
#2785 = CARTESIAN_POINT ( 'NONE',  ( 4.823189846542530468, -3.001655327279212138, -5.473189846542531711 ) ) ;
#2786 =( GEOMETRIC_REPRESENTATION_CONTEXT ( 3 ) GLOBAL_UNCERTAINTY_ASSIGNED_CONTEXT ( ( #716 ) ) GLOBAL_UNIT_ASSIGNED_CONTEXT ( ( #5190, #5244, #1912 ) ) REPRESENTATION_CONTEXT ( 'NONE', 'WORKASPACE' ) );
#2787 = CARTESIAN_POINT ( 'NONE',  ( 4.999995097267158961, 2.823049269268822936, -5.224525193401835743 ) ) ;
#2788 = ORIENTED_EDGE ( 'NONE', *, *, #5086, .T. ) ;
#2789 = DIRECTION ( 'NONE',  ( -0.000000000000000000, 0.8660254037844289376, 0.5000000000000167644 ) ) ;
#2790 = LINE ( 'NONE', #1024, #93 ) ;
#2791 = DIRECTION ( 'NONE',  ( 0.000000000000000000, 0.9986295347545736112, 0.05233595624294862247 ) ) ;
#2792 = FILL_AREA_STYLE ('',( #273 ) ) ;
#2793 = DIRECTION ( 'NONE',  ( 1.000000000000000000, 0.000000000000000000, -0.000000000000000000 ) ) ;
#2794 = EDGE_CURVE ( 'NONE', #985, #3378, #5058, .T. ) ;
#2795 = AXIS2_PLACEMENT_3D ( 'NONE', #1660, #2064, #5023 ) ;
#2796 = VERTEX_POINT ( 'NONE', #2010 ) ;
#2797 = SURFACE_STYLE_USAGE ( .BOTH. , #5363 ) ;
#2798 = LINE ( 'NONE', #2394, #3691 ) ;
#2799 = CARTESIAN_POINT ( 'NONE',  ( 1.399999999999999911, 0.000000000000000000, -1.000000000000000000 ) ) ;
#2800 = DIRECTION ( 'NONE',  ( 0.000000000000000000, 1.000000000000000000, -0.000000000000000000 ) ) ;
#2801 = EDGE_CURVE ( 'NONE', #1083, #3423, #3271, .T. ) ;
#2802 = MECHANICAL_DESIGN_GEOMETRIC_PRESENTATION_REPRESENTATION (  '', ( #1032 ), #1116 ) ;
#2803 = SURFACE_STYLE_USAGE ( .BOTH. , #4001 ) ;
#2804 =( GEOMETRIC_REPRESENTATION_CONTEXT ( 3 ) GLOBAL_UNCERTAINTY_ASSIGNED_CONTEXT ( ( #5245 ) ) GLOBAL_UNIT_ASSIGNED_CONTEXT ( ( #1496, #4489, #5343 ) ) REPRESENTATION_CONTEXT ( 'NONE', 'WORKASPACE' ) );
#2805 = ADVANCED_FACE ( 'NONE', ( #355 ), #4669, .T. ) ;
#2806 = PLANE ( 'NONE',  #1840 ) ;
#2807 = ORIENTED_EDGE ( 'NONE', *, *, #4017, .F. ) ;
#2808 = VERTEX_POINT ( 'NONE', #1344 ) ;
#2809 = LINE ( 'NONE', #3175, #5125 ) ;
#2810 = MECHANICAL_DESIGN_GEOMETRIC_PRESENTATION_REPRESENTATION (  '', ( #1220 ), #5017 ) ;
#2811 = VECTOR ( 'NONE', #3766, 1000.000000000000000 ) ;
#2812 = UNCERTAINTY_MEASURE_WITH_UNIT (LENGTH_MEASURE( 1.000000000000000082E-05 ), #4805, 'distance_accuracy_value', 'NONE');
#2813 = ORIENTED_EDGE ( 'NONE', *, *, #1264, .F. ) ;
#2814 = PLANE ( 'NONE',  #3709 ) ;
#2815 = ORIENTED_EDGE ( 'NONE', *, *, #4712, .T. ) ;
#2816 = DIRECTION ( 'NONE',  ( 0.000000000000000000, -0.05233595624000127872, -0.9986295347547280432 ) ) ;
#2817 = PLANE ( 'NONE',  #3519 ) ;
#2818 = CYLINDRICAL_SURFACE ( 'NONE', #4630, 0.2999999999999999334 ) ;
#2819 = UNCERTAINTY_MEASURE_WITH_UNIT (LENGTH_MEASURE( 1.000000000000000082E-05 ), #3216, 'distance_accuracy_value', 'NONE');
#2820 = CARTESIAN_POINT ( 'NONE',  ( 1.800000000000000266, 2.540000000000000036, -1.199999999999999956 ) ) ;
#2821 = EDGE_CURVE ( 'NONE', #1407, #1083, #2597, .T. ) ;
#2822 = DIRECTION ( 'NONE',  ( 0.000000000000000000, 0.9986295347545736112, -0.05233595624294862247 ) ) ;
#2823 = DIRECTION ( 'NONE',  ( 0.000000000000000000, 0.000000000000000000, -1.000000000000000000 ) ) ;
#2824 = FILL_AREA_STYLE_COLOUR ( '', #3534 ) ;
#2825 = MECHANICAL_DESIGN_GEOMETRIC_PRESENTATION_REPRESENTATION (  '', ( #3105 ), #3274 ) ;
#2826 = FILL_AREA_STYLE ('',( #306 ) ) ;
#2827 = SURFACE_SIDE_STYLE ('',( #3166 ) ) ;
#2828 = PRESENTATION_LAYER_ASSIGNMENT (  '', '', ( #4856 ) ) ;
#2829 = ADVANCED_FACE ( 'NONE', ( #916 ), #5087, .T. ) ;
#2830 = DIRECTION ( 'NONE',  ( -0.000000000000000000, -0.000000000000000000, 1.000000000000000000 ) ) ;
#2831 = FACE_OUTER_BOUND ( 'NONE', #2300, .T. ) ;
#2832 = PRESENTATION_LAYER_ASSIGNMENT (  '', '', ( #3113 ) ) ;
#2833 = VERTEX_POINT ( 'NONE', #5118 ) ;
#2834 = DIRECTION ( 'NONE',  ( -0.000000000000000000, -0.000000000000000000, 1.000000000000000000 ) ) ;
#2835 = EDGE_LOOP ( 'NONE', ( #2026, #1986, #5464, #1945, #4383, #1877 ) ) ;
#2836 = VECTOR ( 'NONE', #1887, 1000.000000000000114 ) ;
#2837 = ADVANCED_FACE ( 'NONE', ( #1318 ), #2643, .F. ) ;
#2838 = LINE ( 'NONE', #3773, #5034 ) ;
#2839 = AXIS2_PLACEMENT_3D ( 'NONE', #2648, #3873, #3060 ) ;
#2840 = CARTESIAN_POINT ( 'NONE',  ( -4.469999999999999751, -0.6445517328096000975, -0.2500000000000000000 ) ) ;
#2841 = AXIS2_PLACEMENT_3D ( 'NONE', #1071, #3504, #3148 ) ;
#2842 = DIRECTION ( 'NONE',  ( -1.000000000000000000, -0.000000000000000000, -0.000000000000000000 ) ) ;
#2843 = ORIENTED_EDGE ( 'NONE', *, *, #1850, .F. ) ;
#2844 = DIRECTION ( 'NONE',  ( 0.000000000000000000, 0.000000000000000000, -1.000000000000000000 ) ) ;
#2845 = STYLED_ITEM ( 'NONE', ( #1633 ), #1472 ) ;
#2846 = CARTESIAN_POINT ( 'NONE',  ( -4.730000000000000426, 2.700000000000000178, -1.199999999999999956 ) ) ;
#2847 = CARTESIAN_POINT ( 'NONE',  ( 1.399999999999999911, -2.689999999999999947, -1.000000000000000000 ) ) ;
#2848 = FILL_AREA_STYLE ('',( #5419 ) ) ;
#2849 = PRESENTATION_LAYER_ASSIGNMENT (  '', '', ( #657 ) ) ;
#2850 = FILL_AREA_STYLE ('',( #3291 ) ) ;
#2851 =( NAMED_UNIT ( * ) PLANE_ANGLE_UNIT ( ) SI_UNIT ( $, .RADIAN. ) );
#2852 = VERTEX_POINT ( 'NONE', #2771 ) ;
#2853 = DIRECTION ( 'NONE',  ( -0.000000000000000000, -0.000000000000000000, 1.000000000000000000 ) ) ;
#2854 = CARTESIAN_POINT ( 'NONE',  ( -4.469999999999999751, 0.000000000000000000, -1.040000000000000036 ) ) ;
#2855 =( NAMED_UNIT ( * ) PLANE_ANGLE_UNIT ( ) SI_UNIT ( $, .RADIAN. ) );
#2856 = CARTESIAN_POINT ( 'NONE',  ( -4.999986676132687435, -2.698000732276109037, -5.348000732276108060 ) ) ;
#2857 = DIRECTION ( 'NONE',  ( 0.000000000000000000, 1.000000000000000000, 0.000000000000000000 ) ) ;
#2858 = DIRECTION ( 'NONE',  ( -1.000000000000000000, -0.000000000000000000, 0.000000000000000000 ) ) ;
#2859 = B_SPLINE_CURVE_WITH_KNOTS ( 'NONE', 3,
 ( #1444, #3151, #1017, #4822, #4494, #1911 ),
 .UNSPECIFIED., .F., .F.,
 ( 4, 2, 4 ),
 ( 5.000491119955956275E-05, 0.0002560489327151911458, 0.0004620929542308227153 ),
 .UNSPECIFIED. ) ;
#2860 = LINE ( 'NONE', #2886, #3425 ) ;
#2862 = ORIENTED_EDGE ( 'NONE', *, *, #884, .F. ) ;
#2861 = ADVANCED_FACE ( 'NONE', ( #249 ), #997, .T. ) ;
#2863 = EDGE_LOOP ( 'NONE', ( #3279, #3133, #5082, #1996 ) ) ;
#2864 =( GEOMETRIC_REPRESENTATION_CONTEXT ( 3 ) GLOBAL_UNCERTAINTY_ASSIGNED_CONTEXT ( ( #3102 ) ) GLOBAL_UNIT_ASSIGNED_CONTEXT ( ( #2291, #4066, #1062 ) ) REPRESENTATION_CONTEXT ( 'NONE', 'WORKASPACE' ) );
#2865 = SURFACE_SIDE_STYLE ('',( #1189 ) ) ;
#2866 = DIRECTION ( 'NONE',  ( 0.000000000000000000, 0.000000000000000000, 1.000000000000000000 ) ) ;
#2867 = UNCERTAINTY_MEASURE_WITH_UNIT (LENGTH_MEASURE( 1.000000000000000082E-05 ), #450, 'distance_accuracy_value', 'NONE');
#2868 = DIRECTION ( 'NONE',  ( 1.000000000000000000, 0.000000000000000000, -0.000000000000000000 ) ) ;
#2869 = VERTEX_POINT ( 'NONE', #5252 ) ;
#2870 = ADVANCED_FACE ( 'NONE', ( #2361 ), #3541, .F. ) ;
#2871 = PRESENTATION_LAYER_ASSIGNMENT (  '', '', ( #3493 ) ) ;
#2872 = DIRECTION ( 'NONE',  ( 0.000000000000000000, 0.000000000000000000, 1.000000000000000000 ) ) ;
#2873 = STYLED_ITEM ( 'NONE', ( #1658 ), #2305 ) ;
#2874 =( LENGTH_UNIT ( ) NAMED_UNIT ( * ) SI_UNIT ( .MILLI., .METRE. ) );
#2875 = PRESENTATION_STYLE_ASSIGNMENT (( #321 ) ) ;
#2876 = FACE_OUTER_BOUND ( 'NONE', #5274, .T. ) ;
#2877 = ORIENTED_EDGE ( 'NONE', *, *, #5143, .F. ) ;
#2878 = VECTOR ( 'NONE', #287, 1000.000000000000000 ) ;
#2879 = FILL_AREA_STYLE_COLOUR ( '', #2761 ) ;
#2880 = CARTESIAN_POINT ( 'NONE',  ( 0.000000000000000000, -2.700000000000000178, -5.650000000000000355 ) ) ;
#2881 = PRESENTATION_LAYER_ASSIGNMENT (  '', '', ( #759 ) ) ;
#2882 = FILL_AREA_STYLE_COLOUR ( '', #3591 ) ;
#2883 = FACE_OUTER_BOUND ( 'NONE', #492, .T. ) ;
#2884 = LINE ( 'NONE', #4562, #5093 ) ;
#2885 = MECHANICAL_DESIGN_GEOMETRIC_PRESENTATION_REPRESENTATION (  '', ( #610 ), #2632 ) ;
#2886 = CARTESIAN_POINT ( 'NONE',  ( -0.4000000000000000222, -2.689999999999999947, -0.2052340201469000092 ) ) ;
#2887 = LINE ( 'NONE', #3330, #1228 ) ;
#2888 = ORIENTED_EDGE ( 'NONE', *, *, #4850, .F. ) ;
#2889 = CARTESIAN_POINT ( 'NONE',  ( -0.8000000000000000444, -2.540000000000000036, -0.06288933513964997668 ) ) ;
#2890 = ORIENTED_EDGE ( 'NONE', *, *, #3090, .T. ) ;
#2891 = AXIS2_PLACEMENT_3D ( 'NONE', #1953, #1545, #2774 ) ;
#2892 = COLOUR_RGB ( '',0.8431372549019607865, 0.8431372549019607865, 0.8431372549019607865 ) ;
#2893 = CARTESIAN_POINT ( 'NONE',  ( -4.823189846542529580, 3.001655327279210805, -5.473189846542529935 ) ) ;
#2894 = CARTESIAN_POINT ( 'NONE',  ( -4.469999999999999751, -0.6445517328096000975, -0.2500000000000000000 ) ) ;
#2895 = LINE ( 'NONE', #3775, #2511 ) ;
#2896 = ORIENTED_EDGE ( 'NONE', *, *, #2404, .T. ) ;
#2897 = AXIS2_PLACEMENT_3D ( 'NONE', #3952, #675, #4419 ) ;
#2898 = STYLED_ITEM ( 'NONE', ( #1760 ), #3643 ) ;
#2899 = FACE_OUTER_BOUND ( 'NONE', #4820, .T. ) ;
#2900 = CARTESIAN_POINT ( 'NONE',  ( 4.989361869316974563, 2.725690584958927243, -5.424897946766612300 ) ) ;
#2901 = SURFACE_SIDE_STYLE ('',( #2061 ) ) ;
#2902 = STYLED_ITEM ( 'NONE', ( #5288 ), #4917 ) ;
#2903 = ADVANCED_FACE ( 'NONE', ( #4804 ), #1026, .T. ) ;
#2904 =( GEOMETRIC_REPRESENTATION_CONTEXT ( 3 ) GLOBAL_UNCERTAINTY_ASSIGNED_CONTEXT ( ( #1467 ) ) GLOBAL_UNIT_ASSIGNED_CONTEXT ( ( #3444, #5177, #2485 ) ) REPRESENTATION_CONTEXT ( 'NONE', 'WORKASPACE' ) );
#2905 = PRESENTATION_STYLE_ASSIGNMENT (( #3232 ) ) ;
#2906 = DIRECTION ( 'NONE',  ( -1.000000000000000000, 0.000000000000000000, 0.000000000000000000 ) ) ;
#2907 =( NAMED_UNIT ( * ) SI_UNIT ( $, .STERADIAN. ) SOLID_ANGLE_UNIT ( ) );
#2908 = ORIENTED_EDGE ( 'NONE', *, *, #2481, .F. ) ;
#2909 = VECTOR ( 'NONE', #4421, 1000.000000000000000 ) ;
#2910 =( NAMED_UNIT ( * ) PLANE_ANGLE_UNIT ( ) SI_UNIT ( $, .RADIAN. ) );
#2911 = EDGE_CURVE ( 'NONE', #4327, #2608, #4607, .T. ) ;
#2912 = FILL_AREA_STYLE ('',( #2882 ) ) ;
#2913 =( LENGTH_UNIT ( ) NAMED_UNIT ( * ) SI_UNIT ( .MILLI., .METRE. ) );
#2914 = DIRECTION ( 'NONE',  ( 0.000000000000000000, -0.5000000000000167644, 0.8660254037844289376 ) ) ;
#2915 = PRESENTATION_STYLE_ASSIGNMENT (( #1221 ) ) ;
#2916 = PRESENTATION_LAYER_ASSIGNMENT (  '', '', ( #366 ) ) ;
#2917 = DIRECTION ( 'NONE',  ( 0.8660254037844289376, 0.000000000000000000, -0.5000000000000167644 ) ) ;
#2918 = EDGE_LOOP ( 'NONE', ( #513, #2807, #2067, #448, #4378, #5185 ) ) ;
#2919 = ORIENTED_EDGE ( 'NONE', *, *, #742, .F. ) ;
#2920 = VECTOR ( 'NONE', #439, 1000.000000000000114 ) ;
#2921 = CARTESIAN_POINT ( 'NONE',  ( -4.786937359832101890, 2.700000000000001510, -5.687326708879826498 ) ) ;
#2922 = PRESENTATION_STYLE_ASSIGNMENT (( #1273 ) ) ;
#2923 = VECTOR ( 'NONE', #104, 1000.000000000000000 ) ;
#2924 = CARTESIAN_POINT ( 'NONE',  ( -1.850000000000000089, -1.300000000000000266, -1.040000000000000036 ) ) ;
#2925 = UNCERTAINTY_MEASURE_WITH_UNIT (LENGTH_MEASURE( 1.000000000000000082E-05 ), #3229, 'distance_accuracy_value', 'NONE');
#2926 =( LENGTH_UNIT ( ) NAMED_UNIT ( * ) SI_UNIT ( .MILLI., .METRE. ) );
#2927 = ORIENTED_EDGE ( 'NONE', *, *, #713, .F. ) ;
#2928 = COLOUR_RGB ( '',0.9803921568627450567, 0.9411764705882352811, 0.7843137254901960675 ) ;
#2929 = LINE ( 'NONE', #2502, #4924 ) ;
#2930 = PRESENTATION_STYLE_ASSIGNMENT (( #3783 ) ) ;
#2931 = COLOUR_RGB ( '',0.8431372549019607865, 0.8431372549019607865, 0.8431372549019607865 ) ;
#2932 = VECTOR ( 'NONE', #207, 1000.000000000000000 ) ;
#2933 =( NAMED_UNIT ( * ) SI_UNIT ( $, .STERADIAN. ) SOLID_ANGLE_UNIT ( ) );
#2934 = ORIENTED_EDGE ( 'NONE', *, *, #319, .F. ) ;
#2935 = AXIS2_PLACEMENT_3D ( 'NONE', #390, #4645, #1218 ) ;
#2936 = ORIENTED_EDGE ( 'NONE', *, *, #839, .T. ) ;
#2937 = ADVANCED_FACE ( 'NONE', ( #5448 ), #4116, .F. ) ;
#2938 = DIRECTION ( 'NONE',  ( 0.000000000000000000, -0.05233595624294862247, 0.9986295347545736112 ) ) ;
#2939 = LINE ( 'NONE', #3268, #4828 ) ;
#2940 = SURFACE_SIDE_STYLE ('',( #1239 ) ) ;
#2941 = FILL_AREA_STYLE_COLOUR ( '', #1015 ) ;
#2942 =( NAMED_UNIT ( * ) PLANE_ANGLE_UNIT ( ) SI_UNIT ( $, .RADIAN. ) );
#2943 = CARTESIAN_POINT ( 'NONE',  ( -4.000000000000000000, 2.689999999999999947, -0.2052340201469000647 ) ) ;
#2944 = FILL_AREA_STYLE ('',( #3361 ) ) ;
#2945 = ADVANCED_FACE ( 'NONE', ( #3699 ), #2991, .F. ) ;
#2946 = CARTESIAN_POINT ( 'NONE',  ( -4.700000000000000178, -2.700000000000000178, -1.199999999999999956 ) ) ;
#2947 = COLOUR_RGB ( '',0.8431372549019607865, 0.8431372549019607865, 0.8431372549019607865 ) ;
#2948 =( GEOMETRIC_REPRESENTATION_CONTEXT ( 3 ) GLOBAL_UNCERTAINTY_ASSIGNED_CONTEXT ( ( #2063 ) ) GLOBAL_UNIT_ASSIGNED_CONTEXT ( ( #1402, #4371, #3124 ) ) REPRESENTATION_CONTEXT ( 'NONE', 'WORKASPACE' ) );
#2949 = CARTESIAN_POINT ( 'NONE',  ( 0.000000000000000000, -2.730000000000000426, -1.000000000000000000 ) ) ;
#2950 = DIRECTION ( 'NONE',  ( 0.000000000000000000, -0.9986295347545738332, -0.05233595624294426485 ) ) ;
#2951 = ORIENTED_EDGE ( 'NONE', *, *, #1001, .T. ) ;
#2952 = EDGE_CURVE ( 'NONE', #5349, #4395, #4690, .T. ) ;
#2953 = CARTESIAN_POINT ( 'NONE',  ( 1.800000000000000488, 2.689999999999999947, -0.2052340201469000647 ) ) ;
#2954 = VERTEX_POINT ( 'NONE', #490 ) ;
#2955 = CARTESIAN_POINT ( 'NONE',  ( -4.469999999999876295, -2.290000000000000036, -1.200000000000214673 ) ) ;
#2956 = DIRECTION ( 'NONE',  ( -1.000000000000000000, -0.000000000000000000, -0.000000000000000000 ) ) ;
#2957 = LINE ( 'NONE', #126, #1461 ) ;
#2958 = ORIENTED_EDGE ( 'NONE', *, *, #4683, .F. ) ;
#2959 = PLANE ( 'NONE',  #5313 ) ;
#2960 = MECHANICAL_DESIGN_GEOMETRIC_PRESENTATION_REPRESENTATION (  '', ( #147 ), #507 ) ;
#2961 = CARTESIAN_POINT ( 'NONE',  ( 1.399999999999999911, -2.689999999999999947, -0.2052340201469000092 ) ) ;
#2962 = CARTESIAN_POINT ( 'NONE',  ( -4.699999999999999289, -2.912132034355964461, -5.562132034355964372 ) ) ;
#2963 = ORIENTED_EDGE ( 'NONE', *, *, #4647, .F. ) ;
#2964 = ORIENTED_EDGE ( 'NONE', *, *, #3935, .T. ) ;
#2965 =( LENGTH_UNIT ( ) NAMED_UNIT ( * ) SI_UNIT ( .MILLI., .METRE. ) );
#2966 = FILL_AREA_STYLE_COLOUR ( '', #4390 ) ;
#2967 = AXIS2_PLACEMENT_3D ( 'NONE', #2587, #3018, #4688 ) ;
#2968 = CARTESIAN_POINT ( 'NONE',  ( -5.036492374042709663, 2.876705599558068371, -5.259887319042351628 ) ) ;
#2969 = SURFACE_STYLE_FILL_AREA ( #3027 ) ;
#2970 = ADVANCED_FACE ( 'NONE', ( #459 ), #3658, .T. ) ;
#2971 = SURFACE_SIDE_STYLE ('',( #4642 ) ) ;
#2972 =( NAMED_UNIT ( * ) SI_UNIT ( $, .STERADIAN. ) SOLID_ANGLE_UNIT ( ) );
#2973 = CARTESIAN_POINT ( 'NONE',  ( 1.399999999999999911, -3.747850393436220617, -0.1497944302131884176 ) ) ;
#2974 = EDGE_CURVE ( 'NONE', #3683, #2659, #2711, .T. ) ;
#2975 = ORIENTED_EDGE ( 'NONE', *, *, #3922, .T. ) ;
#2976 = STYLED_ITEM ( 'NONE', ( #4633 ), #2945 ) ;
#2977 = SURFACE_SIDE_STYLE ('',( #3826 ) ) ;
#2978 = DIRECTION ( 'NONE',  ( -1.000000000000000000, -0.000000000000000000, -0.000000000000000000 ) ) ;
#2979 = ADVANCED_FACE ( 'NONE', ( #4879 ), #2332, .F. ) ;
#2980 = AXIS2_PLACEMENT_3D ( 'NONE', #512, #3041, #3882 ) ;
#2981 = DIRECTION ( 'NONE',  ( -0.000000000000000000, -0.000000000000000000, 1.000000000000000000 ) ) ;
#2982 = VERTEX_POINT ( 'NONE', #600 ) ;
#2983 =( NAMED_UNIT ( * ) SI_UNIT ( $, .STERADIAN. ) SOLID_ANGLE_UNIT ( ) );
#2984 = COLOUR_RGB ( '',0.9803921568627450567, 0.9411764705882352811, 0.7843137254901960675 ) ;
#2985 = COLOUR_RGB ( '',0.8431372549019607865, 0.8431372549019607865, 0.8431372549019607865 ) ;
#2986 = DIRECTION ( 'NONE',  ( 0.000000000000000000, -1.000000000000000000, 0.000000000000000000 ) ) ;
#2987 = DIRECTION ( 'NONE',  ( 0.000000000000000000, 0.000000000000000000, 1.000000000000000000 ) ) ;
#2988 = DIRECTION ( 'NONE',  ( -1.000000000000000000, -0.000000000000000000, -0.000000000000000000 ) ) ;
#2989 = CIRCLE ( 'NONE', #1659, 0.2999999999999999334 ) ;
#2990 =( GEOMETRIC_REPRESENTATION_CONTEXT ( 3 ) GLOBAL_UNCERTAINTY_ASSIGNED_CONTEXT ( ( #6 ) ) GLOBAL_UNIT_ASSIGNED_CONTEXT ( ( #539, #124, #899 ) ) REPRESENTATION_CONTEXT ( 'NONE', 'WORKASPACE' ) );
#2991 = PLANE ( 'NONE',  #2455 ) ;
#2992 = VERTEX_POINT ( 'NONE', #4467 ) ;
#2993 = ORIENTED_EDGE ( 'NONE', *, *, #3038, .F. ) ;
#2994 =( LENGTH_UNIT ( ) NAMED_UNIT ( * ) SI_UNIT ( .MILLI., .METRE. ) );
#2995 = CARTESIAN_POINT ( 'NONE',  ( 1.399999999999999911, 3.747850393436000793, -0.1497944302132113159 ) ) ;
#2996 = AXIS2_PLACEMENT_3D ( 'NONE', #4000, #4402, #636 ) ;
#2997 = VECTOR ( 'NONE', #2830, 1000.000000000000000 ) ;
#2998 =( LENGTH_UNIT ( ) NAMED_UNIT ( * ) SI_UNIT ( .MILLI., .METRE. ) );
#2999 =( NAMED_UNIT ( * ) SI_UNIT ( $, .STERADIAN. ) SOLID_ANGLE_UNIT ( ) );
#3000 =( GEOMETRIC_REPRESENTATION_CONTEXT ( 3 ) GLOBAL_UNCERTAINTY_ASSIGNED_CONTEXT ( ( #4679 ) ) GLOBAL_UNIT_ASSIGNED_CONTEXT ( ( #3231, #5354, #3568 ) ) REPRESENTATION_CONTEXT ( 'NONE', 'WORKASPACE' ) );
#3001 = AXIS2_PLACEMENT_3D ( 'NONE', #3848, #4344, #1346 ) ;
#3002 = FILL_AREA_STYLE ('',( #1916 ) ) ;
#3003 = LINE ( 'NONE', #2180, #1876 ) ;
#3004 = CARTESIAN_POINT ( 'NONE',  ( -5.000000000000000000, -10.82160000000000011, -5.349999999999999645 ) ) ;
#3005 = DIRECTION ( 'NONE',  ( 0.000000000000000000, -1.000000000000000000, -0.000000000000000000 ) ) ;
#3006 = SURFACE_STYLE_FILL_AREA ( #1296 ) ;
#3007 = SURFACE_STYLE_USAGE ( .BOTH. , #5095 ) ;
#3008 = ADVANCED_FACE ( 'NONE', ( #1914 ), #2276, .T. ) ;
#3009 =( LENGTH_UNIT ( ) NAMED_UNIT ( * ) SI_UNIT ( .MILLI., .METRE. ) );
#3010 = AXIS2_PLACEMENT_3D ( 'NONE', #3363, #5035, #841 ) ;
#3011 = DIRECTION ( 'NONE',  ( 0.000000000000000000, 0.000000000000000000, 1.000000000000000000 ) ) ;
#3012 = PLANE ( 'NONE',  #4608 ) ;
#3013 = ORIENTED_EDGE ( 'NONE', *, *, #4620, .F. ) ;
#3014 = ORIENTED_EDGE ( 'NONE', *, *, #4040, .F. ) ;
#3015 = EDGE_CURVE ( 'NONE', #905, #1227, #1587, .T. ) ;
#3016 = ADVANCED_FACE ( 'NONE', ( #3637, #4543 ), #2388, .T. ) ;
#3017 =( LENGTH_UNIT ( ) NAMED_UNIT ( * ) SI_UNIT ( .MILLI., .METRE. ) );
#3018 = DIRECTION ( 'NONE',  ( 0.000000000000000000, 0.000000000000000000, -1.000000000000000000 ) ) ;
#3019 = VECTOR ( 'NONE', #4387, 1000.000000000000000 ) ;
#3020 = EDGE_LOOP ( 'NONE', ( #1810, #4141, #967, #4853 ) ) ;
#3021 = VERTEX_POINT ( 'NONE', #2466 ) ;
#3022 = PRESENTATION_LAYER_ASSIGNMENT (  '', '', ( #1593 ) ) ;
#3023 = EDGE_CURVE ( 'NONE', #5104, #3080, #2025, .T. ) ;
#3024 = SURFACE_SIDE_STYLE ('',( #1744 ) ) ;
#3025 = FILL_AREA_STYLE ('',( #3491 ) ) ;
#3026 = PRESENTATION_STYLE_ASSIGNMENT (( #5200 ) ) ;
#3027 = FILL_AREA_STYLE ('',( #3406 ) ) ;
#3028 = SURFACE_STYLE_USAGE ( .BOTH. , #2971 ) ;
#3029 = SURFACE_STYLE_FILL_AREA ( #21 ) ;
#3030 =( LENGTH_UNIT ( ) NAMED_UNIT ( * ) SI_UNIT ( .MILLI., .METRE. ) );
#3031 = CIRCLE ( 'NONE', #1883, 0.02999999999999964501 ) ;
#3032 = LINE ( 'NONE', #167, #4748 ) ;
#3033 = PRESENTATION_LAYER_ASSIGNMENT (  '', '', ( #2418 ) ) ;
#3034 = DIRECTION ( 'NONE',  ( -1.000000000000000000, 0.000000000000000000, 0.000000000000000000 ) ) ;
#3035 = STYLED_ITEM ( 'NONE', ( #506 ), #931 ) ;
#3036 = CARTESIAN_POINT ( 'NONE',  ( -4.000000000000000000, 2.689999999999999947, -0.2052340201469000092 ) ) ;
#3037 =( NAMED_UNIT ( * ) PLANE_ANGLE_UNIT ( ) SI_UNIT ( $, .RADIAN. ) );
#3038 = EDGE_CURVE ( 'NONE', #5165, #2335, #3340, .T. ) ;
#3039 = FILL_AREA_STYLE_COLOUR ( '', #1516 ) ;
#3040 = UNCERTAINTY_MEASURE_WITH_UNIT (LENGTH_MEASURE( 1.000000000000000082E-05 ), #3009, 'distance_accuracy_value', 'NONE');
#3041 = DIRECTION ( 'NONE',  ( 0.000000000000000000, -1.000000000000000000, 0.000000000000000000 ) ) ;
#3042 = EDGE_LOOP ( 'NONE', ( #617, #3796, #3353, #237 ) ) ;
#3043 = VERTEX_POINT ( 'NONE', #4140 ) ;
#3044 =( LENGTH_UNIT ( ) NAMED_UNIT ( * ) SI_UNIT ( .MILLI., .METRE. ) );
#3045 = VERTEX_POINT ( 'NONE', #370 ) ;
#3046 = CARTESIAN_POINT ( 'NONE',  ( -4.000000000000000000, 0.000000000000000000, -1.199999999999999956 ) ) ;
#3047 = CARTESIAN_POINT ( 'NONE',  ( -3.600000000000000533, -2.689999999999999947, -1.199999999999999956 ) ) ;
#3048 = EDGE_CURVE ( 'NONE', #316, #2125, #3258, .T. ) ;
#3049 = UNCERTAINTY_MEASURE_WITH_UNIT (LENGTH_MEASURE( 1.000000000000000082E-05 ), #1154, 'distance_accuracy_value', 'NONE');
#3050 = ORIENTED_EDGE ( 'NONE', *, *, #1328, .T. ) ;
#3051 = VECTOR ( 'NONE', #701, 1000.000000000000000 ) ;
#3052 = EDGE_LOOP ( 'NONE', ( #363, #4794, #2993, #4888 ) ) ;
#3053 = DIRECTION ( 'NONE',  ( -1.000000000000000000, -0.000000000000000000, 0.000000000000000000 ) ) ;
#3054 = CARTESIAN_POINT ( 'NONE',  ( -3.600000000000000533, -2.689999999999999947, -0.2052340201469000092 ) ) ;
#3055 =( GEOMETRIC_REPRESENTATION_CONTEXT ( 3 ) GLOBAL_UNCERTAINTY_ASSIGNED_CONTEXT ( ( #1095 ) ) GLOBAL_UNIT_ASSIGNED_CONTEXT ( ( #3516, #3132, #1394 ) ) REPRESENTATION_CONTEXT ( 'NONE', 'WORKASPACE' ) );
#3056 = DIRECTION ( 'NONE',  ( -1.000000000000000000, 0.000000000000000000, 0.000000000000000000 ) ) ;
#3057 = SURFACE_STYLE_USAGE ( .BOTH. , #3467 ) ;
#3058 = CARTESIAN_POINT ( 'NONE',  ( -4.700000000000000178, -2.730000000000000426, -1.199999999999999956 ) ) ;
#3059 = COLOUR_RGB ( '',0.9803921568627450567, 0.9411764705882352811, 0.7843137254901960675 ) ;
#3060 = DIRECTION ( 'NONE',  ( 0.000000000000000000, -0.05233595624294862247, -0.9986295347545736112 ) ) ;
#3061 = CARTESIAN_POINT ( 'NONE',  ( -2.850000000000000089, 1.300000000000000266, -1.199999999999999956 ) ) ;
#3062 = PRESENTATION_STYLE_ASSIGNMENT (( #3472 ) ) ;
#3063 = SURFACE_STYLE_FILL_AREA ( #1375 ) ;
#3064 = DIRECTION ( 'NONE',  ( -1.000000000000000000, -0.000000000000000000, -0.000000000000000000 ) ) ;
#3065 = DIRECTION ( 'NONE',  ( 0.000000000000000000, -0.8660254037844289376, 0.5000000000000167644 ) ) ;
#3066 = CARTESIAN_POINT ( 'NONE',  ( -18.03600000000000492, 2.995803989154981473, -5.399999999999996803 ) ) ;
#3067 = DIRECTION ( 'NONE',  ( 1.000000000000000000, 0.000000000000000000, -0.000000000000000000 ) ) ;
#3068 = DIRECTION ( 'NONE',  ( 0.000000000000000000, 1.000000000000000000, 0.000000000000000000 ) ) ;
#3069 = PRESENTATION_LAYER_ASSIGNMENT (  '', '', ( #5445 ) ) ;
#3070 =( NAMED_UNIT ( * ) SI_UNIT ( $, .STERADIAN. ) SOLID_ANGLE_UNIT ( ) );
#3071 = ORIENTED_EDGE ( 'NONE', *, *, #1052, .T. ) ;
#3072 = LINE ( 'NONE', #4735, #646 ) ;
#3073 = EDGE_LOOP ( 'NONE', ( #4241, #741, #5131, #3856, #4168, #2326, #831, #5451 ) ) ;
#3074 = EDGE_CURVE ( 'NONE', #2663, #4818, #4938, .T. ) ;
#3075 =( NAMED_UNIT ( * ) SI_UNIT ( $, .STERADIAN. ) SOLID_ANGLE_UNIT ( ) );
#3076 = SURFACE_STYLE_USAGE ( .BOTH. , #599 ) ;
#3077 = EDGE_LOOP ( 'NONE', ( #2050, #3128 ) ) ;
#3078 = DIRECTION ( 'NONE',  ( 0.000000000000000000, 1.301042606982605636E-14, -1.000000000000000000 ) ) ;
#3079 = AXIS2_PLACEMENT_3D ( 'NONE', #4188, #7, #4214 ) ;
#3080 = VERTEX_POINT ( 'NONE', #2407 ) ;
#3081 = DIRECTION ( 'NONE',  ( 0.000000000000000000, 0.000000000000000000, 1.000000000000000000 ) ) ;
#3082 = ADVANCED_FACE ( 'NONE', ( #4083 ), #315, .F. ) ;
#3083 = DIRECTION ( 'NONE',  ( 0.000000000000000000, -1.000000000000000000, 0.000000000000000000 ) ) ;
#3084 = CIRCLE ( 'NONE', #695, 0.5500000000000001554 ) ;
#3085 = VECTOR ( 'NONE', #1438, 1000.000000000000114 ) ;
#3086 = LINE ( 'NONE', #1720, #3924 ) ;
#3087 = EDGE_LOOP ( 'NONE', ( #5186, #3156, #4691, #3595, #4800, #3527 ) ) ;
#3088 = MECHANICAL_DESIGN_GEOMETRIC_PRESENTATION_REPRESENTATION (  '', ( #4128 ), #1290 ) ;
#3089 = CARTESIAN_POINT ( 'NONE',  ( 4.000000000000000000, -2.540000000000000036, -1.199999999999999956 ) ) ;
#3090 = EDGE_CURVE ( 'NONE', #1943, #3043, #1553, .T. ) ;
#3091 = SURFACE_STYLE_FILL_AREA ( #894 ) ;
#3092 = AXIS2_PLACEMENT_3D ( 'NONE', #1421, #3083, #914 ) ;
#3093 = SURFACE_STYLE_USAGE ( .BOTH. , #1003 ) ;
#3094 = DIRECTION ( 'NONE',  ( 0.000000000000000000, 0.000000000000000000, 1.000000000000000000 ) ) ;
#3095 = COLOUR_RGB ( '',0.9803921568627450567, 0.9411764705882352811, 0.7843137254901960675 ) ;
#3096 = CARTESIAN_POINT ( 'NONE',  ( -1.850000000000000089, -1.300000000000000266, -0.6284232335023000049 ) ) ;
#3097 = CARTESIAN_POINT ( 'NONE',  ( -4.876705599558067483, -3.036492374042710995, -5.259887319042351628 ) ) ;
#3098 = ORIENTED_EDGE ( 'NONE', *, *, #1761, .F. ) ;
#3099 = ORIENTED_EDGE ( 'NONE', *, *, #3839, .F. ) ;
#3100 = VERTEX_POINT ( 'NONE', #823 ) ;
#3101 = LINE ( 'NONE', #5137, #3802 ) ;
#3102 = UNCERTAINTY_MEASURE_WITH_UNIT (LENGTH_MEASURE( 1.000000000000000082E-05 ), #2291, 'distance_accuracy_value', 'NONE');
#3103 = CARTESIAN_POINT ( 'NONE',  ( 4.699999999999998401, 2.910915798935654220, -5.136658663735003572 ) ) ;
#3104 = ORIENTED_EDGE ( 'NONE', *, *, #4961, .T. ) ;
#3105 = STYLED_ITEM ( 'NONE', ( #3445 ), #229 ) ;
#3106 = CARTESIAN_POINT ( 'NONE',  ( 1.850000000000000089, -1.300000000000000266, -1.199999999999999956 ) ) ;
#3107 = EDGE_LOOP ( 'NONE', ( #3889, #5295, #1072, #3341 ) ) ;
#3108 = CARTESIAN_POINT ( 'NONE',  ( 3.600000000000000533, -3.747850393435999905, -0.1497944302131999916 ) ) ;
#3109 = SURFACE_STYLE_FILL_AREA ( #1831 ) ;
#3110 = PRESENTATION_STYLE_ASSIGNMENT (( #4859 ) ) ;
#3111 =( NAMED_UNIT ( * ) SI_UNIT ( $, .STERADIAN. ) SOLID_ANGLE_UNIT ( ) );
#3112 = CARTESIAN_POINT ( 'NONE',  ( -2.850000000000000089, -1.300000000000000266, -1.040000000000000036 ) ) ;
#3113 = STYLED_ITEM ( 'NONE', ( #1310 ), #5233 ) ;
#3114 = EDGE_CURVE ( 'NONE', #127, #3804, #2957, .T. ) ;
#3115 = VERTEX_POINT ( 'NONE', #66 ) ;
#3116 =( GEOMETRIC_REPRESENTATION_CONTEXT ( 3 ) GLOBAL_UNCERTAINTY_ASSIGNED_CONTEXT ( ( #3375 ) ) GLOBAL_UNIT_ASSIGNED_CONTEXT ( ( #579, #3180, #2253 ) ) REPRESENTATION_CONTEXT ( 'NONE', 'WORKASPACE' ) );
#3117 =( NAMED_UNIT ( * ) PLANE_ANGLE_UNIT ( ) SI_UNIT ( $, .RADIAN. ) );
#3118 = SURFACE_SIDE_STYLE ('',( #609 ) ) ;
#3119 = COLOUR_RGB ( '',0.8431372549019607865, 0.8431372549019607865, 0.8431372549019607865 ) ;
#3120 = STYLED_ITEM ( 'NONE', ( #129 ), #684 ) ;
#3121 = DIRECTION ( 'NONE',  ( -0.000000000000000000, 0.05233595624294862941, 0.9986295347545737222 ) ) ;
#3122 =( NAMED_UNIT ( * ) PLANE_ANGLE_UNIT ( ) SI_UNIT ( $, .RADIAN. ) );
#3123 = EDGE_CURVE ( 'NONE', #2796, #4598, #848, .T. ) ;
#3124 =( NAMED_UNIT ( * ) SI_UNIT ( $, .STERADIAN. ) SOLID_ANGLE_UNIT ( ) );
#3125 = STYLED_ITEM ( 'NONE', ( #524 ), #1536 ) ;
#3126 = CARTESIAN_POINT ( 'NONE',  ( -0.3999999999999999667, -2.689999999999999503, -0.2052340201468943470 ) ) ;
#3127 =( GEOMETRIC_REPRESENTATION_CONTEXT ( 3 ) GLOBAL_UNCERTAINTY_ASSIGNED_CONTEXT ( ( #2562 ) ) GLOBAL_UNIT_ASSIGNED_CONTEXT ( ( #1963, #1115, #2604 ) ) REPRESENTATION_CONTEXT ( 'NONE', 'WORKASPACE' ) );
#3128 = ORIENTED_EDGE ( 'NONE', *, *, #3412, .T. ) ;
#3129 = ORIENTED_EDGE ( 'NONE', *, *, #1790, .T. ) ;
#3130 = LINE ( 'NONE', #1479, #5221 ) ;
#3131 = ORIENTED_EDGE ( 'NONE', *, *, #597, .T. ) ;
#3132 =( NAMED_UNIT ( * ) PLANE_ANGLE_UNIT ( ) SI_UNIT ( $, .RADIAN. ) );
#3133 = ORIENTED_EDGE ( 'NONE', *, *, #3350, .F. ) ;
#3134 = SURFACE_STYLE_FILL_AREA ( #1424 ) ;
#3135 = CARTESIAN_POINT ( 'NONE',  ( -4.000000000000000000, 3.740000000000000213, 0.000000000000000000 ) ) ;
#3136 = AXIS2_PLACEMENT_3D ( 'NONE', #4451, #605, #221 ) ;
#3137 = PRODUCT_RELATED_PRODUCT_CATEGORY ( 'part', '', ( #2089 ) ) ;
#3138 = CARTESIAN_POINT ( 'NONE',  ( -4.700000000000000178, -10.82160000000000011, -5.349999999999999645 ) ) ;
#3139 = AXIS2_PLACEMENT_3D ( 'NONE', #2854, #3759, #4528 ) ;
#3140 = DIRECTION ( 'NONE',  ( -1.000000000000000000, -0.000000000000000000, -0.000000000000000000 ) ) ;
#3141 = SURFACE_STYLE_USAGE ( .BOTH. , #70 ) ;
#3142 = ADVANCED_FACE ( 'NONE', ( #4706 ), #4601, .T. ) ;
#3143 =( NAMED_UNIT ( * ) SI_UNIT ( $, .STERADIAN. ) SOLID_ANGLE_UNIT ( ) );
#3144 = UNCERTAINTY_MEASURE_WITH_UNIT (LENGTH_MEASURE( 1.000000000000000082E-05 ), #1502, 'distance_accuracy_value', 'NONE');
#3145 = DIRECTION ( 'NONE',  ( -1.000000000000000000, 0.000000000000000000, 0.000000000000000000 ) ) ;
#3146 = FILL_AREA_STYLE_COLOUR ( '', #5117 ) ;
#3147 = ORIENTED_EDGE ( 'NONE', *, *, #2431, .T. ) ;
#3148 = DIRECTION ( 'NONE',  ( -0.000000000000000000, 0.000000000000000000, -1.000000000000000000 ) ) ;
#3149 = VERTEX_POINT ( 'NONE', #452 ) ;
#3150 = EDGE_CURVE ( 'NONE', #5249, #2554, #2579, .T. ) ;
#3151 = CARTESIAN_POINT ( 'NONE',  ( 4.979938321478004859, 2.817693113937940641, -5.399999999999960387 ) ) ;
#3152 = VECTOR ( 'NONE', #4123, 1000.000000000000000 ) ;
#3153 = FACE_OUTER_BOUND ( 'NONE', #2166, .T. ) ;
#3154 = UNCERTAINTY_MEASURE_WITH_UNIT (LENGTH_MEASURE( 1.000000000000000082E-05 ), #408, 'distance_accuracy_value', 'NONE');
#3155 = ORIENTED_EDGE ( 'NONE', *, *, #1938, .T. ) ;
#3156 = ORIENTED_EDGE ( 'NONE', *, *, #1165, .F. ) ;
#3157 = PRESENTATION_LAYER_ASSIGNMENT (  '', '', ( #260 ) ) ;
#3158 =( NAMED_UNIT ( * ) PLANE_ANGLE_UNIT ( ) SI_UNIT ( $, .RADIAN. ) );
#3159 = FILL_AREA_STYLE ('',( #3540 ) ) ;
#3160 =( GEOMETRIC_REPRESENTATION_CONTEXT ( 3 ) GLOBAL_UNCERTAINTY_ASSIGNED_CONTEXT ( ( #1413 ) ) GLOBAL_UNIT_ASSIGNED_CONTEXT ( ( #3594, #3310, #3661 ) ) REPRESENTATION_CONTEXT ( 'NONE', 'WORKASPACE' ) );
#3161 = FILL_AREA_STYLE_COLOUR ( '', #4374 ) ;
#3162 = FACE_OUTER_BOUND ( 'NONE', #4215, .T. ) ;
#3163 = VECTOR ( 'NONE', #4156, 1000.000000000000114 ) ;
#3164 = CARTESIAN_POINT ( 'NONE',  ( 4.700000000000000178, -2.700000000000000178, 5.061740000000000350 ) ) ;
#3165 = FACE_OUTER_BOUND ( 'NONE', #4415, .T. ) ;
#3166 = SURFACE_STYLE_FILL_AREA ( #1131 ) ;
#3167 =( GEOMETRIC_REPRESENTATION_CONTEXT ( 3 ) GLOBAL_UNCERTAINTY_ASSIGNED_CONTEXT ( ( #233 ) ) GLOBAL_UNIT_ASSIGNED_CONTEXT ( ( #3967, #5263, #2169 ) ) REPRESENTATION_CONTEXT ( 'NONE', 'WORKASPACE' ) );
#3168 = PRESENTATION_LAYER_ASSIGNMENT (  '', '', ( #704 ) ) ;
#3169 = PRESENTATION_STYLE_ASSIGNMENT (( #568 ) ) ;
#3170 = SURFACE_STYLE_USAGE ( .BOTH. , #281 ) ;
#3171 = AXIS2_PLACEMENT_3D ( 'NONE', #3842, #190, #887 ) ;
#3173 = VERTEX_POINT ( 'NONE', #2702 ) ;
#3172 = ADVANCED_FACE ( 'NONE', ( #541 ), #3394, .T. ) ;
#3174 = ORIENTED_EDGE ( 'NONE', *, *, #4163, .T. ) ;
#3175 = CARTESIAN_POINT ( 'NONE',  ( 1.399999999999999911, 2.689999999999999947, -0.2052340201469000924 ) ) ;
#3176 = FILL_AREA_STYLE ('',( #1474 ) ) ;
#3177 = ORIENTED_EDGE ( 'NONE', *, *, #1074, .F. ) ;
#3178 = EDGE_CURVE ( 'NONE', #4536, #4824, #1111, .T. ) ;
#3179 = EDGE_CURVE ( 'NONE', #4004, #1305, #1932, .T. ) ;
#3180 =( NAMED_UNIT ( * ) PLANE_ANGLE_UNIT ( ) SI_UNIT ( $, .RADIAN. ) );
#3181 = VERTEX_POINT ( 'NONE', #3525 ) ;
#3182 = CARTESIAN_POINT ( 'NONE',  ( 4.573742182490724062, -2.999986676132685215, -5.472259282061489039 ) ) ;
#3183 = AXIS2_PLACEMENT_3D ( 'NONE', #1554, #2756, #3195 ) ;
#3184 = DIRECTION ( 'NONE',  ( 0.000000000000000000, -0.9986295347545737222, 0.05233595624294862941 ) ) ;
#3185 =( NAMED_UNIT ( * ) PLANE_ANGLE_UNIT ( ) SI_UNIT ( $, .RADIAN. ) );
#3186 = EDGE_CURVE ( 'NONE', #4452, #5349, #3613, .T. ) ;
#3187 = ORIENTED_EDGE ( 'NONE', *, *, #2617, .T. ) ;
#3188 = FILL_AREA_STYLE_COLOUR ( '', #1078 ) ;
#3189 = CARTESIAN_POINT ( 'NONE',  ( -0.4000000000000000222, -3.747850393435999905, -0.1497944302131999916 ) ) ;
#3190 = DIRECTION ( 'NONE',  ( 0.000000000000000000, 0.000000000000000000, -1.000000000000000000 ) ) ;
#3191 = PRESENTATION_LAYER_ASSIGNMENT (  '', '', ( #1143 ) ) ;
#3192 = CARTESIAN_POINT ( 'NONE',  ( -4.875728126347302016, -2.485878119317074031, -5.560123345235143510 ) ) ;
#3193 = CARTESIAN_POINT ( 'NONE',  ( 1.850000000000000089, 0.000000000000000000, -1.199999999999999956 ) ) ;
#3194 = MECHANICAL_DESIGN_GEOMETRIC_PRESENTATION_REPRESENTATION (  '', ( #1593 ), #5309 ) ;
#3195 = DIRECTION ( 'NONE',  ( 0.000000000000000000, -0.000000000000000000, -1.000000000000000000 ) ) ;
#3196 = ORIENTED_EDGE ( 'NONE', *, *, #1238, .T. ) ;
#3197 = DIRECTION ( 'NONE',  ( -0.000000000000000000, -0.000000000000000000, -1.000000000000000000 ) ) ;
#3198 = ORIENTED_EDGE ( 'NONE', *, *, #2779, .F. ) ;
#3199 = VECTOR ( 'NONE', #795, 1000.000000000000000 ) ;
#3200 = VECTOR ( 'NONE', #263, 1000.000000000000000 ) ;
#3201 = ADVANCED_FACE ( 'NONE', ( #3584 ), #1821, .T. ) ;
#3202 = UNCERTAINTY_MEASURE_WITH_UNIT (LENGTH_MEASURE( 1.000000000000000082E-05 ), #2667, 'distance_accuracy_value', 'NONE');
#3203 = DIRECTION ( 'NONE',  ( 0.000000000000000000, 0.000000000000000000, 1.000000000000000000 ) ) ;
#3204 = ORIENTED_EDGE ( 'NONE', *, *, #4991, .F. ) ;
#3205 = CARTESIAN_POINT ( 'NONE',  ( -2.850000000000000089, -1.300000000000000266, -1.199999999999999956 ) ) ;
#3206 = COLOUR_RGB ( '',0.9803921568627450567, 0.9411764705882352811, 0.7843137254901960675 ) ;
#3207 = ORIENTED_EDGE ( 'NONE', *, *, #4385, .F. ) ;
#3208 = PRESENTATION_LAYER_ASSIGNMENT (  '', '', ( #1242 ) ) ;
#3209 = LINE ( 'NONE', #5225, #1289 ) ;
#3210 = EDGE_CURVE ( 'NONE', #2703, #482, #4762, .T. ) ;
#3211 = CARTESIAN_POINT ( 'NONE',  ( -0.8000000000000000444, 0.000000000000000000, -1.000000000000000000 ) ) ;
#3212 = ORIENTED_EDGE ( 'NONE', *, *, #2615, .F. ) ;
#3213 = LINE ( 'NONE', #2773, #3282 ) ;
#3214 = DIRECTION ( 'NONE',  ( 0.000000000000000000, 0.7071067811865466846, -0.7071067811865481278 ) ) ;
#3215 = CARTESIAN_POINT ( 'NONE',  ( -0.8000000000000000444, -2.689999999999999947, -1.000000000000000000 ) ) ;
#3216 =( LENGTH_UNIT ( ) NAMED_UNIT ( * ) SI_UNIT ( .MILLI., .METRE. ) );
#3217 = MECHANICAL_DESIGN_GEOMETRIC_PRESENTATION_REPRESENTATION (  '', ( #4014 ), #3398 ) ;
#3218 = PRESENTATION_LAYER_ASSIGNMENT (  '', '', ( #1347 ) ) ;
#3219 = CARTESIAN_POINT ( 'NONE',  ( 4.000000000000000000, 2.689999999999999947, -1.199999999999999956 ) ) ;
#3220 = ORIENTED_EDGE ( 'NONE', *, *, #5399, .T. ) ;
#3221 = SURFACE_SIDE_STYLE ('',( #690 ) ) ;
#3222 = ORIENTED_EDGE ( 'NONE', *, *, #3114, .F. ) ;
#3223 = CIRCLE ( 'NONE', #1100, 0.02999999999999964501 ) ;
#3224 = DIRECTION ( 'NONE',  ( -1.000000000000000000, -0.000000000000000000, -0.000000000000000000 ) ) ;
#3225 = CARTESIAN_POINT ( 'NONE',  ( 4.700000000000000178, 1.199999999999999734, -5.650000000000000355 ) ) ;
#3226 = ORIENTED_EDGE ( 'NONE', *, *, #4046, .F. ) ;
#3227 =( LENGTH_UNIT ( ) NAMED_UNIT ( * ) SI_UNIT ( .MILLI., .METRE. ) );
#3228 = VERTEX_POINT ( 'NONE', #2730 ) ;
#3229 =( LENGTH_UNIT ( ) NAMED_UNIT ( * ) SI_UNIT ( .MILLI., .METRE. ) );
#3230 = AXIS2_PLACEMENT_3D ( 'NONE', #4283, #1748, #971 ) ;
#3231 =( LENGTH_UNIT ( ) NAMED_UNIT ( * ) SI_UNIT ( .MILLI., .METRE. ) );
#3232 = SURFACE_STYLE_USAGE ( .BOTH. , #1201 ) ;
#3233 = DIRECTION ( 'NONE',  ( -0.000000000000000000, 0.000000000000000000, -1.000000000000000000 ) ) ;
#3234 = ORIENTED_EDGE ( 'NONE', *, *, #4890, .T. ) ;
#3235 = EDGE_CURVE ( 'NONE', #109, #5024, #4354, .T. ) ;
#3236 = PLANE ( 'NONE',  #580 ) ;
#3237 = FACE_OUTER_BOUND ( 'NONE', #3588, .T. ) ;
#3238 = MECHANICAL_DESIGN_GEOMETRIC_PRESENTATION_REPRESENTATION (  '', ( #947 ), #1198 ) ;
#3239 = SURFACE_STYLE_FILL_AREA ( #1604 ) ;
#3240 = FILL_AREA_STYLE ('',( #1490 ) ) ;
#3241 = DIRECTION ( 'NONE',  ( -1.000000000000000000, 0.000000000000000000, -0.000000000000000000 ) ) ;
#3242 = VECTOR ( 'NONE', #893, 1000.000000000000000 ) ;
#3243 = EDGE_CURVE ( 'NONE', #5254, #244, #3938, .T. ) ;
#3244 = COLOUR_RGB ( '',0.7921568627450980005, 0.8196078431372548767, 0.9333333333333333481 ) ;
#3245 = FACE_OUTER_BOUND ( 'NONE', #3685, .T. ) ;
#3246 = FILL_AREA_STYLE_COLOUR ( '', #1046 ) ;
#3247 = AXIS2_PLACEMENT_3D ( 'NONE', #5277, #3641, #2715 ) ;
#3248 = MECHANICAL_DESIGN_GEOMETRIC_PRESENTATION_REPRESENTATION (  '', ( #94 ), #1473 ) ;
#3249 = CARTESIAN_POINT ( 'NONE',  ( -4.700000000000000178, 2.700000000000000178, -5.349999999999998757 ) ) ;
#3250 = ORIENTED_EDGE ( 'NONE', *, *, #58, .F. ) ;
#3251 = CARTESIAN_POINT ( 'NONE',  ( 3.600000000000000533, -2.689999999999999947, -0.2052340201469000092 ) ) ;
#3252 = VERTEX_POINT ( 'NONE', #5211 ) ;
#3253 = VECTOR ( 'NONE', #3721, 1000.000000000000000 ) ;
#3254 = CARTESIAN_POINT ( 'NONE',  ( -4.912132034355964905, 2.699999999999999734, -5.562132034355965260 ) ) ;
#3255 = CARTESIAN_POINT ( 'NONE',  ( 5.036492374042709663, -2.876705599558068371, -5.259887319042351628 ) ) ;
#3256 = STYLED_ITEM ( 'NONE', ( #3968 ), #3741 ) ;
#3257 = UNCERTAINTY_MEASURE_WITH_UNIT (LENGTH_MEASURE( 1.000000000000000082E-05 ), #219, 'distance_accuracy_value', 'NONE');
#3258 = LINE ( 'NONE', #1622, #5271 ) ;
#3259 = ORIENTED_EDGE ( 'NONE', *, *, #4745, .T. ) ;
#3260 =( NAMED_UNIT ( * ) PLANE_ANGLE_UNIT ( ) SI_UNIT ( $, .RADIAN. ) );
#3261 =( LENGTH_UNIT ( ) NAMED_UNIT ( * ) SI_UNIT ( .MILLI., .METRE. ) );
#3262 = FILL_AREA_STYLE ('',( #2439 ) ) ;
#3263 = UNCERTAINTY_MEASURE_WITH_UNIT (LENGTH_MEASURE( 1.000000000000000082E-05 ), #1944, 'distance_accuracy_value', 'NONE');
#3264 = DIRECTION ( 'NONE',  ( -1.000000000000000000, 0.000000000000000000, 0.000000000000000000 ) ) ;
#3265 = SURFACE_STYLE_USAGE ( .BOTH. , #1207 ) ;
#3266 = VERTEX_POINT ( 'NONE', #1134 ) ;
#3267 = DIRECTION ( 'NONE',  ( 0.000000000000000000, -0.000000000000000000, 1.000000000000000000 ) ) ;
#3268 = CARTESIAN_POINT ( 'NONE',  ( 0.000000000000000000, 1.199999999999999956, -5.650000000000000355 ) ) ;
#3269 = VECTOR ( 'NONE', #1222, 1000.000000000000114 ) ;
#3270 = EDGE_CURVE ( 'NONE', #3739, #1703, #4074, .T. ) ;
#3271 = LINE ( 'NONE', #4951, #3152 ) ;
#3272 = SURFACE_STYLE_USAGE ( .BOTH. , #1571 ) ;
#3273 = PRESENTATION_STYLE_ASSIGNMENT (( #1107 ) ) ;
#3274 =( GEOMETRIC_REPRESENTATION_CONTEXT ( 3 ) GLOBAL_UNCERTAINTY_ASSIGNED_CONTEXT ( ( #774 ) ) GLOBAL_UNIT_ASSIGNED_CONTEXT ( ( #4785, #4756, #91 ) ) REPRESENTATION_CONTEXT ( 'NONE', 'WORKASPACE' ) );
#3275 =( NAMED_UNIT ( * ) SI_UNIT ( $, .STERADIAN. ) SOLID_ANGLE_UNIT ( ) );
#3276 = VECTOR ( 'NONE', #714, 1000.000000000000000 ) ;
#3277 = PLANE ( 'NONE',  #1941 ) ;
#3278 = ADVANCED_FACE ( 'NONE', ( #362 ), #1112, .T. ) ;
#3279 = ORIENTED_EDGE ( 'NONE', *, *, #3740, .F. ) ;
#3280 = CARTESIAN_POINT ( 'NONE',  ( 4.700000000000000178, 3.000000000000000000, -1.000000000000000000 ) ) ;
#3281 = ORIENTED_EDGE ( 'NONE', *, *, #4324, .F. ) ;
#3282 = VECTOR ( 'NONE', #2006, 1000.000000000000000 ) ;
#3283 = PLANE ( 'NONE',  #1355 ) ;
#3284 = PRESENTATION_STYLE_ASSIGNMENT (( #1969 ) ) ;
#3285 = ORIENTED_EDGE ( 'NONE', *, *, #3590, .F. ) ;
#3286 = ORIENTED_EDGE ( 'NONE', *, *, #3480, .T. ) ;
#3287 = CIRCLE ( 'NONE', #307, 0.2999999999999999334 ) ;
#3288 = SURFACE_STYLE_FILL_AREA ( #5444 ) ;
#3289 = FILL_AREA_STYLE ('',( #1539 ) ) ;
#3290 = SURFACE_SIDE_STYLE ('',( #1174 ) ) ;
#3291 = FILL_AREA_STYLE_COLOUR ( '', #745 ) ;
#3292 = DIRECTION ( 'NONE',  ( 1.000000000000000000, 0.000000000000000000, -0.000000000000000000 ) ) ;
#3293 = APPLICATION_CONTEXT ( 'automotive_design' ) ;
#3294 = VERTEX_POINT ( 'NONE', #4102 ) ;
#3295 = FACE_OUTER_BOUND ( 'NONE', #3755, .T. ) ;
#3296 =( NAMED_UNIT ( * ) PLANE_ANGLE_UNIT ( ) SI_UNIT ( $, .RADIAN. ) );
#3297 = FACE_OUTER_BOUND ( 'NONE', #2835, .T. ) ;
#3298 = PLANE ( 'NONE',  #3980 ) ;
#3299 = DIRECTION ( 'NONE',  ( 0.000000000000000000, 0.9986295347545723899, 0.05233595624297000815 ) ) ;
#3300 = EDGE_CURVE ( 'NONE', #4395, #3739, #330, .T. ) ;
#3301 = FILL_AREA_STYLE ('',( #711 ) ) ;
#3302 = ORIENTED_EDGE ( 'NONE', *, *, #50, .T. ) ;
#3303 = FACE_OUTER_BOUND ( 'NONE', #2141, .T. ) ;
#3304 = ORIENTED_EDGE ( 'NONE', *, *, #1998, .F. ) ;
#3305 = EDGE_CURVE ( 'NONE', #2992, #3683, #2860, .T. ) ;
#3306 = CARTESIAN_POINT ( 'NONE',  ( 4.700000000000000178, -2.700000000000001066, -5.349999999999999645 ) ) ;
#3307 = CARTESIAN_POINT ( 'NONE',  ( -1.850000000000000089, -2.289999999999995151, -1.200000000000008837 ) ) ;
#3308 = CARTESIAN_POINT ( 'NONE',  ( -4.700000000000000178, -2.700000000000000178, -1.000000000000000000 ) ) ;
#3309 = UNCERTAINTY_MEASURE_WITH_UNIT (LENGTH_MEASURE( 1.000000000000000082E-05 ), #3337, 'distance_accuracy_value', 'NONE');
#3310 =( NAMED_UNIT ( * ) PLANE_ANGLE_UNIT ( ) SI_UNIT ( $, .RADIAN. ) );
#3311 = ORIENTED_EDGE ( 'NONE', *, *, #1328, .F. ) ;
#3312 = PRESENTATION_LAYER_ASSIGNMENT (  '', '', ( #416 ) ) ;
#3313 = EDGE_CURVE ( 'NONE', #222, #2663, #2457, .T. ) ;
#3314 = FILL_AREA_STYLE ('',( #744 ) ) ;
#3315 = FILL_AREA_STYLE_COLOUR ( '', #4661 ) ;
#3316 = VECTOR ( 'NONE', #1714, 1000.000000000000000 ) ;
#3317 =( NAMED_UNIT ( * ) SI_UNIT ( $, .STERADIAN. ) SOLID_ANGLE_UNIT ( ) );
#3318 =( NAMED_UNIT ( * ) PLANE_ANGLE_UNIT ( ) SI_UNIT ( $, .RADIAN. ) );
#3319 =( LENGTH_UNIT ( ) NAMED_UNIT ( * ) SI_UNIT ( .MILLI., .METRE. ) );
#3320 = CARTESIAN_POINT ( 'NONE',  ( -3.600000000000000089, -3.740000000000000213, 2.605477985889338765E-15 ) ) ;
#3321 = VERTEX_POINT ( 'NONE', #1577 ) ;
#3322 = AXIS2_PLACEMENT_3D ( 'NONE', #3164, #3190, #2722 ) ;
#3323 = LINE ( 'NONE', #4226, #4042 ) ;
#3324 = LINE ( 'NONE', #2512, #1724 ) ;
#3325 =( GEOMETRIC_REPRESENTATION_CONTEXT ( 3 ) GLOBAL_UNCERTAINTY_ASSIGNED_CONTEXT ( ( #4139 ) ) GLOBAL_UNIT_ASSIGNED_CONTEXT ( ( #1570, #2942, #1636 ) ) REPRESENTATION_CONTEXT ( 'NONE', 'WORKASPACE' ) );
#3326 = LINE ( 'NONE', #4095, #4995 ) ;
#3327 = CARTESIAN_POINT ( 'NONE',  ( 1.850000000000000089, 1.300000000000000266, -1.199999999999999956 ) ) ;
#3328 = STYLED_ITEM ( 'NONE', ( #1511 ), #2870 ) ;
#3329 = COLOUR_RGB ( '',0.8431372549019607865, 0.8431372549019607865, 0.8431372549019607865 ) ;
#3330 = CARTESIAN_POINT ( 'NONE',  ( 1.399999999999999911, 3.740000000000000213, 0.000000000000000000 ) ) ;
#3331 = ORIENTED_EDGE ( 'NONE', *, *, #4777, .T. ) ;
#3332 = CARTESIAN_POINT ( 'NONE',  ( -1.850000000000000089, 1.300000000000006040, -0.6284232335022896798 ) ) ;
#3333 = ORIENTED_EDGE ( 'NONE', *, *, #1894, .F. ) ;
#3334 =( GEOMETRIC_REPRESENTATION_CONTEXT ( 3 ) GLOBAL_UNCERTAINTY_ASSIGNED_CONTEXT ( ( #5128 ) ) GLOBAL_UNIT_ASSIGNED_CONTEXT ( ( #2365, #4037, #4889 ) ) REPRESENTATION_CONTEXT ( 'NONE', 'WORKASPACE' ) );
#3335 = COLOUR_RGB ( '',0.8431372549019607865, 0.8431372549019607865, 0.8431372549019607865 ) ;
#3336 = SURFACE_SIDE_STYLE ('',( #4964 ) ) ;
#3337 =( LENGTH_UNIT ( ) NAMED_UNIT ( * ) SI_UNIT ( .MILLI., .METRE. ) );
#3338 = EDGE_CURVE ( 'NONE', #3897, #1796, #5321, .T. ) ;
#3339 = PRESENTATION_STYLE_ASSIGNMENT (( #3718 ) ) ;
#3340 = LINE ( 'NONE', #4109, #437 ) ;
#3341 = ORIENTED_EDGE ( 'NONE', *, *, #4147, .T. ) ;
#3342 = COLOUR_RGB ( '',0.9803921568627450567, 0.9411764705882352811, 0.7843137254901960675 ) ;
#3343 = STYLED_ITEM ( 'NONE', ( #2922 ), #3544 ) ;
#3344 = CARTESIAN_POINT ( 'NONE',  ( 4.700000000000000178, -2.730000000000000426, -1.000000000000000000 ) ) ;
#3345 = VERTEX_POINT ( 'NONE', #2780 ) ;
#3346 = SURFACE_SIDE_STYLE ('',( #3288 ) ) ;
#3347 = DIRECTION ( 'NONE',  ( -1.000000000000000000, 0.000000000000000000, 0.000000000000000000 ) ) ;
#3348 = PRESENTATION_LAYER_ASSIGNMENT (  '', '', ( #2902 ) ) ;
#3349 = PRESENTATION_LAYER_ASSIGNMENT (  '', '', ( #3256 ) ) ;
#3350 = EDGE_CURVE ( 'NONE', #1661, #4062, #1522, .T. ) ;
#3351 =( NAMED_UNIT ( * ) PLANE_ANGLE_UNIT ( ) SI_UNIT ( $, .RADIAN. ) );
#3352 = EDGE_LOOP ( 'NONE', ( #844, #1977, #903, #5247 ) ) ;
#3353 = ORIENTED_EDGE ( 'NONE', *, *, #2801, .F. ) ;
#3354 = PRESENTATION_LAYER_ASSIGNMENT (  '', '', ( #277 ) ) ;
#3355 = DIRECTION ( 'NONE',  ( -1.000000000000000000, -0.000000000000000000, 0.000000000000000000 ) ) ;
#3356 = FILL_AREA_STYLE_COLOUR ( '', #3095 ) ;
#3357 = PLANE ( 'NONE',  #4101 ) ;
#3358 = EDGE_CURVE ( 'NONE', #434, #4327, #4534, .T. ) ;
#3359 = PLANE ( 'NONE',  #2450 ) ;
#3360 = FACE_OUTER_BOUND ( 'NONE', #3390, .T. ) ;
#3361 = FILL_AREA_STYLE_COLOUR ( '', #2317 ) ;
#3362 = FILL_AREA_STYLE_COLOUR ( '', #2289 ) ;
#3363 = CARTESIAN_POINT ( 'NONE',  ( 4.700000000000000178, 2.700000000000000178, -5.349999999999998757 ) ) ;
#3364 = ORIENTED_EDGE ( 'NONE', *, *, #1213, .F. ) ;
#3365 = DIRECTION ( 'NONE',  ( 0.000000000000000000, 0.05233595624294862941, -0.9986295347545737222 ) ) ;
#3366 = MECHANICAL_DESIGN_GEOMETRIC_PRESENTATION_REPRESENTATION (  '', ( #5032 ), #1137 ) ;
#3367 = DIRECTION ( 'NONE',  ( 0.000000000000000000, -0.000000000000000000, 1.000000000000000000 ) ) ;
#3368 = DIRECTION ( 'NONE',  ( 0.000000000000000000, -0.5000000000000167644, 0.8660254037844289376 ) ) ;
#3369 = ORIENTED_EDGE ( 'NONE', *, *, #4745, .F. ) ;
#3370 = DIRECTION ( 'NONE',  ( -0.000000000000000000, 0.000000000000000000, 1.000000000000000000 ) ) ;
#3371 = MANIFOLD_SOLID_BREP ( 'Imported1', #2043 ) ;
#3372 = DIRECTION ( 'NONE',  ( -0.000000000000000000, 0.000000000000000000, -1.000000000000000000 ) ) ;
#3373 = PRESENTATION_LAYER_ASSIGNMENT (  '', '', ( #299 ) ) ;
#3374 = DIRECTION ( 'NONE',  ( 1.000000000000000000, 0.000000000000000000, -0.000000000000000000 ) ) ;
#3375 = UNCERTAINTY_MEASURE_WITH_UNIT (LENGTH_MEASURE( 1.000000000000000082E-05 ), #579, 'distance_accuracy_value', 'NONE');
#3376 = ORIENTED_EDGE ( 'NONE', *, *, #4480, .T. ) ;
#3377 = MECHANICAL_DESIGN_GEOMETRIC_PRESENTATION_REPRESENTATION (  '', ( #5224 ), #1700 ) ;
#3378 = VERTEX_POINT ( 'NONE', #2476 ) ;
#3379 = SURFACE_STYLE_FILL_AREA ( #17 ) ;
#3380 = FILL_AREA_STYLE ('',( #2966 ) ) ;
#3381 = ADVANCED_FACE ( 'NONE', ( #2533 ), #2806, .T. ) ;
#3382 = DIRECTION ( 'NONE',  ( -0.6546536707079743111, -0.6546536707079710915, 0.3779644730092426297 ) ) ;
#3383 = SURFACE_SIDE_STYLE ('',( #3822 ) ) ;
#3384 = SURFACE_STYLE_USAGE ( .BOTH. , #1725 ) ;
#3385 = STYLED_ITEM ( 'NONE', ( #943 ), #1806 ) ;
#3386 = VECTOR ( 'NONE', #563, 1000.000000000000000 ) ;
#3387 = SURFACE_SIDE_STYLE ('',( #2541 ) ) ;
#3388 = DIRECTION ( 'NONE',  ( 0.000000000000000000, -1.000000000000000000, -0.000000000000000000 ) ) ;
#3389 = CARTESIAN_POINT ( 'NONE',  ( 4.700000000000000178, 3.000000000000000000, -1.000000000000000000 ) ) ;
#3390 = EDGE_LOOP ( 'NONE', ( #626, #873, #4998, #3886, #3979, #2712 ) ) ;
#3391 =( NAMED_UNIT ( * ) SI_UNIT ( $, .STERADIAN. ) SOLID_ANGLE_UNIT ( ) );
#3392 = DIRECTION ( 'NONE',  ( 0.000000000000000000, 0.000000000000000000, -1.000000000000000000 ) ) ;
#3393 = LINE ( 'NONE', #480, #4434 ) ;
#3394 = PLANE ( 'NONE',  #3506 ) ;
#3395 = VERTEX_POINT ( 'NONE', #3320 ) ;
#3396 = LINE ( 'NONE', #825, #2058 ) ;
#3397 = ORIENTED_EDGE ( 'NONE', *, *, #5029, .T. ) ;
#3398 =( GEOMETRIC_REPRESENTATION_CONTEXT ( 3 ) GLOBAL_UNCERTAINTY_ASSIGNED_CONTEXT ( ( #2812 ) ) GLOBAL_UNIT_ASSIGNED_CONTEXT ( ( #4805, #3185, #4862 ) ) REPRESENTATION_CONTEXT ( 'NONE', 'WORKASPACE' ) );
#3399 = DIRECTION ( 'NONE',  ( 0.000000000000000000, 0.000000000000000000, 1.000000000000000000 ) ) ;
#3400 = CARTESIAN_POINT ( 'NONE',  ( 1.399999999999999911, -3.740000000000000213, 2.605477985889338765E-15 ) ) ;
#3401 = ORIENTED_EDGE ( 'NONE', *, *, #4085, .T. ) ;
#3402 = ORIENTED_EDGE ( 'NONE', *, *, #2071, .F. ) ;
#3403 =( NAMED_UNIT ( * ) PLANE_ANGLE_UNIT ( ) SI_UNIT ( $, .RADIAN. ) );
#3404 = CARTESIAN_POINT ( 'NONE',  ( 0.000000000000000000, -2.689999999999999947, -1.199999999999999956 ) ) ;
#3405 = STYLED_ITEM ( 'NONE', ( #2905 ), #2311 ) ;
#3406 = FILL_AREA_STYLE_COLOUR ( '', #2090 ) ;
#3407 = CARTESIAN_POINT ( 'NONE',  ( 5.000000000000000000, 2.700000000000001066, -5.349999999999998757 ) ) ;
#3408 = EDGE_CURVE ( 'NONE', #4567, #3294, #4090, .T. ) ;
#3409 = CARTESIAN_POINT ( 'NONE',  ( 1.850000000000000089, 1.300000000000000266, -1.040000000000000036 ) ) ;
#3410 = COLOUR_RGB ( '',0.9803921568627450567, 0.9411764705882352811, 0.7843137254901960675 ) ;
#3411 = SURFACE_STYLE_USAGE ( .BOTH. , #3902 ) ;
#3412 = EDGE_CURVE ( 'NONE', #571, #672, #5006, .T. ) ;
#3413 = ADVANCED_FACE ( 'NONE', ( #5025 ), #2506, .T. ) ;
#3414 =( NAMED_UNIT ( * ) PLANE_ANGLE_UNIT ( ) SI_UNIT ( $, .RADIAN. ) );
#3415 = LINE ( 'NONE', #4323, #3609 ) ;
#3416 =( GEOMETRIC_REPRESENTATION_CONTEXT ( 3 ) GLOBAL_UNCERTAINTY_ASSIGNED_CONTEXT ( ( #4798 ) ) GLOBAL_UNIT_ASSIGNED_CONTEXT ( ( #2189, #5042, #1353 ) ) REPRESENTATION_CONTEXT ( 'NONE', 'WORKASPACE' ) );
#3417 = EDGE_CURVE ( 'NONE', #4908, #3939, #1313, .T. ) ;
#3418 = CARTESIAN_POINT ( 'NONE',  ( -0.3999999999999998557, -3.740000000000000213, 2.605477985889338765E-15 ) ) ;
#3419 = UNCERTAINTY_MEASURE_WITH_UNIT (LENGTH_MEASURE( 1.000000000000000082E-05 ), #5304, 'distance_accuracy_value', 'NONE');
#3420 = FILL_AREA_STYLE ('',( #36 ) ) ;
#3421 = ORIENTED_EDGE ( 'NONE', *, *, #1264, .T. ) ;
#3422 = PRESENTATION_STYLE_ASSIGNMENT (( #2220 ) ) ;
#3423 = VERTEX_POINT ( 'NONE', #3811 ) ;
#3424 = CIRCLE ( 'NONE', #1036, 0.3000000000000001554 ) ;
#3425 = VECTOR ( 'NONE', #3653, 1000.000000000000000 ) ;
#3426 = CARTESIAN_POINT ( 'NONE',  ( -2.850000000000000089, 2.290000000000000036, -1.040000000000000036 ) ) ;
#3427 = CARTESIAN_POINT ( 'NONE',  ( -5.000000000000000000, 2.700000000000000622, -5.349999999999998757 ) ) ;
#3428 =( LENGTH_UNIT ( ) NAMED_UNIT ( * ) SI_UNIT ( .MILLI., .METRE. ) );
#3429 = UNCERTAINTY_MEASURE_WITH_UNIT (LENGTH_MEASURE( 1.000000000000000082E-05 ), #4438, 'distance_accuracy_value', 'NONE');
#3430 = ORIENTED_EDGE ( 'NONE', *, *, #3611, .F. ) ;
#3431 = ORIENTED_EDGE ( 'NONE', *, *, #2911, .F. ) ;
#3432 = FACE_OUTER_BOUND ( 'NONE', #2351, .T. ) ;
#3433 = CIRCLE ( 'NONE', #5014, 0.2999999999999999334 ) ;
#3434 = AXIS2_PLACEMENT_3D ( 'NONE', #755, #1699, #2075 ) ;
#3435 =( NAMED_UNIT ( * ) PLANE_ANGLE_UNIT ( ) SI_UNIT ( $, .RADIAN. ) );
#3436 = CARTESIAN_POINT ( 'NONE',  ( 2.879999999999999893, 2.000000000000000000, -5.400000000000000355 ) ) ;
#3437 =( NAMED_UNIT ( * ) PLANE_ANGLE_UNIT ( ) SI_UNIT ( $, .RADIAN. ) );
#3438 = PLANE ( 'NONE',  #3136 ) ;
#3439 = AXIS2_PLACEMENT_3D ( 'NONE', #552, #112, #1807 ) ;
#3440 = STYLED_ITEM ( 'NONE', ( #3793 ), #4114 ) ;
#3441 = CARTESIAN_POINT ( 'NONE',  ( 4.994365054207471566, 2.733571529392756272, -5.399999999999961275 ) ) ;
#3442 = CYLINDRICAL_SURFACE ( 'NONE', #1465, 0.02999999999999964501 ) ;
#3443 = EDGE_CURVE ( 'NONE', #292, #208, #3864, .T. ) ;
#3444 =( LENGTH_UNIT ( ) NAMED_UNIT ( * ) SI_UNIT ( .MILLI., .METRE. ) );
#3445 = PRESENTATION_STYLE_ASSIGNMENT (( #1756 ) ) ;
#3446 = CARTESIAN_POINT ( 'NONE',  ( 4.000000000000000000, -3.740000000000000213, 0.000000000000000000 ) ) ;
#3447 = EDGE_CURVE ( 'NONE', #3378, #649, #1037, .T. ) ;
#3448 = DIRECTION ( 'NONE',  ( 1.000000000000000000, 0.000000000000000000, 0.000000000000000000 ) ) ;
#3449 = CARTESIAN_POINT ( 'NONE',  ( 4.700000000000000178, 0.000000000000000000, -5.650000000000000355 ) ) ;
#3450 = ORIENTED_EDGE ( 'NONE', *, *, #4611, .F. ) ;
#3451 = ORIENTED_EDGE ( 'NONE', *, *, #314, .T. ) ;
#3452 = SURFACE_SIDE_STYLE ('',( #850 ) ) ;
#3453 = ORIENTED_EDGE ( 'NONE', *, *, #4722, .T. ) ;
#3454 = MECHANICAL_DESIGN_GEOMETRIC_PRESENTATION_REPRESENTATION (  '', ( #1686 ), #1231 ) ;
#3455 = CARTESIAN_POINT ( 'NONE',  ( 2.850000000000000089, 1.300000000000000266, -1.040000000000000036 ) ) ;
#3456 = AXIS2_PLACEMENT_3D ( 'NONE', #2329, #3224, #3944 ) ;
#3457 = CARTESIAN_POINT ( 'NONE',  ( 3.600000000000000533, -2.540000000000000036, -0.06288933513964997668 ) ) ;
#3458 = FILL_AREA_STYLE_COLOUR ( '', #2193 ) ;
#3459 = ORIENTED_EDGE ( 'NONE', *, *, #118, .F. ) ;
#3460 = CARTESIAN_POINT ( 'NONE',  ( 3.600000000000000533, -2.540000000000000036, -1.000000000000000000 ) ) ;
#3461 = ORIENTED_EDGE ( 'NONE', *, *, #3074, .F. ) ;
#3462 =( LENGTH_UNIT ( ) NAMED_UNIT ( * ) SI_UNIT ( .MILLI., .METRE. ) );
#3463 = PRESENTATION_LAYER_ASSIGNMENT (  '', '', ( #2671 ) ) ;
#3464 = CARTESIAN_POINT ( 'NONE',  ( 4.700000000000000178, -2.700000000000001066, -5.349999999999999645 ) ) ;
#3465 = CARTESIAN_POINT ( 'NONE',  ( -2.799999999999999822, -1.300000000000000266, -1.040000000000000036 ) ) ;
#3466 = CARTESIAN_POINT ( 'NONE',  ( -4.700000000000000178, -2.730000000000000426, -1.000000000000000000 ) ) ;
#3467 = SURFACE_SIDE_STYLE ('',( #1368 ) ) ;
#3468 = AXIS2_PLACEMENT_3D ( 'NONE', #749, #2393, #3267 ) ;
#3469 = FILL_AREA_STYLE ('',( #2538 ) ) ;
#3470 = CARTESIAN_POINT ( 'NONE',  ( 4.991547594742259619, 2.750000000000036859, -5.399999999999992362 ) ) ;
#3471 = DIRECTION ( 'NONE',  ( 0.000000000000000000, -0.05233595624000127872, 0.9986295347547280432 ) ) ;
#3472 = SURFACE_STYLE_USAGE ( .BOTH. , #1752 ) ;
#3473 = MECHANICAL_DESIGN_GEOMETRIC_PRESENTATION_REPRESENTATION (  '', ( #4171 ), #1980 ) ;
#3474 = AXIS2_PLACEMENT_3D ( 'NONE', #3502, #4290, #3065 ) ;
#3475 = EDGE_CURVE ( 'NONE', #3533, #3021, #1716, .T. ) ;
#3476 = FILL_AREA_STYLE ('',( #1033 ) ) ;
#3477 =( NAMED_UNIT ( * ) PLANE_ANGLE_UNIT ( ) SI_UNIT ( $, .RADIAN. ) );
#3478 = SURFACE_STYLE_USAGE ( .BOTH. , #430 ) ;
#3479 = ORIENTED_EDGE ( 'NONE', *, *, #2048, .T. ) ;
#3481 = ORIENTED_EDGE ( 'NONE', *, *, #1059, .F. ) ;
#3480 = EDGE_CURVE ( 'NONE', #75, #4104, #76, .T. ) ;
#3482 =( NAMED_UNIT ( * ) SI_UNIT ( $, .STERADIAN. ) SOLID_ANGLE_UNIT ( ) );
#3483 =( NAMED_UNIT ( * ) PLANE_ANGLE_UNIT ( ) SI_UNIT ( $, .RADIAN. ) );
#3484 = UNCERTAINTY_MEASURE_WITH_UNIT (LENGTH_MEASURE( 1.000000000000000082E-05 ), #2994, 'distance_accuracy_value', 'NONE');
#3485 = ORIENTED_EDGE ( 'NONE', *, *, #4850, .T. ) ;
#3486 = ADVANCED_FACE ( 'NONE', ( #911 ), #936, .T. ) ;
#3487 = CARTESIAN_POINT ( 'NONE',  ( 4.000000000000000000, 0.000000000000000000, -1.199999999999999956 ) ) ;
#3488 =( GEOMETRIC_REPRESENTATION_CONTEXT ( 3 ) GLOBAL_UNCERTAINTY_ASSIGNED_CONTEXT ( ( #1194 ) ) GLOBAL_UNIT_ASSIGNED_CONTEXT ( ( #2745, #5420, #5308 ) ) REPRESENTATION_CONTEXT ( 'NONE', 'WORKASPACE' ) );
#3489 = ORIENTED_EDGE ( 'NONE', *, *, #3179, .F. ) ;
#3490 = CARTESIAN_POINT ( 'NONE',  ( 4.700000000000000178, 2.700000000000000178, -1.000000000000000000 ) ) ;
#3491 = FILL_AREA_STYLE_COLOUR ( '', #4921 ) ;
#3492 = DIRECTION ( 'NONE',  ( -0.000000000000000000, 0.000000000000000000, 1.000000000000000000 ) ) ;
#3493 = STYLED_ITEM ( 'NONE', ( #1212 ), #2109 ) ;
#3494 = SURFACE_STYLE_FILL_AREA ( #3843 ) ;
#3495 = ORIENTED_EDGE ( 'NONE', *, *, #4085, .F. ) ;
#3496 = CIRCLE ( 'NONE', #4281, 0.2999999999999999334 ) ;
#3497 = LINE ( 'NONE', #5203, #650 ) ;
#3498 = CARTESIAN_POINT ( 'NONE',  ( -0.4000000000000000222, 3.747850393435999905, -0.1497944302131999916 ) ) ;
#3499 = MECHANICAL_DESIGN_GEOMETRIC_PRESENTATION_REPRESENTATION (  '', ( #518 ), #4285 ) ;
#3500 = CYLINDRICAL_SURFACE ( 'NONE', #3322, 0.2999999999999999334 ) ;
#3501 = FILL_AREA_STYLE_COLOUR ( '', #2660 ) ;
#3502 = CARTESIAN_POINT ( 'NONE',  ( -4.469999999999999751, 2.290000000000000036, -1.199999999999999956 ) ) ;
#3503 = ORIENTED_EDGE ( 'NONE', *, *, #3787, .F. ) ;
#3504 = DIRECTION ( 'NONE',  ( 1.000000000000000000, 0.000000000000000000, -0.000000000000000000 ) ) ;
#3505 = ORIENTED_EDGE ( 'NONE', *, *, #2776, .T. ) ;
#3506 = AXIS2_PLACEMENT_3D ( 'NONE', #3970, #3145, #4732 ) ;
#3507 = EDGE_CURVE ( 'NONE', #2796, #4658, #5111, .T. ) ;
#3508 = DIRECTION ( 'NONE',  ( 1.000000000000000000, 0.000000000000000000, 0.000000000000000000 ) ) ;
#3509 = ORIENTED_EDGE ( 'NONE', *, *, #3935, .F. ) ;
#3510 = CARTESIAN_POINT ( 'NONE',  ( -2.850000000000000089, 1.300000000000000266, -1.199999999999999956 ) ) ;
#3511 = VERTEX_POINT ( 'NONE', #2197 ) ;
#3512 = LINE ( 'NONE', #80, #2122 ) ;
#3513 = SURFACE_SIDE_STYLE ('',( #3109 ) ) ;
#3514 = ADVANCED_FACE ( 'NONE', ( #5016 ), #1167, .T. ) ;
#3515 =( GEOMETRIC_REPRESENTATION_CONTEXT ( 3 ) GLOBAL_UNCERTAINTY_ASSIGNED_CONTEXT ( ( #1884 ) ) GLOBAL_UNIT_ASSIGNED_CONTEXT ( ( #4509, #734, #788 ) ) REPRESENTATION_CONTEXT ( 'NONE', 'WORKASPACE' ) );
#3516 =( LENGTH_UNIT ( ) NAMED_UNIT ( * ) SI_UNIT ( .MILLI., .METRE. ) );
#3517 = CIRCLE ( 'NONE', #4391, 0.2999999999999999334 ) ;
#3518 = PLANE ( 'NONE',  #4803 ) ;
#3519 = AXIS2_PLACEMENT_3D ( 'NONE', #4008, #2742, #2791 ) ;
#3520 = MECHANICAL_DESIGN_GEOMETRIC_PRESENTATION_REPRESENTATION (  '', ( #3256 ), #1125 ) ;
#3521 = DIRECTION ( 'NONE',  ( -0.000000000000000000, 0.000000000000000000, -1.000000000000000000 ) ) ;
#3522 = FILL_AREA_STYLE_COLOUR ( '', #5217 ) ;
#3523 = PRESENTATION_STYLE_ASSIGNMENT (( #3997 ) ) ;
#3524 = SURFACE_STYLE_FILL_AREA ( #64 ) ;
#3525 = CARTESIAN_POINT ( 'NONE',  ( 2.079999999999999183, 2.700000000000000178, -5.650000000000000355 ) ) ;
#3526 = ORIENTED_EDGE ( 'NONE', *, *, #4394, .T. ) ;
#3527 = ORIENTED_EDGE ( 'NONE', *, *, #1864, .F. ) ;
#3528 = ORIENTED_EDGE ( 'NONE', *, *, #972, .T. ) ;
#3529 = SURFACE_SIDE_STYLE ('',( #1851 ) ) ;
#3530 = LINE ( 'NONE', #239, #2186 ) ;
#3531 = UNCERTAINTY_MEASURE_WITH_UNIT (LENGTH_MEASURE( 1.000000000000000082E-05 ), #467, 'distance_accuracy_value', 'NONE');
#3532 = SURFACE_STYLE_FILL_AREA ( #1852 ) ;
#3533 = VERTEX_POINT ( 'NONE', #2138 ) ;
#3534 = COLOUR_RGB ( '',0.8431372549019607865, 0.8431372549019607865, 0.8431372549019607865 ) ;
#3535 = EDGE_LOOP ( 'NONE', ( #3509, #176, #5101, #365, #4945, #1962 ) ) ;
#3536 = CARTESIAN_POINT ( 'NONE',  ( -4.000000000000000000, 3.739999999999779057, -1.157387675182320668E-14 ) ) ;
#3537 =( GEOMETRIC_REPRESENTATION_CONTEXT ( 3 ) GLOBAL_UNCERTAINTY_ASSIGNED_CONTEXT ( ( #664 ) ) GLOBAL_UNIT_ASSIGNED_CONTEXT ( ( #4660, #1713, #3482 ) ) REPRESENTATION_CONTEXT ( 'NONE', 'WORKASPACE' ) );
#3538 =( LENGTH_UNIT ( ) NAMED_UNIT ( * ) SI_UNIT ( .MILLI., .METRE. ) );
#3539 =( GEOMETRIC_REPRESENTATION_CONTEXT ( 3 ) GLOBAL_UNCERTAINTY_ASSIGNED_CONTEXT ( ( #1150 ) ) GLOBAL_UNIT_ASSIGNED_CONTEXT ( ( #22, #1288, #783 ) ) REPRESENTATION_CONTEXT ( 'NONE', 'WORKASPACE' ) );
#3540 = FILL_AREA_STYLE_COLOUR ( '', #3750 ) ;
#3541 = CYLINDRICAL_SURFACE ( 'NONE', #1458, 0.7999999999999999334 ) ;
#3542 = ORIENTED_EDGE ( 'NONE', *, *, #1059, .T. ) ;
#3543 = VECTOR ( 'NONE', #2789, 1000.000000000000114 ) ;
#3544 = ADVANCED_FACE ( 'NONE', ( #3774 ), #2082, .T. ) ;
#3545 = CARTESIAN_POINT ( 'NONE',  ( -2.799999999999999822, 1.300000000000006040, -0.6284232335022896798 ) ) ;
#3546 = DIRECTION ( 'NONE',  ( 1.000000000000000000, 0.000000000000000000, 0.000000000000000000 ) ) ;
#3547 = DIRECTION ( 'NONE',  ( -0.000000000000000000, 0.000000000000000000, -1.000000000000000000 ) ) ;
#3548 = FILL_AREA_STYLE ('',( #278 ) ) ;
#3549 = CARTESIAN_POINT ( 'NONE',  ( -0.8000000000000000444, 3.747850393435999905, -0.1497944302131999916 ) ) ;
#3550 = EDGE_CURVE ( 'NONE', #3181, #316, #1583, .T. ) ;
#3551 = CARTESIAN_POINT ( 'NONE',  ( 4.700000000000000178, -2.700000000000000178, -1.199999999999999956 ) ) ;
#3552 = AXIS2_PLACEMENT_3D ( 'NONE', #2149, #3815, #49 ) ;
#3553 = DIRECTION ( 'NONE',  ( 0.000000000000000000, -0.000000000000000000, -1.000000000000000000 ) ) ;
#3554 = DIRECTION ( 'NONE',  ( 0.000000000000000000, -0.05233595624294862941, -0.9986295347545737222 ) ) ;
#3555 = COLOUR_RGB ( '',0.9803921568627450567, 0.9411764705882352811, 0.7843137254901960675 ) ;
#3556 = CARTESIAN_POINT ( 'NONE',  ( -4.700000000000000178, -2.912132034355965349, -5.562132034355965260 ) ) ;
#3557 = CARTESIAN_POINT ( 'NONE',  ( -5.000000000000000000, -3.000000000000000000, -1.000000000000000000 ) ) ;
#3558 = DIRECTION ( 'NONE',  ( 0.000000000000000000, 0.9986295347545723899, -0.05233595624297000815 ) ) ;
#3559 = VERTEX_POINT ( 'NONE', #4136 ) ;
#3560 = VERTEX_POINT ( 'NONE', #367 ) ;
#3561 = PRESENTATION_STYLE_ASSIGNMENT (( #5297 ) ) ;
#3562 = DIRECTION ( 'NONE',  ( 1.000000000000000000, 0.000000000000000000, -0.000000000000000000 ) ) ;
#3563 = SURFACE_STYLE_FILL_AREA ( #4442 ) ;
#3564 = ORIENTED_EDGE ( 'NONE', *, *, #2471, .T. ) ;
#3565 = CARTESIAN_POINT ( 'NONE',  ( -0.8000000000000000444, 3.739999999999779057, -1.157387675182320668E-14 ) ) ;
#3566 = VERTEX_POINT ( 'NONE', #4571 ) ;
#3567 = LINE ( 'NONE', #4855, #537 ) ;
#3568 =( NAMED_UNIT ( * ) SI_UNIT ( $, .STERADIAN. ) SOLID_ANGLE_UNIT ( ) );
#3569 = LINE ( 'NONE', #5251, #2183 ) ;
#3570 = DIRECTION ( 'NONE',  ( 0.000000000000000000, -0.05233595624294862247, -0.9986295347545736112 ) ) ;
#3571 = ORIENTED_EDGE ( 'NONE', *, *, #3675, .T. ) ;
#3572 = PRESENTATION_STYLE_ASSIGNMENT (( #2797 ) ) ;
#3573 = CARTESIAN_POINT ( 'NONE',  ( -1.850000000000000089, 0.000000000000000000, -1.199999999999999956 ) ) ;
#3574 = VECTOR ( 'NONE', #3575, 1000.000000000000114 ) ;
#3575 = DIRECTION ( 'NONE',  ( 0.000000000000000000, -0.05233595624000127872, 0.9986295347547280432 ) ) ;
#3576 = EDGE_CURVE ( 'NONE', #4409, #213, #4599, .T. ) ;
#3577 = FACE_OUTER_BOUND ( 'NONE', #2135, .T. ) ;
#3578 = FILL_AREA_STYLE_COLOUR ( '', #1562 ) ;
#3579 = COLOUR_RGB ( '',0.9803921568627450567, 0.9411764705882352811, 0.7843137254901960675 ) ;
#3580 = EDGE_CURVE ( 'NONE', #193, #1822, #3860, .T. ) ;
#3581 = EDGE_CURVE ( 'NONE', #668, #4057, #3715, .T. ) ;
#3582 = CARTESIAN_POINT ( 'NONE',  ( 3.600000000000000533, 0.000000000000000000, -1.000000000000000000 ) ) ;
#3583 = UNCERTAINTY_MEASURE_WITH_UNIT (LENGTH_MEASURE( 1.000000000000000082E-05 ), #794, 'distance_accuracy_value', 'NONE');
#3584 = FACE_OUTER_BOUND ( 'NONE', #3645, .T. ) ;
#3585 = EDGE_LOOP ( 'NONE', ( #3147, #1921, #5166, #3050, #2173, #1223, #1044, #2735 ) ) ;
#3586 = ORIENTED_EDGE ( 'NONE', *, *, #5198, .T. ) ;
#3587 = FILL_AREA_STYLE_COLOUR ( '', #1695 ) ;
#3588 = EDGE_LOOP ( 'NONE', ( #1886, #1687, #3430, #2019, #1688, #3786 ) ) ;
#3589 = CARTESIAN_POINT ( 'NONE',  ( 4.699999999999999289, -2.700000000000000622, -5.650000000000000355 ) ) ;
#3590 = EDGE_CURVE ( 'NONE', #986, #3045, #867, .T. ) ;
#3591 = COLOUR_RGB ( '',0.8431372549019607865, 0.8431372549019607865, 0.8431372549019607865 ) ;
#3592 =( NAMED_UNIT ( * ) PLANE_ANGLE_UNIT ( ) SI_UNIT ( $, .RADIAN. ) );
#3593 = UNCERTAINTY_MEASURE_WITH_UNIT (LENGTH_MEASURE( 1.000000000000000082E-05 ), #5246, 'distance_accuracy_value', 'NONE');
#3594 =( LENGTH_UNIT ( ) NAMED_UNIT ( * ) SI_UNIT ( .MILLI., .METRE. ) );
#3595 = ORIENTED_EDGE ( 'NONE', *, *, #2952, .F. ) ;
#3596 = SURFACE_STYLE_FILL_AREA ( #2944 ) ;
#3597 = PRESENTATION_LAYER_ASSIGNMENT (  '', '', ( #1739 ) ) ;
#3598 = FILL_AREA_STYLE ('',( #4389 ) ) ;
#3599 = DIRECTION ( 'NONE',  ( 1.000000000000000000, 0.000000000000000000, -0.000000000000000000 ) ) ;
#3600 = CARTESIAN_POINT ( 'NONE',  ( 4.485878119317072255, -2.875728126347302016, -5.560123345235142622 ) ) ;
#3601 = PRESENTATION_LAYER_ASSIGNMENT (  '', '', ( #2456 ) ) ;
#3602 = ORIENTED_EDGE ( 'NONE', *, *, #4120, .F. ) ;
#3603 = LINE ( 'NONE', #1104, #4245 ) ;
#3604 = SURFACE_STYLE_USAGE ( .BOTH. , #4013 ) ;
#3605 = MECHANICAL_DESIGN_GEOMETRIC_PRESENTATION_REPRESENTATION (  '', ( #4038 ), #3963 ) ;
#3606 = COLOUR_RGB ( '',0.8431372549019607865, 0.8431372549019607865, 0.8431372549019607865 ) ;
#3607 = SURFACE_STYLE_USAGE ( .BOTH. , #1459 ) ;
#3608 = CARTESIAN_POINT ( 'NONE',  ( -2.850000000000000089, -2.012871870788996542, -1.040000000000005143 ) ) ;
#3609 = VECTOR ( 'NONE', #4788, 1000.000000000000114 ) ;
#3610 = SURFACE_SIDE_STYLE ('',( #5369 ) ) ;
#3611 = EDGE_CURVE ( 'NONE', #109, #3662, #1380, .T. ) ;
#3612 = VECTOR ( 'NONE', #5105, 1000.000000000000000 ) ;
#3613 = LINE ( 'NONE', #4326, #2552 ) ;
#3614 = FILL_AREA_STYLE_COLOUR ( '', #4150 ) ;
#3615 = VERTEX_POINT ( 'NONE', #593 ) ;
#3616 = SURFACE_SIDE_STYLE ('',( #1987 ) ) ;
#3617 = EDGE_LOOP ( 'NONE', ( #4771, #184, #1281, #2714 ) ) ;
#3618 = EDGE_CURVE ( 'NONE', #4062, #3149, #2293, .T. ) ;
#3619 = CARTESIAN_POINT ( 'NONE',  ( 4.910123345235141379, -2.700000000000000622, -5.135878119317071722 ) ) ;
#3620 = ORIENTED_EDGE ( 'NONE', *, *, #4723, .T. ) ;
#3621 = ORIENTED_EDGE ( 'NONE', *, *, #4179, .F. ) ;
#3622 = DIRECTION ( 'NONE',  ( -1.000000000000000000, 0.000000000000000000, 0.000000000000000000 ) ) ;
#3623 = FACE_OUTER_BOUND ( 'NONE', #2655, .T. ) ;
#3624 = SURFACE_STYLE_FILL_AREA ( #996 ) ;
#3625 = PRESENTATION_LAYER_ASSIGNMENT (  '', '', ( #797 ) ) ;
#3626 = SURFACE_STYLE_FILL_AREA ( #2792 ) ;
#3627 = ORIENTED_EDGE ( 'NONE', *, *, #3847, .F. ) ;
#3628 = MECHANICAL_DESIGN_GEOMETRIC_PRESENTATION_REPRESENTATION (  '', ( #4420 ), #3537 ) ;
#3629 = CARTESIAN_POINT ( 'NONE',  ( -4.700000000000000178, -2.912132034355964461, -5.562132034355963484 ) ) ;
#3630 = PLANE ( 'NONE',  #2237 ) ;
#3631 = COLOUR_RGB ( '',0.8431372549019607865, 0.8431372549019607865, 0.8431372549019607865 ) ;
#3632 = PRESENTATION_STYLE_ASSIGNMENT (( #2046 ) ) ;
#3633 = ORIENTED_EDGE ( 'NONE', *, *, #1392, .T. ) ;
#3634 = DIRECTION ( 'NONE',  ( 0.000000000000000000, -0.000000000000000000, -1.000000000000000000 ) ) ;
#3635 = LINE ( 'NONE', #4988, #426 ) ;
#3636 = EDGE_CURVE ( 'NONE', #222, #1224, #4760, .T. ) ;
#3637 = FACE_BOUND ( 'NONE', #3585, .T. ) ;
#3638 = EDGE_LOOP ( 'NONE', ( #4296, #674, #2731 ) ) ;
#3639 = VERTEX_POINT ( 'NONE', #4352 ) ;
#3640 = COLOUR_RGB ( '',0.9803921568627450567, 0.9411764705882352811, 0.7843137254901960675 ) ;
#3641 = DIRECTION ( 'NONE',  ( 0.000000000000000000, 0.000000000000000000, -1.000000000000000000 ) ) ;
#3642 =( NAMED_UNIT ( * ) SI_UNIT ( $, .STERADIAN. ) SOLID_ANGLE_UNIT ( ) );
#3643 = ADVANCED_FACE ( 'NONE', ( #1791 ), #5155, .F. ) ;
#3644 = UNCERTAINTY_MEASURE_WITH_UNIT (LENGTH_MEASURE( 1.000000000000000082E-05 ), #3044, 'distance_accuracy_value', 'NONE');
#3645 = EDGE_LOOP ( 'NONE', ( #289, #1331, #842, #4610 ) ) ;
#3646 = DIRECTION ( 'NONE',  ( 0.000000000000000000, -1.000000000000000000, -0.000000000000000000 ) ) ;
#3647 = CARTESIAN_POINT ( 'NONE',  ( 1.850000000000000089, -2.289999999999997815, -1.200000000000004396 ) ) ;
#3648 = PLANE ( 'NONE',  #2106 ) ;
#3649 = CARTESIAN_POINT ( 'NONE',  ( -5.001655327279210361, -2.698240118821387590, -5.598139574263672813 ) ) ;
#3650 =( NAMED_UNIT ( * ) PLANE_ANGLE_UNIT ( ) SI_UNIT ( $, .RADIAN. ) );
#3651 = DIRECTION ( 'NONE',  ( 0.000000000000000000, 0.000000000000000000, 1.000000000000000000 ) ) ;
#3652 = VECTOR ( 'NONE', #5455, 1000.000000000000000 ) ;
#3653 = DIRECTION ( 'NONE',  ( -0.000000000000000000, 0.000000000000000000, 1.000000000000000000 ) ) ;
#3654 = LINE ( 'NONE', #5344, #2045 ) ;
#3655 = ORIENTED_EDGE ( 'NONE', *, *, #180, .F. ) ;
#3656 = CARTESIAN_POINT ( 'NONE',  ( 0.000000000000000000, -2.290000000000000036, -1.199999999999999956 ) ) ;
#3657 = ORIENTED_EDGE ( 'NONE', *, *, #4218, .T. ) ;
#3658 =( BOUNDED_SURFACE ( )  B_SPLINE_SURFACE ( 3, 3, ( 
 ( #5193, #156, #1076, #1414 ),
 ( #3978, #212, #4799, #5273 ),
 ( #671, #1388, #1020, #4359 ),
 ( #3103, #3947, #2787, #1885 ) ),
 .UNSPECIFIED., .F., .F., .T. ) 
 B_SPLINE_SURFACE_WITH_KNOTS ( ( 4, 4 ),
 ( 4, 4 ),
 ( 0.000000000000000000, 1.000000000000000000 ),
 ( 0.000000000000000000, 1.000000000000000000 ),
 .UNSPECIFIED. ) 
 GEOMETRIC_REPRESENTATION_ITEM ( )  RATIONAL_B_SPLINE_SURFACE ( (
 ( 1.000000000000000000, 0.8047378541243640493, 0.8047378541243640493, 1.000000000000000000),
 ( 0.9240030619302631587, 0.7435802412621018709, 0.7435802412621018709, 0.9240030619302631587),
 ( 0.9240030619302631587, 0.7435802412621018709, 0.7435802412621018709, 0.9240030619302631587),
 ( 1.000000000000000000, 0.8047378541243640493, 0.8047378541243640493, 1.000000000000000000) ) ) 
 REPRESENTATION_ITEM ( '' )  SURFACE ( )  );
#3659 = CARTESIAN_POINT ( 'NONE',  ( 4.910123345235141379, -2.875728126347302460, -5.135878119317070833 ) ) ;
#3660 = AXIS2_PLACEMENT_3D ( 'NONE', #1939, #622, #2657 ) ;
#3661 =( NAMED_UNIT ( * ) SI_UNIT ( $, .STERADIAN. ) SOLID_ANGLE_UNIT ( ) );
#3662 = VERTEX_POINT ( 'NONE', #2605 ) ;
#3663 = EDGE_LOOP ( 'NONE', ( #3222, #616, #2249, #37 ) ) ;
#3664 = CARTESIAN_POINT ( 'NONE',  ( 4.997169212880602451, 2.725325505798897208, -5.392100038065049006 ) ) ;
#3665 = EDGE_CURVE ( 'NONE', #1895, #5140, #3415, .T. ) ;
#3666 =( GEOMETRIC_REPRESENTATION_CONTEXT ( 3 ) GLOBAL_UNCERTAINTY_ASSIGNED_CONTEXT ( ( #3202 ) ) GLOBAL_UNIT_ASSIGNED_CONTEXT ( ( #2667, #4060, #4861 ) ) REPRESENTATION_CONTEXT ( 'NONE', 'WORKASPACE' ) );
#3667 = DIRECTION ( 'NONE',  ( -0.000000000000000000, 0.000000000000000000, -1.000000000000000000 ) ) ;
#3668 = CARTESIAN_POINT ( 'NONE',  ( -4.700000000000000178, -2.700000000000000178, 5.061740000000000350 ) ) ;
#3669 =( LENGTH_UNIT ( ) NAMED_UNIT ( * ) SI_UNIT ( .MILLI., .METRE. ) );
#3670 = SURFACE_SIDE_STYLE ('',( #3726 ) ) ;
#3671 = STYLED_ITEM ( 'NONE', ( #2875 ), #2903 ) ;
#3672 = EDGE_LOOP ( 'NONE', ( #186, #460, #2612, #3700, #3431, #3259, #1524, #514 ) ) ;
#3673 = SURFACE_SIDE_STYLE ('',( #727 ) ) ;
#3674 = SURFACE_SIDE_STYLE ('',( #411 ) ) ;
#3675 = EDGE_CURVE ( 'NONE', #5110, #2125, #3780, .T. ) ;
#3676 = SURFACE_SIDE_STYLE ('',( #1466 ) ) ;
#3677 = VECTOR ( 'NONE', #3471, 1000.000000000000114 ) ;
#3678 = PLANE ( 'NONE',  #2935 ) ;
#3679 = LINE ( 'NONE', #5372, #1668 ) ;
#3680 = VECTOR ( 'NONE', #3841, 1000.000000000000227 ) ;
#3681 = CARTESIAN_POINT ( 'NONE',  ( 1.850000000000000089, 0.000000000000000000, -1.199999999999999956 ) ) ;
#3682 =( NAMED_UNIT ( * ) PLANE_ANGLE_UNIT ( ) SI_UNIT ( $, .RADIAN. ) );
#3683 = VERTEX_POINT ( 'NONE', #3126 ) ;
#3684 = CARTESIAN_POINT ( 'NONE',  ( -4.469999999999999751, 0.000000000000000000, -1.199999999999999956 ) ) ;
#3685 = EDGE_LOOP ( 'NONE', ( #2908, #269, #5026, #2524 ) ) ;
#3686 =( GEOMETRIC_REPRESENTATION_CONTEXT ( 3 ) GLOBAL_UNCERTAINTY_ASSIGNED_CONTEXT ( ( #925 ) ) GLOBAL_UNIT_ASSIGNED_CONTEXT ( ( #3017, #851, #1034 ) ) REPRESENTATION_CONTEXT ( 'NONE', 'WORKASPACE' ) );
#3687 = VECTOR ( 'NONE', #3875, 1000.000000000000000 ) ;
#3688 = DIRECTION ( 'NONE',  ( 0.000000000000000000, -1.000000000000000000, -0.000000000000000000 ) ) ;
#3689 = CARTESIAN_POINT ( 'NONE',  ( 3.600000000000000533, -2.540000000000000036, -0.06288933513965000444 ) ) ;
#3690 = CARTESIAN_POINT ( 'NONE',  ( 4.912132034355965793, -2.699999999999999734, -5.562132034355965260 ) ) ;
#3691 = VECTOR ( 'NONE', #4065, 1000.000000000000000 ) ;
#3692 = UNCERTAINTY_MEASURE_WITH_UNIT (LENGTH_MEASURE( 1.000000000000000082E-05 ), #2926, 'distance_accuracy_value', 'NONE');
#3693 = VERTEX_POINT ( 'NONE', #2653 ) ;
#3694 = PLANE ( 'NONE',  #892 ) ;
#3695 = ORIENTED_EDGE ( 'NONE', *, *, #4557, .T. ) ;
#3696 = PLANE ( 'NONE',  #959 ) ;
#3697 = DIRECTION ( 'NONE',  ( 0.000000000000000000, 0.000000000000000000, 1.000000000000000000 ) ) ;
#3698 = UNCERTAINTY_MEASURE_WITH_UNIT (LENGTH_MEASURE( 1.000000000000000082E-05 ), #5037, 'distance_accuracy_value', 'NONE');
#3699 = FACE_OUTER_BOUND ( 'NONE', #3911, .T. ) ;
#3700 = ORIENTED_EDGE ( 'NONE', *, *, #529, .T. ) ;
#3701 = CARTESIAN_POINT ( 'NONE',  ( 3.600000000000000533, 3.740000000000000213, 0.000000000000000000 ) ) ;
#3702 = CARTESIAN_POINT ( 'NONE',  ( -4.912132034355965793, 2.699999999999998845, -5.562132034355965260 ) ) ;
#3703 = PRESENTATION_LAYER_ASSIGNMENT (  '', '', ( #1773 ) ) ;
#3704 = LINE ( 'NONE', #4404, #5319 ) ;
#3705 = ADVANCED_FACE ( 'NONE', ( #1007 ), #5099, .T. ) ;
#3706 = CARTESIAN_POINT ( 'NONE',  ( 1.399999999999999911, -3.740000000000000213, 0.000000000000000000 ) ) ;
#3707 = MECHANICAL_DESIGN_GEOMETRIC_PRESENTATION_REPRESENTATION (  '', ( #637 ), #4237 ) ;
#3708 = CARTESIAN_POINT ( 'NONE',  ( -0.8000000000000000444, -2.689999999999999947, -1.199999999999999956 ) ) ;
#3709 = AXIS2_PLACEMENT_3D ( 'NONE', #2436, #2059, #372 ) ;
#3710 = EDGE_CURVE ( 'NONE', #5249, #127, #3517, .T. ) ;
#3711 = CARTESIAN_POINT ( 'NONE',  ( 3.600000000000000533, 2.689999999999999947, -1.000000000000000000 ) ) ;
#3712 = CARTESIAN_POINT ( 'NONE',  ( -3.600000000000000533, -2.540000000000000036, -1.199999999999999956 ) ) ;
#3713 = ORIENTED_EDGE ( 'NONE', *, *, #4351, .F. ) ;
#3714 = ORIENTED_EDGE ( 'NONE', *, *, #2505, .F. ) ;
#3715 = LINE ( 'NONE', #2493, #2204 ) ;
#3716 = MECHANICAL_DESIGN_GEOMETRIC_PRESENTATION_REPRESENTATION (  '', ( #299 ), #5040 ) ;
#3717 =( LENGTH_UNIT ( ) NAMED_UNIT ( * ) SI_UNIT ( .MILLI., .METRE. ) );
#3718 = SURFACE_STYLE_USAGE ( .BOTH. , #1651 ) ;
#3719 = DIRECTION ( 'NONE',  ( -1.000000000000000000, -0.000000000000000000, -0.000000000000000000 ) ) ;
#3720 = ORIENTED_EDGE ( 'NONE', *, *, #1392, .F. ) ;
#3721 = DIRECTION ( 'NONE',  ( 1.000000000000000000, 0.000000000000000000, -0.000000000000000000 ) ) ;
#3722 = PLANE ( 'NONE',  #4677 ) ;
#3723 = DIRECTION ( 'NONE',  ( -1.000000000000000000, -0.000000000000000000, 0.000000000000000000 ) ) ;
#3724 = MECHANICAL_DESIGN_GEOMETRIC_PRESENTATION_REPRESENTATION (  '', ( #3385 ), #5230 ) ;
#3725 = VECTOR ( 'NONE', #4786, 1000.000000000000114 ) ;
#3726 = SURFACE_STYLE_FILL_AREA ( #15 ) ;
#3727 = ORIENTED_EDGE ( 'NONE', *, *, #884, .T. ) ;
#3728 = SURFACE_SIDE_STYLE ('',( #3379 ) ) ;
#3729 = CARTESIAN_POINT ( 'NONE',  ( -5.036492374042709663, 2.700000000000000622, -5.259887319042352516 ) ) ;
#3730 =( NAMED_UNIT ( * ) SI_UNIT ( $, .STERADIAN. ) SOLID_ANGLE_UNIT ( ) );
#3731 = DIRECTION ( 'NONE',  ( -0.000000000000000000, 0.05233595624294862941, 0.9986295347545737222 ) ) ;
#3732 = CARTESIAN_POINT ( 'NONE',  ( 1.399999999999999911, 0.000000000000000000, -1.199999999999999956 ) ) ;
#3733 = LINE ( 'NONE', #1640, #4486 ) ;
#3734 = EDGE_CURVE ( 'NONE', #2720, #1917, #4048, .T. ) ;
#3735 =( LENGTH_UNIT ( ) NAMED_UNIT ( * ) SI_UNIT ( .MILLI., .METRE. ) );
#3736 = PRESENTATION_STYLE_ASSIGNMENT (( #2077 ) ) ;
#3737 = CARTESIAN_POINT ( 'NONE',  ( 4.331435935394000403, 0.000000000000000000, -1.120000000000000107 ) ) ;
#3738 = ORIENTED_EDGE ( 'NONE', *, *, #3300, .T. ) ;
#3739 = VERTEX_POINT ( 'NONE', #1903 ) ;
#3740 = EDGE_CURVE ( 'NONE', #4062, #4544, #2752, .T. ) ;
#3741 = ADVANCED_FACE ( 'NONE', ( #5318 ), #201, .T. ) ;
#3742 = CARTESIAN_POINT ( 'NONE',  ( -0.8000000000000000444, -2.689999999999999503, -0.2052340201468943748 ) ) ;
#3743 = CARTESIAN_POINT ( 'NONE',  ( -4.469999999999999751, 0.000000000000000000, -1.040000000000000036 ) ) ;
#3744 = UNCERTAINTY_MEASURE_WITH_UNIT (LENGTH_MEASURE( 1.000000000000000082E-05 ), #864, 'distance_accuracy_value', 'NONE');
#3745 = DIRECTION ( 'NONE',  ( 0.000000000000000000, -1.000000000000000000, -0.000000000000000000 ) ) ;
#3746 = VERTEX_POINT ( 'NONE', #2349 ) ;
#3747 =( NAMED_UNIT ( * ) PLANE_ANGLE_UNIT ( ) SI_UNIT ( $, .RADIAN. ) );
#3748 = ADVANCED_FACE ( 'NONE', ( #638 ), #686, .F. ) ;
#3749 = CARTESIAN_POINT ( 'NONE',  ( 0.000000000000000000, 0.000000000000000000, -1.199999999999999956 ) ) ;
#3750 = COLOUR_RGB ( '',0.8431372549019607865, 0.8431372549019607865, 0.8431372549019607865 ) ;
#3751 =( NAMED_UNIT ( * ) PLANE_ANGLE_UNIT ( ) SI_UNIT ( $, .RADIAN. ) );
#3752 = UNCERTAINTY_MEASURE_WITH_UNIT (LENGTH_MEASURE( 1.000000000000000082E-05 ), #4927, 'distance_accuracy_value', 'NONE');
#3753 =( NAMED_UNIT ( * ) SI_UNIT ( $, .STERADIAN. ) SOLID_ANGLE_UNIT ( ) );
#3754 = VERTEX_POINT ( 'NONE', #5237 ) ;
#3755 = EDGE_LOOP ( 'NONE', ( #3833, #3620, #5415, #4360 ) ) ;
#3756 = VECTOR ( 'NONE', #2650, 1000.000000000000114 ) ;
#3757 = SURFACE_SIDE_STYLE ('',( #2126 ) ) ;
#3758 = CARTESIAN_POINT ( 'NONE',  ( -4.822259282061490460, 2.999986676132685215, -5.223742182490722641 ) ) ;
#3759 = DIRECTION ( 'NONE',  ( 0.000000000000000000, 0.000000000000000000, 1.000000000000000000 ) ) ;
#3760 = DIRECTION ( 'NONE',  ( 0.000000000000000000, -0.9986295347545737222, 0.05233595624294862941 ) ) ;
#3761 = CARTESIAN_POINT ( 'NONE',  ( -4.699999999999997513, -2.910123345235142711, -5.135878119317072610 ) ) ;
#3762 = FACE_OUTER_BOUND ( 'NONE', #262, .T. ) ;
#3763 = SURFACE_STYLE_USAGE ( .BOTH. , #1291 ) ;
#3764 = CARTESIAN_POINT ( 'NONE',  ( -0.4000000000000000222, -2.540000000000000036, -0.06288933513964997668 ) ) ;
#3765 = STYLED_ITEM ( 'NONE', ( #4029 ), #2979 ) ;
#3766 = DIRECTION ( 'NONE',  ( 1.000000000000000000, 0.000000000000000000, 0.000000000000000000 ) ) ;
#3767 = COLOUR_RGB ( '',0.9803921568627450567, 0.9411764705882352811, 0.7843137254901960675 ) ;
#3769 = ORIENTED_EDGE ( 'NONE', *, *, #3991, .F. ) ;
#3768 = EDGE_CURVE ( 'NONE', #3511, #4133, #732, .T. ) ;
#3770 = ORIENTED_EDGE ( 'NONE', *, *, #4821, .F. ) ;
#3771 = VECTOR ( 'NONE', #217, 1000.000000000000000 ) ;
#3772 = VECTOR ( 'NONE', #4565, 1000.000000000000000 ) ;
#3773 = CARTESIAN_POINT ( 'NONE',  ( -3.600000000000000533, 2.689999999999999947, -1.000000000000000000 ) ) ;
#3774 = FACE_OUTER_BOUND ( 'NONE', #3672, .T. ) ;
#3775 = CARTESIAN_POINT ( 'NONE',  ( 1.850000000000000089, 1.300000000000000266, -0.6284232335023000049 ) ) ;
#3776 = PRESENTATION_STYLE_ASSIGNMENT (( #3478 ) ) ;
#3777 = ORIENTED_EDGE ( 'NONE', *, *, #2383, .F. ) ;
#3778 = VECTOR ( 'NONE', #230, 1000.000000000000000 ) ;
#3779 = EDGE_CURVE ( 'NONE', #4104, #3228, #4159, .T. ) ;
#3780 = CIRCLE ( 'NONE', #5462, 0.2999999999999999334 ) ;
#3781 = VERTEX_POINT ( 'NONE', #361 ) ;
#3782 = LINE ( 'NONE', #1997, #3253 ) ;
#3783 = SURFACE_STYLE_USAGE ( .BOTH. , #5417 ) ;
#3784 =( GEOMETRIC_REPRESENTATION_CONTEXT ( 3 ) GLOBAL_UNCERTAINTY_ASSIGNED_CONTEXT ( ( #5239 ) ) GLOBAL_UNIT_ASSIGNED_CONTEXT ( ( #5305, #3158, #3642 ) ) REPRESENTATION_CONTEXT ( 'NONE', 'WORKASPACE' ) );
#3785 = CARTESIAN_POINT ( 'NONE',  ( -3.600000000000000533, 2.540000000000000036, -0.06288933513965000444 ) ) ;
#3786 = ORIENTED_EDGE ( 'NONE', *, *, #1205, .T. ) ;
#3787 = EDGE_CURVE ( 'NONE', #3021, #2757, #443, .T. ) ;
#3788 = CARTESIAN_POINT ( 'NONE',  ( 2.879999999999999893, 2.000000000000000000, -5.400000000000000355 ) ) ;
#3789 = ORIENTED_EDGE ( 'NONE', *, *, #2118, .F. ) ;
#3790 = DIRECTION ( 'NONE',  ( 0.000000000000000000, -0.9986295347545736112, -0.05233595624294862247 ) ) ;
#3791 =( LENGTH_UNIT ( ) NAMED_UNIT ( * ) SI_UNIT ( .MILLI., .METRE. ) );
#3792 = SURFACE_STYLE_FILL_AREA ( #2572 ) ;
#3793 = PRESENTATION_STYLE_ASSIGNMENT (( #4204 ) ) ;
#3794 = MECHANICAL_DESIGN_GEOMETRIC_PRESENTATION_REPRESENTATION (  '', ( #1773 ), #4848 ) ;
#3795 = FACE_OUTER_BOUND ( 'NONE', #5405, .T. ) ;
#3796 = ORIENTED_EDGE ( 'NONE', *, *, #4052, .T. ) ;
#3797 = CARTESIAN_POINT ( 'NONE',  ( 4.000000000000000000, 2.689999999999999947, -1.000000000000000000 ) ) ;
#3798 = PRESENTATION_LAYER_ASSIGNMENT (  '', '', ( #5032 ) ) ;
#3799 = CARTESIAN_POINT ( 'NONE',  ( -3.600000000000000533, 3.747850393435999905, -0.1497944302131999916 ) ) ;
#3800 = FILL_AREA_STYLE_COLOUR ( '', #4564 ) ;
#3801 = EDGE_CURVE ( 'NONE', #2852, #3639, #420, .T. ) ;
#3802 = VECTOR ( 'NONE', #2987, 1000.000000000000000 ) ;
#3803 = FILL_AREA_STYLE_COLOUR ( '', #532 ) ;
#3804 = VERTEX_POINT ( 'NONE', #4100 ) ;
#3805 =( GEOMETRIC_REPRESENTATION_CONTEXT ( 3 ) GLOBAL_UNCERTAINTY_ASSIGNED_CONTEXT ( ( #4526 ) ) GLOBAL_UNIT_ASSIGNED_CONTEXT ( ( #291, #2469, #5350 ) ) REPRESENTATION_CONTEXT ( 'NONE', 'WORKASPACE' ) );
#3806 = EDGE_LOOP ( 'NONE', ( #3226, #250, #3212, #3489, #3402, #2137 ) ) ;
#3807 = DIRECTION ( 'NONE',  ( 0.000000000000000000, 0.000000000000000000, 1.000000000000000000 ) ) ;
#3808 = ADVANCED_FACE ( 'NONE', ( #28 ), #3277, .T. ) ;
#3809 = CARTESIAN_POINT ( 'NONE',  ( 4.700000000000000178, -2.730000000000000426, -1.000000000000000000 ) ) ;
#3810 = EDGE_LOOP ( 'NONE', ( #1260, #3013, #5202, #2248, #2191, #463 ) ) ;
#3811 = CARTESIAN_POINT ( 'NONE',  ( -4.000000000000000000, 3.747850393436000793, -0.1497944302132113159 ) ) ;
#3812 = VECTOR ( 'NONE', #3081, 1000.000000000000000 ) ;
#3813 = ORIENTED_EDGE ( 'NONE', *, *, #4884, .T. ) ;
#3814 = PRESENTATION_LAYER_ASSIGNMENT (  '', '', ( #4682 ) ) ;
#3815 = DIRECTION ( 'NONE',  ( 0.000000000000000000, -1.000000000000000000, 0.000000000000000000 ) ) ;
#3816 = CARTESIAN_POINT ( 'NONE',  ( 2.850000000000000089, -2.012871870788996986, -1.040000000000005365 ) ) ;
#3817 = EDGE_CURVE ( 'NONE', #4208, #2105, #4978, .T. ) ;
#3818 = VECTOR ( 'NONE', #1129, 1000.000000000000000 ) ;
#3819 = AXIS2_PLACEMENT_3D ( 'NONE', #3036, #3365, #62 ) ;
#3820 =( NAMED_UNIT ( * ) SI_UNIT ( $, .STERADIAN. ) SOLID_ANGLE_UNIT ( ) );
#3821 = LINE ( 'NONE', #3058, #60 ) ;
#3822 = SURFACE_STYLE_FILL_AREA ( #389 ) ;
#3823 = CARTESIAN_POINT ( 'NONE',  ( -0.8000000000000000444, 0.000000000000000000, -1.199999999999999956 ) ) ;
#3824 = LINE ( 'NONE', #2133, #2640 ) ;
#3825 = CARTESIAN_POINT ( 'NONE',  ( 2.879999999999999893, 2.000000000000000000, -5.400000000000000355 ) ) ;
#3826 = SURFACE_STYLE_FILL_AREA ( #5066 ) ;
#3827 = CARTESIAN_POINT ( 'NONE',  ( 0.000000000000000000, 0.000000000000000000, 0.000000000000000000 ) ) ;
#3828 = DIRECTION ( 'NONE',  ( 0.000000000000000000, -0.8660254037844289376, -0.5000000000000167644 ) ) ;
#3829 = DIRECTION ( 'NONE',  ( -0.000000000000000000, 1.000000000000000000, 0.000000000000000000 ) ) ;
#3830 = ORIENTED_EDGE ( 'NONE', *, *, #3048, .T. ) ;
#3831 = VERTEX_POINT ( 'NONE', #5461 ) ;
#3832 = FILL_AREA_STYLE ('',( #1256 ) ) ;
#3833 = ORIENTED_EDGE ( 'NONE', *, *, #3038, .T. ) ;
#3834 = LINE ( 'NONE', #3426, #3612 ) ;
#3835 = CARTESIAN_POINT ( 'NONE',  ( -1.850000000000000089, -2.290000000000000036, -1.199999999999999956 ) ) ;
#3836 = SURFACE_STYLE_FILL_AREA ( #829 ) ;
#3837 = COLOUR_RGB ( '',0.8431372549019607865, 0.8431372549019607865, 0.8431372549019607865 ) ;
#3838 = ORIENTED_EDGE ( 'NONE', *, *, #5021, .T. ) ;
#3839 = EDGE_CURVE ( 'NONE', #2280, #3181, #1673, .T. ) ;
#3840 = FILL_AREA_STYLE ('',( #2175 ) ) ;
#3841 = DIRECTION ( 'NONE',  ( 0.000000000000000000, 0.8660254037844107300, -0.5000000000000482947 ) ) ;
#3842 = CARTESIAN_POINT ( 'NONE',  ( -4.700000000000000178, 2.700000000000000178, -1.000000000000000000 ) ) ;
#3843 = FILL_AREA_STYLE ('',( #4257 ) ) ;
#3844 =( BOUNDED_SURFACE ( )  B_SPLINE_SURFACE ( 3, 3, ( 
 ( #1094, #2494, #1992, #3690 ),
 ( #4166, #4878, #398, #5298 ),
 ( #1557, #3255, #1529, #2785 ),
 ( #3619, #3659, #4965, #2430 ) ),
 .UNSPECIFIED., .F., .F., .T. ) 
 B_SPLINE_SURFACE_WITH_KNOTS ( ( 4, 4 ),
 ( 4, 4 ),
 ( 0.000000000000000000, 1.000000000000000000 ),
 ( 0.000000000000000000, 1.000000000000000000 ),
 .UNSPECIFIED. ) 
 GEOMETRIC_REPRESENTATION_ITEM ( )  RATIONAL_B_SPLINE_SURFACE ( (
 ( 1.000000000000000000, 0.8047378541243653816, 0.8047378541243653816, 1.000000000000000000),
 ( 0.8025111867385914532, 0.6458111303268119219, 0.6458111303268119219, 0.8025111867385914532),
 ( 0.8025111867385914532, 0.6458111303268119219, 0.6458111303268119219, 0.8025111867385914532),
 ( 1.000000000000000000, 0.8047378541243653816, 0.8047378541243653816, 1.000000000000000000) ) ) 
 REPRESENTATION_ITEM ( '' )  SURFACE ( )  );
#3845 = DIRECTION ( 'NONE',  ( -1.000000000000000000, -0.000000000000000000, -0.000000000000000000 ) ) ;
#3846 = VECTOR ( 'NONE', #1117, 1000.000000000000000 ) ;
#3847 = EDGE_CURVE ( 'NONE', #1566, #666, #3679, .T. ) ;
#3848 = CARTESIAN_POINT ( 'NONE',  ( 1.399999999999999911, 3.747850393435999905, -0.1497944302131999916 ) ) ;
#3849 = FACE_OUTER_BOUND ( 'NONE', #2196, .T. ) ;
#3850 =( LENGTH_UNIT ( ) NAMED_UNIT ( * ) SI_UNIT ( .MILLI., .METRE. ) );
#3851 = FILL_AREA_STYLE ('',( #3501 ) ) ;
#3852 = AXIS2_PLACEMENT_3D ( 'NONE', #297, #3184, #3570 ) ;
#3853 =( LENGTH_UNIT ( ) NAMED_UNIT ( * ) SI_UNIT ( .MILLI., .METRE. ) );
#3854 = AXIS2_PLACEMENT_3D ( 'NONE', #5129, #2981, #481 ) ;
#3855 = FILL_AREA_STYLE_COLOUR ( '', #2947 ) ;
#3856 = ORIENTED_EDGE ( 'NONE', *, *, #2542, .T. ) ;
#3857 = ORIENTED_EDGE ( 'NONE', *, *, #3475, .T. ) ;
#3858 = AXIS2_PLACEMENT_3D ( 'NONE', #966, #5141, #4305 ) ;
#3859 = DIRECTION ( 'NONE',  ( -0.000000000000000000, 0.000000000000000000, 1.000000000000000000 ) ) ;
#3860 = CIRCLE ( 'NONE', #2561, 0.2999999999999999334 ) ;
#3861 = UNCERTAINTY_MEASURE_WITH_UNIT (LENGTH_MEASURE( 1.000000000000000082E-05 ), #85, 'distance_accuracy_value', 'NONE');
#3862 =( NAMED_UNIT ( * ) PLANE_ANGLE_UNIT ( ) SI_UNIT ( $, .RADIAN. ) );
#3863 = VERTEX_POINT ( 'NONE', #1726 ) ;
#3864 = LINE ( 'NONE', #3460, #861 ) ;
#3865 = ORIENTED_EDGE ( 'NONE', *, *, #4514, .T. ) ;
#3866 = CARTESIAN_POINT ( 'NONE',  ( 1.399999999999999911, 2.540000000000000036, -1.199999999999999956 ) ) ;
#3867 = MECHANICAL_DESIGN_GEOMETRIC_PRESENTATION_REPRESENTATION (  '', ( #4833 ), #5015 ) ;
#3868 = DIRECTION ( 'NONE',  ( -0.7071067811865474617, 0.000000000000000000, -0.7071067811865474617 ) ) ;
#3869 =( NAMED_UNIT ( * ) PLANE_ANGLE_UNIT ( ) SI_UNIT ( $, .RADIAN. ) );
#3870 = EDGE_CURVE ( 'NONE', #4623, #5140, #948, .T. ) ;
#3871 = PRESENTATION_STYLE_ASSIGNMENT (( #3028 ) ) ;
#3872 = VECTOR ( 'NONE', #3492, 1000.000000000000000 ) ;
#3873 = DIRECTION ( 'NONE',  ( 0.000000000000000000, -0.9986295347545737222, 0.05233595624294862941 ) ) ;
#3874 = DIRECTION ( 'NONE',  ( 0.000000000000000000, 0.000000000000000000, 1.000000000000000000 ) ) ;
#3875 = DIRECTION ( 'NONE',  ( 0.000000000000000000, -1.000000000000000000, -0.000000000000000000 ) ) ;
#3876 = ADVANCED_FACE ( 'NONE', ( #3849 ), #503, .F. ) ;
#3877 =( NAMED_UNIT ( * ) SI_UNIT ( $, .STERADIAN. ) SOLID_ANGLE_UNIT ( ) );
#3878 = SURFACE_STYLE_FILL_AREA ( #3851 ) ;
#3879 = AXIS2_PLACEMENT_3D ( 'NONE', #2603, #1728, #1674 ) ;
#3880 = FILL_AREA_STYLE_COLOUR ( '', #4829 ) ;
#3881 = EDGE_CURVE ( 'NONE', #4022, #1853, #3032, .T. ) ;
#3882 = DIRECTION ( 'NONE',  ( 0.000000000000000000, -0.000000000000000000, -1.000000000000000000 ) ) ;
#3883 = ORIENTED_EDGE ( 'NONE', *, *, #1572, .T. ) ;
#3884 = EDGE_LOOP ( 'NONE', ( #4513, #738, #2315, #152 ) ) ;
#3885 = SURFACE_STYLE_FILL_AREA ( #5215 ) ;
#3886 = ORIENTED_EDGE ( 'NONE', *, *, #1797, .F. ) ;
#3887 =( GEOMETRIC_REPRESENTATION_CONTEXT ( 3 ) GLOBAL_UNCERTAINTY_ASSIGNED_CONTEXT ( ( #2819 ) ) GLOBAL_UNIT_ASSIGNED_CONTEXT ( ( #3216, #1954, #1983 ) ) REPRESENTATION_CONTEXT ( 'NONE', 'WORKASPACE' ) );
#3888 = FILL_AREA_STYLE ('',( #45 ) ) ;
#3889 = ORIENTED_EDGE ( 'NONE', *, *, #5302, .F. ) ;
#3890 = CARTESIAN_POINT ( 'NONE',  ( -4.000000000000000000, 3.740000000000000213, 0.000000000000000000 ) ) ;
#3891 = ORIENTED_EDGE ( 'NONE', *, *, #502, .F. ) ;
#3892 = SURFACE_STYLE_USAGE ( .BOTH. , #110 ) ;
#3893 = DIRECTION ( 'NONE',  ( 1.000000000000000000, 0.000000000000000000, -0.000000000000000000 ) ) ;
#3894 = DIRECTION ( 'NONE',  ( 0.000000000000000000, 0.000000000000000000, 1.000000000000000000 ) ) ;
#3895 = PLANE ( 'NONE',  #1910 ) ;
#3896 = AXIS2_PLACEMENT_3D ( 'NONE', #2946, #1181, #2540 ) ;
#3897 = VERTEX_POINT ( 'NONE', #4701 ) ;
#3898 = FACE_OUTER_BOUND ( 'NONE', #2489, .T. ) ;
#3899 = FILL_AREA_STYLE ('',( #1398 ) ) ;
#3900 = MECHANICAL_DESIGN_GEOMETRIC_PRESENTATION_REPRESENTATION (  '', ( #811 ), #652 ) ;
#3901 = MECHANICAL_DESIGN_GEOMETRIC_PRESENTATION_REPRESENTATION (  '', ( #486 ), #3127 ) ;
#3902 = SURFACE_SIDE_STYLE ('',( #4233 ) ) ;
#3903 = CARTESIAN_POINT ( 'NONE',  ( -0.4000000000000000222, 0.000000000000000000, -1.000000000000000000 ) ) ;
#3904 = LINE ( 'NONE', #2264, #1400 ) ;
#3905 = AXIS2_PLACEMENT_3D ( 'NONE', #5235, #613, #4758 ) ;
#3906 = DIRECTION ( 'NONE',  ( -0.000000000000000000, -0.000000000000000000, -1.000000000000000000 ) ) ;
#3907 = EDGE_CURVE ( 'NONE', #1224, #3252, #2182, .T. ) ;
#3908 = SURFACE_STYLE_USAGE ( .BOTH. , #2627 ) ;
#3909 = FILL_AREA_STYLE ('',( #566 ) ) ;
#3910 = CARTESIAN_POINT ( 'NONE',  ( 3.600000000000000533, -2.540000000000000036, -1.199999999999999956 ) ) ;
#3911 = EDGE_LOOP ( 'NONE', ( #4709, #1623, #3461, #5283 ) ) ;
#3912 = ORIENTED_EDGE ( 'NONE', *, *, #1300, .T. ) ;
#3913 = VERTEX_POINT ( 'NONE', #1837 ) ;
#3914 = EDGE_CURVE ( 'NONE', #4544, #4335, #919, .T. ) ;
#3915 = DIRECTION ( 'NONE',  ( 0.000000000000000000, 0.000000000000000000, -1.000000000000000000 ) ) ;
#3916 = SURFACE_STYLE_FILL_AREA ( #3176 ) ;
#3917 = UNCERTAINTY_MEASURE_WITH_UNIT (LENGTH_MEASURE( 1.000000000000000082E-05 ), #2239, 'distance_accuracy_value', 'NONE');
#3918 =( NAMED_UNIT ( * ) PLANE_ANGLE_UNIT ( ) SI_UNIT ( $, .RADIAN. ) );
#3919 = ORIENTED_EDGE ( 'NONE', *, *, #4683, .T. ) ;
#3920 = DIRECTION ( 'NONE',  ( 0.000000000000000000, 0.000000000000000000, 1.000000000000000000 ) ) ;
#3921 = ORIENTED_EDGE ( 'NONE', *, *, #3270, .T. ) ;
#3922 = EDGE_CURVE ( 'NONE', #4133, #4184, #5285, .T. ) ;
#3923 = CARTESIAN_POINT ( 'NONE',  ( -4.700000000000000178, 2.700000000000001066, -5.349999999999999645 ) ) ;
#3924 = VECTOR ( 'NONE', #1317, 1000.000000000000000 ) ;
#3925 = CARTESIAN_POINT ( 'NONE',  ( 4.698240118821385813, -3.001655327279210805, -5.598139574263673701 ) ) ;
#3926 = FILL_AREA_STYLE_COLOUR ( '', #1920 ) ;
#3927 = ORIENTED_EDGE ( 'NONE', *, *, #4931, .T. ) ;
#3928 = VECTOR ( 'NONE', #3562, 1000.000000000000000 ) ;
#3929 = LINE ( 'NONE', #5151, #3677 ) ;
#3930 = DIRECTION ( 'NONE',  ( 0.000000000000000000, -0.000000000000000000, 1.000000000000000000 ) ) ;
#3931 =( GEOMETRIC_REPRESENTATION_CONTEXT ( 3 ) GLOBAL_UNCERTAINTY_ASSIGNED_CONTEXT ( ( #3917 ) ) GLOBAL_UNIT_ASSIGNED_CONTEXT ( ( #2239, #145, #4702 ) ) REPRESENTATION_CONTEXT ( 'NONE', 'WORKASPACE' ) );
#3932 =( NAMED_UNIT ( * ) PLANE_ANGLE_UNIT ( ) SI_UNIT ( $, .RADIAN. ) );
#3933 = DIRECTION ( 'NONE',  ( -1.000000000000000000, -0.000000000000000000, 0.000000000000000000 ) ) ;
#3934 = STYLED_ITEM ( 'NONE', ( #5171 ), #2837 ) ;
#3935 = EDGE_CURVE ( 'NONE', #4035, #2833, #119, .T. ) ;
#3936 = DIRECTION ( 'NONE',  ( -0.000000000000000000, -0.000000000000000000, 1.000000000000000000 ) ) ;
#3937 =( GEOMETRIC_REPRESENTATION_CONTEXT ( 3 ) GLOBAL_UNCERTAINTY_ASSIGNED_CONTEXT ( ( #4414 ) ) GLOBAL_UNIT_ASSIGNED_CONTEXT ( ( #3669, #3351, #3753 ) ) REPRESENTATION_CONTEXT ( 'NONE', 'WORKASPACE' ) );
#3938 = LINE ( 'NONE', #1845, #2641 ) ;
#3939 = VERTEX_POINT ( 'NONE', #4674 ) ;
#3940 = ORIENTED_EDGE ( 'NONE', *, *, #4320, .T. ) ;
#3941 = CARTESIAN_POINT ( 'NONE',  ( 2.850000000000000089, 0.000000000000000000, -1.040000000000000036 ) ) ;
#3942 = ORIENTED_EDGE ( 'NONE', *, *, #5143, .T. ) ;
#3943 = STYLED_ITEM ( 'NONE', ( #1709 ), #3082 ) ;
#3944 = DIRECTION ( 'NONE',  ( 0.000000000000000000, 0.000000000000000000, -1.000000000000000000 ) ) ;
#3945 = FILL_AREA_STYLE_COLOUR ( '', #682 ) ;
#3946 = ADVANCED_FACE ( 'NONE', ( #5091 ), #359, .T. ) ;
#3947 = CARTESIAN_POINT ( 'NONE',  ( 4.875733059333664521, 2.910915798935655108, -5.136658663735003572 ) ) ;
#3948 = EDGE_LOOP ( 'NONE', ( #5323, #3738, #3921, #2862 ) ) ;
#3949 = AXIS2_PLACEMENT_3D ( 'NONE', #856, #462, #3078 ) ;
#3950 = DIRECTION ( 'NONE',  ( -1.000000000000000000, 0.000000000000000000, 0.000000000000000000 ) ) ;
#3951 = ORIENTED_EDGE ( 'NONE', *, *, #3074, .T. ) ;
#3952 = CARTESIAN_POINT ( 'NONE',  ( -0.8000000000000000444, -2.689999999999999947, -0.2052340201469000092 ) ) ;
#3953 = VECTOR ( 'NONE', #5438, 1000.000000000000000 ) ;
#3954 = CARTESIAN_POINT ( 'NONE',  ( 4.609887319042353049, -2.876705599558067039, -5.686492374042705578 ) ) ;
#3955 = EDGE_CURVE ( 'NONE', #4818, #830, #4591, .T. ) ;
#3956 =( NAMED_UNIT ( * ) PLANE_ANGLE_UNIT ( ) SI_UNIT ( $, .RADIAN. ) );
#3957 = SURFACE_STYLE_FILL_AREA ( #998 ) ;
#3958 = EDGE_LOOP ( 'NONE', ( #3695, #855, #570, #4105 ) ) ;
#3959 = MECHANICAL_DESIGN_GEOMETRIC_PRESENTATION_REPRESENTATION (  '', ( #4047 ), #1563 ) ;
#3960 = FILL_AREA_STYLE_COLOUR ( '', #3119 ) ;
#3961 = DIRECTION ( 'NONE',  ( 0.000000000000000000, -0.000000000000000000, 1.000000000000000000 ) ) ;
#3962 = MECHANICAL_DESIGN_GEOMETRIC_PRESENTATION_REPRESENTATION (  '', ( #277 ), #1320 ) ;
#3963 =( GEOMETRIC_REPRESENTATION_CONTEXT ( 3 ) GLOBAL_UNCERTAINTY_ASSIGNED_CONTEXT ( ( #1039 ) ) GLOBAL_UNIT_ASSIGNED_CONTEXT ( ( #2288, #195, #1812 ) ) REPRESENTATION_CONTEXT ( 'NONE', 'WORKASPACE' ) );
#3964 =( NAMED_UNIT ( * ) PLANE_ANGLE_UNIT ( ) SI_UNIT ( $, .RADIAN. ) );
#3965 = PLANE ( 'NONE',  #23 ) ;
#3966 =( LENGTH_UNIT ( ) NAMED_UNIT ( * ) SI_UNIT ( .MILLI., .METRE. ) );
#3967 =( LENGTH_UNIT ( ) NAMED_UNIT ( * ) SI_UNIT ( .MILLI., .METRE. ) );
#3968 = PRESENTATION_STYLE_ASSIGNMENT (( #1958 ) ) ;
#3969 = FILL_AREA_STYLE ('',( #3039 ) ) ;
#3970 = CARTESIAN_POINT ( 'NONE',  ( -5.000000000000000000, 3.000000000000000000, -1.000000000000000000 ) ) ;
#3971 = VERTEX_POINT ( 'NONE', #5007 ) ;
#3972 = EDGE_LOOP ( 'NONE', ( #3720, #1187, #4664, #4170 ) ) ;
#3973 = DIRECTION ( 'NONE',  ( -1.000000000000000000, 0.000000000000000000, 0.000000000000000000 ) ) ;
#3974 = VERTEX_POINT ( 'NONE', #5429 ) ;
#3975 = PRESENTATION_LAYER_ASSIGNMENT (  '', '', ( #3105 ) ) ;
#3976 = DIRECTION ( 'NONE',  ( -1.000000000000000000, 0.000000000000000000, 0.000000000000000000 ) ) ;
#3977 = UNCERTAINTY_MEASURE_WITH_UNIT (LENGTH_MEASURE( 1.000000000000000082E-05 ), #4020, 'distance_accuracy_value', 'NONE');
#3978 = CARTESIAN_POINT ( 'NONE',  ( 4.699999999999999289, 3.012805871005630465, -5.302828757777176882 ) ) ;
#3979 = ORIENTED_EDGE ( 'NONE', *, *, #941, .F. ) ;
#3980 = AXIS2_PLACEMENT_3D ( 'NONE', #2515, #2099, #2483 ) ;
#3981 = DIRECTION ( 'NONE',  ( -1.000000000000000000, -0.000000000000000000, -0.000000000000000000 ) ) ;
#3982 = CARTESIAN_POINT ( 'NONE',  ( 1.800000000000000488, -3.740000000000000213, 2.605477985889338765E-15 ) ) ;
#3983 = VECTOR ( 'NONE', #5325, 1000.000000000000114 ) ;
#3984 = EDGE_CURVE ( 'NONE', #2644, #4847, #470, .T. ) ;
#3985 = SURFACE_STYLE_USAGE ( .BOTH. , #2310 ) ;
#3986 = STYLED_ITEM ( 'NONE', ( #4031 ), #432 ) ;
#3987 = SURFACE_STYLE_FILL_AREA ( #4887 ) ;
#3988 = DIRECTION ( 'NONE',  ( -0.6546536707079695372, 0.6546536707079755324, 0.3779644730092433513 ) ) ;
#3989 = ORIENTED_EDGE ( 'NONE', *, *, #3507, .T. ) ;
#3990 = DIRECTION ( 'NONE',  ( 0.000000000000000000, 1.000000000000000000, -0.000000000000000000 ) ) ;
#3991 = EDGE_CURVE ( 'NONE', #2808, #4874, #2454, .T. ) ;
#3992 = EDGE_CURVE ( 'NONE', #135, #4367, #4126, .T. ) ;
#3993 = VECTOR ( 'NONE', #3646, 1000.000000000000000 ) ;
#3994 =( LENGTH_UNIT ( ) NAMED_UNIT ( * ) SI_UNIT ( .MILLI., .METRE. ) );
#3995 = CYLINDRICAL_SURFACE ( 'NONE', #1106, 0.2999999999999999334 ) ;
#3996 = CARTESIAN_POINT ( 'NONE',  ( 3.600000000000000533, -2.540000000000000036, -1.199999999999999956 ) ) ;
#3997 = SURFACE_STYLE_USAGE ( .BOTH. , #2211 ) ;
#3998 = PRESENTATION_LAYER_ASSIGNMENT (  '', '', ( #811 ) ) ;
#3999 = EDGE_CURVE ( 'NONE', #2427, #5112, #808, .T. ) ;
#4000 = CARTESIAN_POINT ( 'NONE',  ( -4.699999999999999289, -2.700000000000000178, -5.349999999999999645 ) ) ;
#4001 = SURFACE_SIDE_STYLE ('',( #2323 ) ) ;
#4002 = ORIENTED_EDGE ( 'NONE', *, *, #3768, .T. ) ;
#4003 = ORIENTED_EDGE ( 'NONE', *, *, #2776, .F. ) ;
#4004 = VERTEX_POINT ( 'NONE', #3708 ) ;
#4005 = SURFACE_SIDE_STYLE ('',( #3596 ) ) ;
#4006 = ORIENTED_EDGE ( 'NONE', *, *, #2404, .F. ) ;
#4007 = CARTESIAN_POINT ( 'NONE',  ( 4.700000000000000178, -2.700000000000000178, -5.349999999999999645 ) ) ;
#4008 = CARTESIAN_POINT ( 'NONE',  ( -0.8000000000000000444, 2.689999999999999947, -0.2052340201469000092 ) ) ;
#4009 = SURFACE_SIDE_STYLE ('',( #3494 ) ) ;
#4010 = EDGE_CURVE ( 'NONE', #2403, #3913, #3733, .T. ) ;
#4011 = ORIENTED_EDGE ( 'NONE', *, *, #4077, .F. ) ;
#4012 = PLANE ( 'NONE',  #1789 ) ;
#4013 = SURFACE_SIDE_STYLE ('',( #4426 ) ) ;
#4014 = STYLED_ITEM ( 'NONE', ( #4725 ), #1856 ) ;
#4015 = SURFACE_SIDE_STYLE ('',( #4810 ) ) ;
#4016 = SURFACE_STYLE_FILL_AREA ( #3548 ) ;
#4017 = EDGE_CURVE ( 'NONE', #3754, #4493, #1182, .T. ) ;
#4018 = STYLED_ITEM ( 'NONE', ( #3110 ), #2236 ) ;
#4019 = COLOUR_RGB ( '',0.9803921568627450567, 0.9411764705882352811, 0.7843137254901960675 ) ;
#4020 =( LENGTH_UNIT ( ) NAMED_UNIT ( * ) SI_UNIT ( .MILLI., .METRE. ) );
#4021 = SURFACE_STYLE_FILL_AREA ( #4958 ) ;
#4022 = VERTEX_POINT ( 'NONE', #2156 ) ;
#4023 = PRESENTATION_LAYER_ASSIGNMENT (  '', '', ( #5077 ) ) ;
#4024 = DIRECTION ( 'NONE',  ( 0.000000000000000000, -0.000000000000000000, -1.000000000000000000 ) ) ;
#4025 = DIRECTION ( 'NONE',  ( 0.000000000000000000, 0.05233595624294862941, -0.9986295347545737222 ) ) ;
#4026 = VECTOR ( 'NONE', #4041, 1000.000000000000000 ) ;
#4027 = PRESENTATION_STYLE_ASSIGNMENT (( #1412 ) ) ;
#4028 = UNCERTAINTY_MEASURE_WITH_UNIT (LENGTH_MEASURE( 1.000000000000000082E-05 ), #5272, 'distance_accuracy_value', 'NONE');
#4029 = PRESENTATION_STYLE_ASSIGNMENT (( #991 ) ) ;
#4030 = ORIENTED_EDGE ( 'NONE', *, *, #90, .T. ) ;
#4031 = PRESENTATION_STYLE_ASSIGNMENT (( #2713 ) ) ;
#4032 = ORIENTED_EDGE ( 'NONE', *, *, #3412, .F. ) ;
#4033 = FACE_OUTER_BOUND ( 'NONE', #491, .T. ) ;
#4034 = PRESENTATION_LAYER_ASSIGNMENT (  '', '', ( #947 ) ) ;
#4035 = VERTEX_POINT ( 'NONE', #3327 ) ;
#4036 =( NAMED_UNIT ( * ) SI_UNIT ( $, .STERADIAN. ) SOLID_ANGLE_UNIT ( ) );
#4037 =( NAMED_UNIT ( * ) PLANE_ANGLE_UNIT ( ) SI_UNIT ( $, .RADIAN. ) );
#4038 = STYLED_ITEM ( 'NONE', ( #4781 ), #4175 ) ;
#4039 = VECTOR ( 'NONE', #2377, 1000.000000000000114 ) ;
#4040 = EDGE_CURVE ( 'NONE', #127, #986, #872, .T. ) ;
#4041 = DIRECTION ( 'NONE',  ( -1.000000000000000000, -0.000000000000000000, -0.000000000000000000 ) ) ;
#4042 = VECTOR ( 'NONE', #2853, 1000.000000000000000 ) ;
#4043 = PRESENTATION_LAYER_ASSIGNMENT (  '', '', ( #94 ) ) ;
#4044 = SURFACE_SIDE_STYLE ('',( #4838 ) ) ;
#4045 = VECTOR ( 'NONE', #404, 1000.000000000000000 ) ;
#4046 = EDGE_CURVE ( 'NONE', #1796, #3615, #57, .T. ) ;
#4047 = STYLED_ITEM ( 'NONE', ( #2915 ), #3808 ) ;
#4048 = LINE ( 'NONE', #1521, #2724 ) ;
#4049 = SURFACE_STYLE_FILL_AREA ( #4873 ) ;
#4050 =( NAMED_UNIT ( * ) SI_UNIT ( $, .STERADIAN. ) SOLID_ANGLE_UNIT ( ) );
#4051 = LINE ( 'NONE', #3656, #40 ) ;
#4052 = EDGE_CURVE ( 'NONE', #1853, #3423, #3824, .T. ) ;
#4053 = DIRECTION ( 'NONE',  ( 1.000000000000000000, 0.000000000000000000, -0.000000000000000000 ) ) ;
#4054 = DIRECTION ( 'NONE',  ( 0.000000000000000000, -1.000000000000000000, -0.000000000000000000 ) ) ;
#4055 = VERTEX_POINT ( 'NONE', #838 ) ;
#4056 = DIRECTION ( 'NONE',  ( -1.000000000000000000, 0.000000000000000000, 0.000000000000000000 ) ) ;
#4057 = VERTEX_POINT ( 'NONE', #2973 ) ;
#4058 = FACE_OUTER_BOUND ( 'NONE', #4468, .T. ) ;
#4059 = FACE_OUTER_BOUND ( 'NONE', #4265, .T. ) ;
#4060 =( NAMED_UNIT ( * ) PLANE_ANGLE_UNIT ( ) SI_UNIT ( $, .RADIAN. ) );
#4061 = CARTESIAN_POINT ( 'NONE',  ( 3.429999999999999716, 2.000000000000000000, -5.599999999999999645 ) ) ;
#4062 = VERTEX_POINT ( 'NONE', #4533 ) ;
#4063 = DIRECTION ( 'NONE',  ( 1.000000000000000000, 0.000000000000000000, -0.000000000000000000 ) ) ;
#4064 = COLOUR_RGB ( '',0.8431372549019607865, 0.8431372549019607865, 0.8431372549019607865 ) ;
#4065 = DIRECTION ( 'NONE',  ( 0.000000000000000000, 0.000000000000000000, 1.000000000000000000 ) ) ;
#4066 =( NAMED_UNIT ( * ) PLANE_ANGLE_UNIT ( ) SI_UNIT ( $, .RADIAN. ) );
#4067 = DIRECTION ( 'NONE',  ( 0.000000000000000000, 0.000000000000000000, 1.000000000000000000 ) ) ;
#4068 = PRESENTATION_LAYER_ASSIGNMENT (  '', '', ( #4593 ) ) ;
#4069 = CARTESIAN_POINT ( 'NONE',  ( -4.877052006648532334, -2.838794691956770144, -5.635469376755157356 ) ) ;
#4070 = LINE ( 'NONE', #1550, #4872 ) ;
#4071 = AXIS2_PLACEMENT_3D ( 'NONE', #3827, #4262, #3448 ) ;
#4072 = VECTOR ( 'NONE', #474, 1000.000000000000227 ) ;
#4073 = DIRECTION ( 'NONE',  ( 0.000000000000000000, -1.000000000000000000, 0.000000000000000000 ) ) ;
#4074 = LINE ( 'NONE', #4932, #5275 ) ;
#4075 =( GEOMETRIC_REPRESENTATION_CONTEXT ( 3 ) GLOBAL_UNCERTAINTY_ASSIGNED_CONTEXT ( ( #5079 ) ) GLOBAL_UNIT_ASSIGNED_CONTEXT ( ( #1606, #5459, #5033 ) ) REPRESENTATION_CONTEXT ( 'NONE', 'WORKASPACE' ) );
#4076 = SURFACE_STYLE_FILL_AREA ( #2401 ) ;
#4077 = EDGE_CURVE ( 'NONE', #1951, #2686, #2884, .T. ) ;
#4078 = DIRECTION ( 'NONE',  ( -1.000000000000000000, -0.000000000000000000, 0.000000000000000000 ) ) ;
#4079 = ORIENTED_EDGE ( 'NONE', *, *, #3992, .T. ) ;
#4080 = LINE ( 'NONE', #313, #294 ) ;
#4081 =( GEOMETRIC_REPRESENTATION_CONTEXT ( 3 ) GLOBAL_UNCERTAINTY_ASSIGNED_CONTEXT ( ( #296 ) ) GLOBAL_UNIT_ASSIGNED_CONTEXT ( ( #1662, #3403, #5389 ) ) REPRESENTATION_CONTEXT ( 'NONE', 'WORKASPACE' ) );
#4082 = UNCERTAINTY_MEASURE_WITH_UNIT (LENGTH_MEASURE( 1.000000000000000082E-05 ), #227, 'distance_accuracy_value', 'NONE');
#4083 = FACE_OUTER_BOUND ( 'NONE', #4252, .T. ) ;
#4084 = EDGE_LOOP ( 'NONE', ( #870, #4744, #3633, #3311 ) ) ;
#4085 = EDGE_CURVE ( 'NONE', #3746, #1647, #785, .T. ) ;
#4086 = SURFACE_SIDE_STYLE ('',( #1196 ) ) ;
#4087 = VECTOR ( 'NONE', #2652, 1000.000000000000000 ) ;
#4088 = CARTESIAN_POINT ( 'NONE',  ( 4.997854040671798614, 2.674371402530034025, -5.375022898457312515 ) ) ;
#4089 = PLANE ( 'NONE',  #2212 ) ;
#4090 = LINE ( 'NONE', #4195, #1931 ) ;
#4091 = ORIENTED_EDGE ( 'NONE', *, *, #2520, .T. ) ;
#4092 = FACE_OUTER_BOUND ( 'NONE', #992, .T. ) ;
#4093 = CARTESIAN_POINT ( 'NONE',  ( 5.000000000000000000, -2.700000000000000178, -1.000000000000000000 ) ) ;
#4094 = DIRECTION ( 'NONE',  ( 0.000000000000000000, 0.000000000000000000, 1.000000000000000000 ) ) ;
#4095 = CARTESIAN_POINT ( 'NONE',  ( -1.850000000000000089, -1.300000000000000266, -1.199999999999999956 ) ) ;
#4096 = FILL_AREA_STYLE_COLOUR ( '', #2517 ) ;
#4097 = CARTESIAN_POINT ( 'NONE',  ( -0.8000000000000000444, 2.689999999999999947, -1.199999999999999956 ) ) ;
#4098 = VECTOR ( 'NONE', #1541, 1000.000000000000000 ) ;
#4099 = CARTESIAN_POINT ( 'NONE',  ( -3.600000000000000089, 3.747850393436000793, -0.1497944302132113159 ) ) ;
#4100 = CARTESIAN_POINT ( 'NONE',  ( 4.700000000000000178, -3.000000000000000000, -1.000000000000000000 ) ) ;
#4101 = AXIS2_PLACEMENT_3D ( 'NONE', #1548, #804, #2822 ) ;
#4102 = CARTESIAN_POINT ( 'NONE',  ( 4.192871870788969169, -2.012871870788996986, -1.040000000000059988 ) ) ;
#4103 =( LENGTH_UNIT ( ) NAMED_UNIT ( * ) SI_UNIT ( .MILLI., .METRE. ) );
#4104 = VERTEX_POINT ( 'NONE', #5460 ) ;
#4105 = ORIENTED_EDGE ( 'NONE', *, *, #5436, .T. ) ;
#4106 = MECHANICAL_DESIGN_GEOMETRIC_PRESENTATION_REPRESENTATION (  '', ( #1019 ), #1818 ) ;
#4107 = PRODUCT_DEFINITION ( 'UNKNOWN', '', #5391, #4405 ) ;
#4108 = CIRCLE ( 'NONE', #1730, 0.2999999999999999334 ) ;
#4109 = CARTESIAN_POINT ( 'NONE',  ( -0.8000000000000000444, 2.540000000000000036, -0.06288933513965000444 ) ) ;
#4110 = ORIENTED_EDGE ( 'NONE', *, *, #4239, .F. ) ;
#4111 = FILL_AREA_STYLE ('',( #4498 ) ) ;
#4112 = CARTESIAN_POINT ( 'NONE',  ( 4.999999694273767226, 2.691229997213140379, -5.358164303774206161 ) ) ;
#4113 = FACE_BOUND ( 'NONE', #1710, .T. ) ;
#4114 = ADVANCED_FACE ( 'NONE', ( #25 ), #391, .T. ) ;
#4115 = DIRECTION ( 'NONE',  ( 1.000000000000000000, 0.000000000000000000, -0.000000000000000000 ) ) ;
#4116 = PLANE ( 'NONE',  #852 ) ;
#4117 = SURFACE_STYLE_USAGE ( .BOTH. , #2441 ) ;
#4118 = EDGE_LOOP ( 'NONE', ( #48, #4973, #4832, #2765 ) ) ;
#4119 = PLANE ( 'NONE',  #1559 ) ;
#4120 = EDGE_CURVE ( 'NONE', #4146, #3266, #589, .T. ) ;
#4121 = VECTOR ( 'NONE', #3719, 1000.000000000000000 ) ;
#4122 = CARTESIAN_POINT ( 'NONE',  ( -4.000000000000000000, -2.540000000000000036, -1.199999999999999956 ) ) ;
#4123 = DIRECTION ( 'NONE',  ( -1.000000000000000000, -0.000000000000000000, -0.000000000000000000 ) ) ;
#4124 = PRESENTATION_LAYER_ASSIGNMENT (  '', '', ( #4384 ) ) ;
#4125 = CARTESIAN_POINT ( 'NONE',  ( 1.399999999999999911, 3.740000000000000213, 0.000000000000000000 ) ) ;
#4126 = LINE ( 'NONE', #2574, #2649 ) ;
#4127 = DIRECTION ( 'NONE',  ( -0.000000000000000000, 0.000000000000000000, 1.000000000000000000 ) ) ;
#4128 = STYLED_ITEM ( 'NONE', ( #1302 ), #3705 ) ;
#4129 = DIRECTION ( 'NONE',  ( 1.000000000000000000, 0.000000000000000000, -0.000000000000000000 ) ) ;
#4130 =( NAMED_UNIT ( * ) PLANE_ANGLE_UNIT ( ) SI_UNIT ( $, .RADIAN. ) );
#4131 = ORIENTED_EDGE ( 'NONE', *, *, #3417, .F. ) ;
#4132 = DIRECTION ( 'NONE',  ( 0.000000000000000000, -0.9986295347545738332, -0.05233595624294426485 ) ) ;
#4133 = VERTEX_POINT ( 'NONE', #2260 ) ;
#4134 = COLOUR_RGB ( '',0.9803921568627450567, 0.9411764705882352811, 0.7843137254901960675 ) ;
#4135 = STYLED_ITEM ( 'NONE', ( #231 ), #3748 ) ;
#4136 = CARTESIAN_POINT ( 'NONE',  ( -4.000000000000000000, 2.540000000000000036, -1.199999999999999956 ) ) ;
#4137 = SURFACE_SIDE_STYLE ('',( #2465 ) ) ;
#4138 = AXIS2_PLACEMENT_3D ( 'NONE', #3701, #383, #3790 ) ;
#4139 = UNCERTAINTY_MEASURE_WITH_UNIT (LENGTH_MEASURE( 1.000000000000000082E-05 ), #1570, 'distance_accuracy_value', 'NONE');
#4140 = CARTESIAN_POINT ( 'NONE',  ( 2.329999999999999627, 2.000000000000000000, -5.599999999999999645 ) ) ;
#4141 = ORIENTED_EDGE ( 'NONE', *, *, #1504, .T. ) ;
#4142 = CARTESIAN_POINT ( 'NONE',  ( 4.991446347794323835, 2.750294265862792020, -5.400294265862748411 ) ) ;
#4143 = FACE_BOUND ( 'NONE', #2389, .T. ) ;
#4144 = UNCERTAINTY_MEASURE_WITH_UNIT (LENGTH_MEASURE( 1.000000000000000082E-05 ), #3462, 'distance_accuracy_value', 'NONE');
#4145 = CARTESIAN_POINT ( 'NONE',  ( 1.800000000000000266, 0.000000000000000000, -1.000000000000000000 ) ) ;
#4146 = VERTEX_POINT ( 'NONE', #3089 ) ;
#4147 = EDGE_CURVE ( 'NONE', #2380, #1717, #5121, .T. ) ;
#4148 =( NAMED_UNIT ( * ) PLANE_ANGLE_UNIT ( ) SI_UNIT ( $, .RADIAN. ) );
#4149 = FILL_AREA_STYLE_COLOUR ( '', #777 ) ;
#4150 = COLOUR_RGB ( '',0.9803921568627450567, 0.9411764705882352811, 0.7843137254901960675 ) ;
#4151 = DIRECTION ( 'NONE',  ( 0.000000000000000000, 1.000000000000000000, -0.000000000000000000 ) ) ;
#4152 = FILL_AREA_STYLE_COLOUR ( '', #4064 ) ;
#4153 = STYLED_ITEM ( 'NONE', ( #279 ), #280 ) ;
#4154 = EDGE_CURVE ( 'NONE', #4493, #2357, #3929, .T. ) ;
#4155 = EDGE_CURVE ( 'NONE', #1098, #5228, #945, .T. ) ;
#4156 = DIRECTION ( 'NONE',  ( 0.000000000000000000, -0.9986295347545738332, 0.05233595624294426485 ) ) ;
#4157 = AXIS2_PLACEMENT_3D ( 'NONE', #962, #4331, #3915 ) ;
#4158 =( GEOMETRIC_REPRESENTATION_CONTEXT ( 3 ) GLOBAL_UNCERTAINTY_ASSIGNED_CONTEXT ( ( #5022 ) ) GLOBAL_UNIT_ASSIGNED_CONTEXT ( ( #1655, #9, #2983 ) ) REPRESENTATION_CONTEXT ( 'NONE', 'WORKASPACE' ) );
#4159 = LINE ( 'NONE', #5398, #1216 ) ;
#4160 = DIRECTION ( 'NONE',  ( 0.000000000000000000, -1.000000000000000000, -0.000000000000000000 ) ) ;
#4161 =( NAMED_UNIT ( * ) SI_UNIT ( $, .STERADIAN. ) SOLID_ANGLE_UNIT ( ) );
#4162 = ORIENTED_EDGE ( 'NONE', *, *, #3507, .F. ) ;
#4163 = EDGE_CURVE ( 'NONE', #5054, #4623, #559, .T. ) ;
#4164 = CARTESIAN_POINT ( 'NONE',  ( 0.000000000000000000, 2.689999999999999947, -1.199999999999999956 ) ) ;
#4165 = DIRECTION ( 'NONE',  ( -0.000000000000000000, 1.000000000000000000, -0.000000000000000000 ) ) ;
#4166 = CARTESIAN_POINT ( 'NONE',  ( 5.037326708879828807, -2.700000000000000622, -5.436937359832103134 ) ) ;
#4167 = DIRECTION ( 'NONE',  ( -0.000000000000000000, -0.000000000000000000, -1.000000000000000000 ) ) ;
#4168 = ORIENTED_EDGE ( 'NONE', *, *, #1617, .F. ) ;
#4169 = CARTESIAN_POINT ( 'NONE',  ( -2.850000000000000089, -0.6445517328096000975, -0.2500000000000000000 ) ) ;
#4170 = ORIENTED_EDGE ( 'NONE', *, *, #4962, .F. ) ;
#4171 = STYLED_ITEM ( 'NONE', ( #2097 ), #1754 ) ;
#4172 =( GEOMETRIC_REPRESENTATION_CONTEXT ( 3 ) GLOBAL_UNCERTAINTY_ASSIGNED_CONTEXT ( ( #1540 ) ) GLOBAL_UNIT_ASSIGNED_CONTEXT ( ( #2372, #3650, #3275 ) ) REPRESENTATION_CONTEXT ( 'NONE', 'WORKASPACE' ) );
#4173 = VERTEX_POINT ( 'NONE', #531 ) ;
#4174 =( NAMED_UNIT ( * ) SI_UNIT ( $, .STERADIAN. ) SOLID_ANGLE_UNIT ( ) );
#4175 = ADVANCED_FACE ( 'NONE', ( #5204 ), #3442, .F. ) ;
#4176 = CARTESIAN_POINT ( 'NONE',  ( -5.001655327279213026, -2.948139574263677787, -5.348240118821386169 ) ) ;
#4177 = DIRECTION ( 'NONE',  ( 0.000000000000000000, -0.000000000000000000, 1.000000000000000000 ) ) ;
#4178 = CARTESIAN_POINT ( 'NONE',  ( 1.800000000000000266, 0.000000000000000000, -1.199999999999999956 ) ) ;
#4179 = EDGE_CURVE ( 'NONE', #2148, #102, #1292, .T. ) ;
#4180 =( GEOMETRIC_REPRESENTATION_CONTEXT ( 3 ) GLOBAL_UNCERTAINTY_ASSIGNED_CONTEXT ( ( #2497 ) ) GLOBAL_UNIT_ASSIGNED_CONTEXT ( ( #3791, #4201, #2153 ) ) REPRESENTATION_CONTEXT ( 'NONE', 'WORKASPACE' ) );
#4181 = LINE ( 'NONE', #2159, #5209 ) ;
#4182 = VERTEX_POINT ( 'NONE', #2621 ) ;
#4183 = LINE ( 'NONE', #3797, #1252 ) ;
#4184 = VERTEX_POINT ( 'NONE', #4286 ) ;
#4185 = MECHANICAL_DESIGN_GEOMETRIC_PRESENTATION_REPRESENTATION (  '', ( #5160 ), #2531 ) ;
#4186 = SURFACE_SIDE_STYLE ('',( #1166 ) ) ;
#4187 = UNCERTAINTY_MEASURE_WITH_UNIT (LENGTH_MEASURE( 1.000000000000000082E-05 ), #2031, 'distance_accuracy_value', 'NONE');
#4188 = CARTESIAN_POINT ( 'NONE',  ( 3.600000000000000533, 3.747850393435999905, -0.1497944302131999916 ) ) ;
#4189 = ORIENTED_EDGE ( 'NONE', *, *, #2376, .T. ) ;
#4190 = LINE ( 'NONE', #1330, #2500 ) ;
#4191 =( NAMED_UNIT ( * ) PLANE_ANGLE_UNIT ( ) SI_UNIT ( $, .RADIAN. ) );
#4192 = STYLED_ITEM ( 'NONE', ( #561 ), #2646 ) ;
#4193 = DIRECTION ( 'NONE',  ( 0.000000000000000000, 0.000000000000000000, 1.000000000000000000 ) ) ;
#4194 = ORIENTED_EDGE ( 'NONE', *, *, #3984, .F. ) ;
#4195 = CARTESIAN_POINT ( 'NONE',  ( -4.469999999999999751, -2.012871870789000095, -1.040000000000000036 ) ) ;
#4196 = ORIENTED_EDGE ( 'NONE', *, *, #5021, .F. ) ;
#4197 = CYLINDRICAL_SURFACE ( 'NONE', #3552, 0.2999999999999999334 ) ;
#4198 = CARTESIAN_POINT ( 'NONE',  ( 1.800000000000000488, 3.747850393436000793, -0.1497944302132113159 ) ) ;
#4199 = MECHANICAL_DESIGN_GEOMETRIC_PRESENTATION_REPRESENTATION (  '', ( #1739 ), #1190 ) ;
#4200 = CARTESIAN_POINT ( 'NONE',  ( 2.080000000000000071, 2.000000000000000000, -5.400000000000000355 ) ) ;
#4201 =( NAMED_UNIT ( * ) PLANE_ANGLE_UNIT ( ) SI_UNIT ( $, .RADIAN. ) );
#4202 = DIRECTION ( 'NONE',  ( 0.000000000000000000, -0.000000000000000000, 1.000000000000000000 ) ) ;
#4203 =( NAMED_UNIT ( * ) PLANE_ANGLE_UNIT ( ) SI_UNIT ( $, .RADIAN. ) );
#4204 = SURFACE_STYLE_USAGE ( .BOTH. , #3387 ) ;
#4205 = MECHANICAL_DESIGN_GEOMETRIC_PRESENTATION_REPRESENTATION (  '', ( #3943 ), #2371 ) ;
#4206 = PRESENTATION_LAYER_ASSIGNMENT (  '', '', ( #4915 ) ) ;
#4207 = CARTESIAN_POINT ( 'NONE',  ( 0.000000000000000000, -2.290000000000000036, -1.199999999999999956 ) ) ;
#4208 = VERTEX_POINT ( 'NONE', #117 ) ;
#4209 = ORIENTED_EDGE ( 'NONE', *, *, #802, .F. ) ;
#4210 = EDGE_CURVE ( 'NONE', #1175, #1234, #1785, .T. ) ;
#4211 = MECHANICAL_DESIGN_GEOMETRIC_PRESENTATION_REPRESENTATION (  '', ( #4301 ), #4739 ) ;
#4212 = AXIS2_PLACEMENT_3D ( 'NONE', #3788, #2442, #4997 ) ;
#4213 = FACE_OUTER_BOUND ( 'NONE', #1275, .T. ) ;
#4214 = DIRECTION ( 'NONE',  ( 0.000000000000000000, -0.05233595624294862247, 0.9986295347545736112 ) ) ;
#4215 = EDGE_LOOP ( 'NONE', ( #1742, #4388, #1382, #581 ) ) ;
#4216 = AXIS2_PLACEMENT_3D ( 'NONE', #3689, #4628, #4987 ) ;
#4217 = SURFACE_STYLE_FILL_AREA ( #1737 ) ;
#4218 = EDGE_CURVE ( 'NONE', #2190, #3683, #5335, .T. ) ;
#4219 = DIRECTION ( 'NONE',  ( 0.000000000000000000, 0.000000000000000000, 1.000000000000000000 ) ) ;
#4220 = MECHANICAL_DESIGN_GEOMETRIC_PRESENTATION_REPRESENTATION (  '', ( #360 ), #628 ) ;
#4221 = DIRECTION ( 'NONE',  ( 1.000000000000000000, 0.000000000000000000, 0.000000000000000000 ) ) ;
#4222 = DIRECTION ( 'NONE',  ( 0.000000000000000000, 0.000000000000000000, -1.000000000000000000 ) ) ;
#4223 = ORIENTED_EDGE ( 'NONE', *, *, #4320, .F. ) ;
#4224 = CARTESIAN_POINT ( 'NONE',  ( 0.000000000000000000, -2.540000000000000036, -1.199999999999999956 ) ) ;
#4225 = ORIENTED_EDGE ( 'NONE', *, *, #3408, .T. ) ;
#4226 = CARTESIAN_POINT ( 'NONE',  ( -2.799999999999999822, 1.300000000000000266, -0.2500000000000000000 ) ) ;
#4227 = PLANE ( 'NONE',  #1672 ) ;
#4228 =( LENGTH_UNIT ( ) NAMED_UNIT ( * ) SI_UNIT ( .MILLI., .METRE. ) );
#4229 = SURFACE_STYLE_USAGE ( .BOTH. , #2231 ) ;
#4230 = CARTESIAN_POINT ( 'NONE',  ( -4.700000000000000178, -2.700000000000000178, -1.000000000000000000 ) ) ;
#4231 = LINE ( 'NONE', #3732, #1406 ) ;
#4232 = DIRECTION ( 'NONE',  ( 0.000000000000000000, 0.9986295347545723899, 0.05233595624297000815 ) ) ;
#4233 = SURFACE_STYLE_FILL_AREA ( #4648 ) ;
#4234 = CARTESIAN_POINT ( 'NONE',  ( 5.000000000000000000, 2.700000000000000178, -1.000000000000000000 ) ) ;
#4235 = LINE ( 'NONE', #4624, #4072 ) ;
#4236 = COLOUR_RGB ( '',0.9803921568627450567, 0.9411764705882352811, 0.7843137254901960675 ) ;
#4237 =( GEOMETRIC_REPRESENTATION_CONTEXT ( 3 ) GLOBAL_UNCERTAINTY_ASSIGNED_CONTEXT ( ( #3263 ) ) GLOBAL_UNIT_ASSIGNED_CONTEXT ( ( #1944, #5276, #2334 ) ) REPRESENTATION_CONTEXT ( 'NONE', 'WORKASPACE' ) );
#4238 = SURFACE_STYLE_FILL_AREA ( #3909 ) ;
#4239 = EDGE_CURVE ( 'NONE', #3566, #830, #1488, .T. ) ;
#4240 = SURFACE_STYLE_FILL_AREA ( #2218 ) ;
#4241 = ORIENTED_EDGE ( 'NONE', *, *, #2215, .F. ) ;
#4242 = VECTOR ( 'NONE', #766, 1000.000000000000000 ) ;
#4243 = ORIENTED_EDGE ( 'NONE', *, *, #4692, .F. ) ;
#4244 = DIRECTION ( 'NONE',  ( 0.000000000000000000, -0.000000000000000000, 1.000000000000000000 ) ) ;
#4245 = VECTOR ( 'NONE', #323, 1000.000000000000000 ) ;
#4246 = AXIS2_PLACEMENT_3D ( 'NONE', #618, #1386, #1580 ) ;
#4247 = DIRECTION ( 'NONE',  ( -1.000000000000000000, -0.000000000000000000, 0.000000000000000000 ) ) ;
#4248 = EDGE_CURVE ( 'NONE', #4623, #668, #4866, .T. ) ;
#4249 = ORIENTED_EDGE ( 'NONE', *, *, #419, .F. ) ;
#4250 = SURFACE_STYLE_USAGE ( .BOTH. , #5081 ) ;
#4251 = MECHANICAL_DESIGN_GEOMETRIC_PRESENTATION_REPRESENTATION (  '', ( #4510 ), #2157 ) ;
#4252 = EDGE_LOOP ( 'NONE', ( #1114, #4002, #2415, #2328 ) ) ;
#4253 = PLANE ( 'NONE',  #4869 ) ;
#4254 = PRESENTATION_STYLE_ASSIGNMENT (( #886 ) ) ;
#4255 = LINE ( 'NONE', #139, #4399 ) ;
#4256 = AXIS2_PLACEMENT_3D ( 'NONE', #4761, #3936, #1352 ) ;
#4257 = FILL_AREA_STYLE_COLOUR ( '', #3059 ) ;
#4258 = SURFACE_SIDE_STYLE ('',( #1319 ) ) ;
#4259 = PRESENTATION_STYLE_ASSIGNMENT (( #3411 ) ) ;
#4260 = CARTESIAN_POINT ( 'NONE',  ( -4.192871870788969169, 2.012871870788999207, -1.040000000000055325 ) ) ;
#4261 = CARTESIAN_POINT ( 'NONE',  ( -2.799999999999999822, 0.6445517328096025400, -0.2499999999999956146 ) ) ;
#4262 = DIRECTION ( 'NONE',  ( 0.000000000000000000, 0.000000000000000000, 1.000000000000000000 ) ) ;
#4263 = CARTESIAN_POINT ( 'NONE',  ( -4.877052006648534110, -2.985469376755161441, -5.488794691956772276 ) ) ;
#4264 =( NAMED_UNIT ( * ) PLANE_ANGLE_UNIT ( ) SI_UNIT ( $, .RADIAN. ) );
#4265 = EDGE_LOOP ( 'NONE', ( #557, #3838, #1915, #2437 ) ) ;
#4266 = ORIENTED_EDGE ( 'NONE', *, *, #3550, .T. ) ;
#4267 =( NAMED_UNIT ( * ) PLANE_ANGLE_UNIT ( ) SI_UNIT ( $, .RADIAN. ) );
#4268 = ORIENTED_EDGE ( 'NONE', *, *, #2431, .F. ) ;
#4269 = PRESENTATION_LAYER_ASSIGNMENT (  '', '', ( #413 ) ) ;
#4270 = FILL_AREA_STYLE ('',( #3578 ) ) ;
#4271 = EDGE_CURVE ( 'NONE', #236, #4544, #5005, .T. ) ;
#4272 = DIRECTION ( 'NONE',  ( -0.000000000000000000, 1.000000000000000000, 0.000000000000000000 ) ) ;
#4273 = PLANE ( 'NONE',  #1999 ) ;
#4274 = SURFACE_SIDE_STYLE ('',( #2172 ) ) ;
#4275 = ORIENTED_EDGE ( 'NONE', *, *, #3313, .T. ) ;
#4276 = DIRECTION ( 'NONE',  ( -1.000000000000000000, -0.000000000000000000, -0.000000000000000000 ) ) ;
#4277 = ORIENTED_EDGE ( 'NONE', *, *, #1358, .F. ) ;
#4278 = CYLINDRICAL_SURFACE ( 'NONE', #34, 0.02999999999999964501 ) ;
#4279 = LINE ( 'NONE', #3404, #2723 ) ;
#4280 = EDGE_CURVE ( 'NONE', #961, #1822, #3424, .T. ) ;
#4281 = AXIS2_PLACEMENT_3D ( 'NONE', #5109, #1335, #1801 ) ;
#4282 = CARTESIAN_POINT ( 'NONE',  ( -4.700000000000000178, 2.700000000000000178, -5.349999999999999645 ) ) ;
#4283 = CARTESIAN_POINT ( 'NONE',  ( 18.03600000000000492, -2.700000000000000178, -5.349999999999999645 ) ) ;
#4284 = FACE_OUTER_BOUND ( 'NONE', #3352, .T. ) ;
#4285 =( GEOMETRIC_REPRESENTATION_CONTEXT ( 3 ) GLOBAL_UNCERTAINTY_ASSIGNED_CONTEXT ( ( #1827 ) ) GLOBAL_UNIT_ASSIGNED_CONTEXT ( ( #3850, #3932, #3877 ) ) REPRESENTATION_CONTEXT ( 'NONE', 'WORKASPACE' ) );
#4286 = CARTESIAN_POINT ( 'NONE',  ( 2.080000000000000071, 2.000000000000000000, -5.400000000000000355 ) ) ;
#4287 = EDGE_CURVE ( 'NONE', #4367, #986, #4455, .T. ) ;
#4288 = PRESENTATION_LAYER_ASSIGNMENT (  '', '', ( #1455 ) ) ;
#4289 = CARTESIAN_POINT ( 'NONE',  ( 0.000000000000000000, 1.300000000000000266, -1.199999999999999956 ) ) ;
#4290 = DIRECTION ( 'NONE',  ( -0.000000000000000000, 0.5000000000000167644, 0.8660254037844289376 ) ) ;
#4291 = DIRECTION ( 'NONE',  ( 1.000000000000000000, 0.000000000000000000, -0.000000000000000000 ) ) ;
#4292 = AXIS2_PLACEMENT_3D ( 'NONE', #5018, #2056, #4575 ) ;
#4293 = UNCERTAINTY_MEASURE_WITH_UNIT (LENGTH_MEASURE( 1.000000000000000082E-05 ), #1147, 'distance_accuracy_value', 'NONE');
#4294 = ORIENTED_EDGE ( 'NONE', *, *, #1052, .F. ) ;
#4295 =( NAMED_UNIT ( * ) SI_UNIT ( $, .STERADIAN. ) SOLID_ANGLE_UNIT ( ) );
#4296 = ORIENTED_EDGE ( 'NONE', *, *, #2744, .T. ) ;
#4297 = COLOUR_RGB ( '',0.9803921568627450567, 0.9411764705882352811, 0.7843137254901960675 ) ;
#4298 = STYLED_ITEM ( 'NONE', ( #1010 ), #3201 ) ;
#4299 = DIRECTION ( 'NONE',  ( 0.000000000000000000, -1.000000000000000000, -0.000000000000000000 ) ) ;
#4300 = SURFACE_SIDE_STYLE ('',( #3836 ) ) ;
#4301 = STYLED_ITEM ( 'NONE', ( #4254 ), #4457 ) ;
#4302 = COLOUR_RGB ( '',0.9803921568627450567, 0.9411764705882352811, 0.7843137254901960675 ) ;
#4303 = FILL_AREA_STYLE ('',( #3458 ) ) ;
#4304 = ORIENTED_EDGE ( 'NONE', *, *, #1900, .T. ) ;
#4305 = DIRECTION ( 'NONE',  ( 0.000000000000000000, -0.000000000000000000, 1.000000000000000000 ) ) ;
#4306 = EDGE_LOOP ( 'NONE', ( #4910, #3586, #5038, #1505 ) ) ;
#4307 = FACE_OUTER_BOUND ( 'NONE', #1764, .T. ) ;
#4308 = CARTESIAN_POINT ( 'NONE',  ( 0.000000000000000000, 2.540000000000000036, -1.199999999999999956 ) ) ;
#4309 =( GEOMETRIC_REPRESENTATION_CONTEXT ( 3 ) GLOBAL_UNCERTAINTY_ASSIGNED_CONTEXT ( ( #451 ) ) GLOBAL_UNIT_ASSIGNED_CONTEXT ( ( #3261, #3747, #4605 ) ) REPRESENTATION_CONTEXT ( 'NONE', 'WORKASPACE' ) );
#4310 = VECTOR ( 'NONE', #4508, 1000.000000000000000 ) ;
#4311 = CARTESIAN_POINT ( 'NONE',  ( -3.600000000000000533, 2.689999999999999947, -0.2052340201468999814 ) ) ;
#4312 = SURFACE_STYLE_USAGE ( .BOTH. , #4258 ) ;
#4313 = PRESENTATION_LAYER_ASSIGNMENT (  '', '', ( #1220 ) ) ;
#4314 = ADVANCED_FACE ( 'NONE', ( #3237 ), #4478, .F. ) ;
#4315 = EDGE_LOOP ( 'NONE', ( #4079, #242, #4444, #1021 ) ) ;
#4316 = CARTESIAN_POINT ( 'NONE',  ( -4.730000000000000426, 0.000000000000000000, -1.000000000000000000 ) ) ;
#4317 =( NAMED_UNIT ( * ) SI_UNIT ( $, .STERADIAN. ) SOLID_ANGLE_UNIT ( ) );
#4318 = DIRECTION ( 'NONE',  ( -1.000000000000000000, -0.000000000000000000, -0.000000000000000000 ) ) ;
#4319 = CARTESIAN_POINT ( 'NONE',  ( -4.000000000000000000, -2.540000000000000036, -1.199999999999999956 ) ) ;
#4320 = EDGE_CURVE ( 'NONE', #2280, #4184, #2798, .T. ) ;
#4321 = SURFACE_SIDE_STYLE ('',( #3878 ) ) ;
#4322 = CARTESIAN_POINT ( 'NONE',  ( 4.000000000000000000, -2.540000000000000036, -0.06288933513964997668 ) ) ;
#4323 = CARTESIAN_POINT ( 'NONE',  ( 1.399999999999999911, -2.540000000000000036, -0.06288933513964997668 ) ) ;
#4324 = EDGE_CURVE ( 'NONE', #193, #3115, #1425, .T. ) ;
#4325 = SURFACE_STYLE_USAGE ( .BOTH. , #1437 ) ;
#4326 = CARTESIAN_POINT ( 'NONE',  ( 3.600000000000000533, 2.540000000000000036, -1.000000000000000000 ) ) ;
#4327 = VERTEX_POINT ( 'NONE', #3647 ) ;
#4328 = FACE_OUTER_BOUND ( 'NONE', #4967, .T. ) ;
#4329 = VERTEX_POINT ( 'NONE', #2820 ) ;
#4330 = AXIS2_PLACEMENT_3D ( 'NONE', #4097, #328, #2321 ) ;
#4331 = DIRECTION ( 'NONE',  ( 1.000000000000000000, 0.000000000000000000, 0.000000000000000000 ) ) ;
#4332 =( GEOMETRIC_REPRESENTATION_CONTEXT ( 3 ) GLOBAL_UNCERTAINTY_ASSIGNED_CONTEXT ( ( #2113 ) ) GLOBAL_UNIT_ASSIGNED_CONTEXT ( ( #4539, #4986, #1 ) ) REPRESENTATION_CONTEXT ( 'NONE', 'WORKASPACE' ) );
#4333 = CARTESIAN_POINT ( 'NONE',  ( -4.700000000000000178, -2.730000000000000426, -1.000000000000000000 ) ) ;
#4334 = VECTOR ( 'NONE', #875, 1000.000000000000000 ) ;
#4335 = VERTEX_POINT ( 'NONE', #1897 ) ;
#4336 = DIRECTION ( 'NONE',  ( 0.000000000000000000, -0.9986295347545738332, 0.05233595624294426485 ) ) ;
#4337 = EDGE_LOOP ( 'NONE', ( #3204, #3714, #3250 ) ) ;
#4338 =( LENGTH_UNIT ( ) NAMED_UNIT ( * ) SI_UNIT ( .MILLI., .METRE. ) );
#4339 = PRESENTATION_STYLE_ASSIGNMENT (( #4614 ) ) ;
#4340 = VECTOR ( 'NONE', #56, 1000.000000000000000 ) ;
#4341 = LINE ( 'NONE', #677, #1989 ) ;
#4342 = ORIENTED_EDGE ( 'NONE', *, *, #802, .T. ) ;
#4343 = LINE ( 'NONE', #4755, #2675 ) ;
#4344 = DIRECTION ( 'NONE',  ( -0.000000000000000000, 0.9986295347545737222, 0.05233595624294862941 ) ) ;
#4345 = MECHANICAL_DESIGN_GEOMETRIC_PRESENTATION_REPRESENTATION (  '', ( #3125 ), #1974 ) ;
#4346 = EDGE_CURVE ( 'NONE', #4658, #5222, #2417, .T. ) ;
#4347 = CARTESIAN_POINT ( 'NONE',  ( 2.850000000000000089, 2.012871870788999207, -1.040000000000000702 ) ) ;
#4348 = SURFACE_STYLE_USAGE ( .BOTH. , #1401 ) ;
#4349 = CIRCLE ( 'NONE', #5147, 0.02999999999999964501 ) ;
#4350 = CARTESIAN_POINT ( 'NONE',  ( -0.4000000000000000222, 2.689999999999999947, -1.000000000000000000 ) ) ;
#4351 = EDGE_CURVE ( 'NONE', #5375, #4733, #4809, .T. ) ;
#4352 = CARTESIAN_POINT ( 'NONE',  ( -4.000000000000000000, -3.740000000000000213, 2.605477985889338765E-15 ) ) ;
#4353 = CARTESIAN_POINT ( 'NONE',  ( 4.000000000000000000, 3.747850393435999905, -0.1497944302131999916 ) ) ;
#4354 = LINE ( 'NONE', #1068, #1204 ) ;
#4355 = ORIENTED_EDGE ( 'NONE', *, *, #1616, .T. ) ;
#4356 = DIRECTION ( 'NONE',  ( 0.000000000000000000, 0.000000000000000000, 1.000000000000000000 ) ) ;
#4357 = ORIENTED_EDGE ( 'NONE', *, *, #4723, .F. ) ;
#4358 = UNCERTAINTY_MEASURE_WITH_UNIT (LENGTH_MEASURE( 1.000000000000000082E-05 ), #3994, 'distance_accuracy_value', 'NONE');
#4359 = CARTESIAN_POINT ( 'NONE',  ( 5.000568874544741860, 2.769753102738668815, -5.419753102738667394 ) ) ;
#4360 = ORIENTED_EDGE ( 'NONE', *, *, #1761, .T. ) ;
#4361 =( GEOMETRIC_REPRESENTATION_CONTEXT ( 3 ) GLOBAL_UNCERTAINTY_ASSIGNED_CONTEXT ( ( #1530 ) ) GLOBAL_UNIT_ASSIGNED_CONTEXT ( ( #3319, #376, #1924 ) ) REPRESENTATION_CONTEXT ( 'NONE', 'WORKASPACE' ) );
#4362 = CARTESIAN_POINT ( 'NONE',  ( -4.000000000000000000, -3.747850393435999905, -0.1497944302131999916 ) ) ;
#4363 = ORIENTED_EDGE ( 'NONE', *, *, #3636, .T. ) ;
#4364 = DIRECTION ( 'NONE',  ( 0.000000000000000000, -1.000000000000000000, -0.000000000000000000 ) ) ;
#4365 = CARTESIAN_POINT ( 'NONE',  ( 4.786937359832102779, -2.803714664249339794, -5.687326708879827386 ) ) ;
#4366 = DIRECTION ( 'NONE',  ( 0.000000000000000000, -0.9986295347545738332, -0.05233595624294426485 ) ) ;
#4367 = VERTEX_POINT ( 'NONE', #1457 ) ;
#4368 = DIRECTION ( 'NONE',  ( -1.000000000000000000, -0.000000000000000000, 0.000000000000000000 ) ) ;
#4369 = DIRECTION ( 'NONE',  ( 1.000000000000000000, 0.000000000000000000, -0.000000000000000000 ) ) ;
#4370 = DIRECTION ( 'NONE',  ( 0.000000000000000000, 1.000000000000000000, 0.000000000000000000 ) ) ;
#4371 =( NAMED_UNIT ( * ) PLANE_ANGLE_UNIT ( ) SI_UNIT ( $, .RADIAN. ) );
#4372 = MECHANICAL_DESIGN_GEOMETRIC_PRESENTATION_REPRESENTATION (  '', ( #759 ), #938 ) ;
#4373 = CARTESIAN_POINT ( 'NONE',  ( 1.800000000000000266, 2.540000000000000036, -0.06288933513965000444 ) ) ;
#4374 = COLOUR_RGB ( '',0.8431372549019607865, 0.8431372549019607865, 0.8431372549019607865 ) ;
#4375 = LINE ( 'NONE', #2298, #4840 ) ;
#4377 = ORIENTED_EDGE ( 'NONE', *, *, #807, .F. ) ;
#4376 = ADVANCED_FACE ( 'NONE', ( #3162 ), #4835, .T. ) ;
#4378 = ORIENTED_EDGE ( 'NONE', *, *, #1991, .F. ) ;
#4379 = PRESENTATION_LAYER_ASSIGNMENT (  '', '', ( #5454 ) ) ;
#4380 = LINE ( 'NONE', #1047, #1960 ) ;
#4381 = DIRECTION ( 'NONE',  ( 0.000000000000000000, -1.000000000000000000, 0.000000000000000000 ) ) ;
#4382 = SURFACE_SIDE_STYLE ('',( #3532 ) ) ;
#4383 = ORIENTED_EDGE ( 'NONE', *, *, #150, .T. ) ;
#4384 = STYLED_ITEM ( 'NONE', ( #2007 ), #4314 ) ;
#4385 = EDGE_CURVE ( 'NONE', #2125, #5249, #5424, .T. ) ;
#4386 = EDGE_CURVE ( 'NONE', #2554, #3511, #2939, .T. ) ;
#4387 = DIRECTION ( 'NONE',  ( -1.000000000000000000, -0.000000000000000000, -0.000000000000000000 ) ) ;
#4388 = ORIENTED_EDGE ( 'NONE', *, *, #1864, .T. ) ;
#4389 = FILL_AREA_STYLE_COLOUR ( '', #3342 ) ;
#4390 = COLOUR_RGB ( '',0.8431372549019607865, 0.8431372549019607865, 0.8431372549019607865 ) ;
#4391 = AXIS2_PLACEMENT_3D ( 'NONE', #1985, #2296, #3651 ) ;
#4392 = CARTESIAN_POINT ( 'NONE',  ( 4.912132034355964905, -2.699999999999999734, -5.562132034355965260 ) ) ;
#4393 = FILL_AREA_STYLE ('',( #2719 ) ) ;
#4394 = EDGE_CURVE ( 'NONE', #1247, #1227, #3323, .T. ) ;
#4395 = VERTEX_POINT ( 'NONE', #5453 ) ;
#4396 = VECTOR ( 'NONE', #720, 1000.000000000000114 ) ;
#4397 = VECTOR ( 'NONE', #2623, 1000.000000000000000 ) ;
#4398 = DIRECTION ( 'NONE',  ( 1.000000000000000000, 0.000000000000000000, -0.000000000000000000 ) ) ;
#4399 = VECTOR ( 'NONE', #4749, 1000.000000000000000 ) ;
#4400 = COLOUR_RGB ( '',0.8431372549019607865, 0.8431372549019607865, 0.8431372549019607865 ) ;
#4401 = LINE ( 'NONE', #1841, #120 ) ;
#4402 = DIRECTION ( 'NONE',  ( 1.000000000000000000, -0.000000000000000000, -0.000000000000000000 ) ) ;
#4403 = CARTESIAN_POINT ( 'NONE',  ( 4.730000000000000426, 2.700000000000000178, -1.000000000000000000 ) ) ;
#4404 = CARTESIAN_POINT ( 'NONE',  ( 2.329999999999999627, 2.000000000000000000, -5.400000000000000355 ) ) ;
#4405 = PRODUCT_DEFINITION_CONTEXT ( 'detailed design', #1429, 'design' ) ;
#4406 = CARTESIAN_POINT ( 'NONE',  ( -0.8000000000000000444, 3.747850393435999905, -0.1497944302131999916 ) ) ;
#4407 = EDGE_LOOP ( 'NONE', ( #1632, #3713, #4003 ) ) ;
#4408 = ORIENTED_EDGE ( 'NONE', *, *, #5310, .T. ) ;
#4409 = VERTEX_POINT ( 'NONE', #803 ) ;
#4410 = STYLED_ITEM ( 'NONE', ( #2488 ), #89 ) ;
#4411 = CARTESIAN_POINT ( 'NONE',  ( 1.399999999999999911, 2.689999999999999947, -0.2052340201469000092 ) ) ;
#4412 = ADVANCED_FACE ( 'NONE', ( #3295 ), #1237, .T. ) ;
#4413 = LINE ( 'NONE', #2709, #3928 ) ;
#4414 = UNCERTAINTY_MEASURE_WITH_UNIT (LENGTH_MEASURE( 1.000000000000000082E-05 ), #3669, 'distance_accuracy_value', 'NONE');
#4415 = EDGE_LOOP ( 'NONE', ( #549, #2637, #2888 ) ) ;
#4416 = COLOUR_RGB ( '',0.9803921568627450567, 0.9411764705882352811, 0.7843137254901960675 ) ;
#4417 = SURFACE_STYLE_FILL_AREA ( #3002 ) ;
#4418 = EDGE_LOOP ( 'NONE', ( #632, #2047, #1531, #3602 ) ) ;
#4419 = DIRECTION ( 'NONE',  ( 0.000000000000000000, -0.000000000000000000, -1.000000000000000000 ) ) ;
#4420 = STYLED_ITEM ( 'NONE', ( #43 ), #5205 ) ;
#4421 = DIRECTION ( 'NONE',  ( -1.000000000000000000, -0.000000000000000000, 0.000000000000000000 ) ) ;
#4422 = STYLED_ITEM ( 'NONE', ( #3422 ), #592 ) ;
#4423 = EDGE_CURVE ( 'NONE', #3021, #5054, #4553, .T. ) ;
#4424 = SURFACE_STYLE_USAGE ( .BOTH. , #1454 ) ;
#4425 = ORIENTED_EDGE ( 'NONE', *, *, #4955, .F. ) ;
#4426 = SURFACE_STYLE_FILL_AREA ( #2746 ) ;
#4427 = VECTOR ( 'NONE', #4398, 1000.000000000000000 ) ;
#4428 = FILL_AREA_STYLE ('',( #4783 ) ) ;
#4429 = LINE ( 'NONE', #2777, #4813 ) ;
#4430 = FILL_AREA_STYLE ('',( #2824 ) ) ;
#4431 = SURFACE_STYLE_FILL_AREA ( #1520 ) ;
#4432 = PRESENTATION_LAYER_ASSIGNMENT (  '', '', ( #2845 ) ) ;
#4433 = DIRECTION ( 'NONE',  ( 0.000000000000000000, 0.9986295347545736112, -0.05233595624294862247 ) ) ;
#4434 = VECTOR ( 'NONE', #1733, 1000.000000000000000 ) ;
#4435 = DIRECTION ( 'NONE',  ( 0.000000000000000000, -0.05233595624000127872, 0.9986295347547280432 ) ) ;
#4436 = SURFACE_STYLE_USAGE ( .BOTH. , #5322 ) ;
#4437 = VERTEX_POINT ( 'NONE', #4198 ) ;
#4438 =( LENGTH_UNIT ( ) NAMED_UNIT ( * ) SI_UNIT ( .MILLI., .METRE. ) );
#4439 = EDGE_LOOP ( 'NONE', ( #3989, #2192, #3891, #4708 ) ) ;
#4440 = CARTESIAN_POINT ( 'NONE',  ( 3.600000000000000533, 3.747850393436000793, -0.1497944302132113159 ) ) ;
#4441 = PRESENTATION_STYLE_ASSIGNMENT (( #3076 ) ) ;
#4442 = FILL_AREA_STYLE ('',( #2764 ) ) ;
#4443 = EDGE_LOOP ( 'NONE', ( #1329, #4342, #4736, #2086, #2434, #5043, #2228, #3542, #2964, #3927, #4363, #4612, #5466, #4734, #4854, #1828, #5324, #16, #1599, #3220 ) ) ;
#4444 = ORIENTED_EDGE ( 'NONE', *, *, #2269, .F. ) ;
#4445 = EDGE_CURVE ( 'NONE', #3321, #1418, #4638, .T. ) ;
#4446 = CARTESIAN_POINT ( 'NONE',  ( 2.879999999999999893, 2.000000000000000000, -5.650000000000000355 ) ) ;
#4447 = SURFACE_STYLE_USAGE ( .BOTH. , #1080 ) ;
#4448 = FACE_OUTER_BOUND ( 'NONE', #2590, .T. ) ;
#4449 = PRESENTATION_LAYER_ASSIGNMENT (  '', '', ( #4621 ) ) ;
#4450 = SURFACE_STYLE_USAGE ( .BOTH. , #4831 ) ;
#4451 = CARTESIAN_POINT ( 'NONE',  ( -4.469999999999999751, 2.290000000000000036, -1.199999999999999956 ) ) ;
#4452 = VERTEX_POINT ( 'NONE', #1569 ) ;
#4453 = EDGE_CURVE ( 'NONE', #5104, #1314, #1155, .T. ) ;
#4454 = DIRECTION ( 'NONE',  ( 0.000000000000000000, 0.9986295347545723899, -0.05233595624297000815 ) ) ;
#4455 = LINE ( 'NONE', #4093, #1202 ) ;
#4456 =( GEOMETRIC_REPRESENTATION_CONTEXT ( 3 ) GLOBAL_UNCERTAINTY_ASSIGNED_CONTEXT ( ( #288 ) ) GLOBAL_UNIT_ASSIGNED_CONTEXT ( ( #344, #4942, #1149 ) ) REPRESENTATION_CONTEXT ( 'NONE', 'WORKASPACE' ) );
#4457 = ADVANCED_FACE ( 'NONE', ( #2446 ), #4119, .T. ) ;
#4458 =( NAMED_UNIT ( * ) SI_UNIT ( $, .STERADIAN. ) SOLID_ANGLE_UNIT ( ) );
#4459 = DIRECTION ( 'NONE',  ( 0.000000000000000000, 0.9986295347545736112, 0.05233595624294862247 ) ) ;
#4460 = VECTOR ( 'NONE', #4517, 1000.000000000000000 ) ;
#4461 = FILL_AREA_STYLE ('',( #1090 ) ) ;
#4462 = VERTEX_POINT ( 'NONE', #4774 ) ;
#4463 = LINE ( 'NONE', #693, #3276 ) ;
#4464 = STYLED_ITEM ( 'NONE', ( #2072 ), #2738 ) ;
#4465 = CARTESIAN_POINT ( 'NONE',  ( 2.799999999999999822, 1.300000000000000266, -0.2500000000000000000 ) ) ;
#4466 = UNCERTAINTY_MEASURE_WITH_UNIT (LENGTH_MEASURE( 1.000000000000000082E-05 ), #746, 'distance_accuracy_value', 'NONE');
#4467 = CARTESIAN_POINT ( 'NONE',  ( -0.4000000000000000222, -2.689999999999999947, -1.199999999999999956 ) ) ;
#4468 = EDGE_LOOP ( 'NONE', ( #1195, #1889, #2092, #483, #1803, #4110 ) ) ;
#4469 = DIRECTION ( 'NONE',  ( -1.000000000000000000, -0.000000000000000000, -0.000000000000000000 ) ) ;
#4470 = MECHANICAL_DESIGN_GEOMETRIC_PRESENTATION_REPRESENTATION (  '', ( #3765 ), #1927 ) ;
#4471 =( NAMED_UNIT ( * ) SI_UNIT ( $, .STERADIAN. ) SOLID_ANGLE_UNIT ( ) );
#4472 =( NAMED_UNIT ( * ) PLANE_ANGLE_UNIT ( ) SI_UNIT ( $, .RADIAN. ) );
#4473 = DIRECTION ( 'NONE',  ( -1.000000000000000000, 0.000000000000000000, 0.000000000000000000 ) ) ;
#4474 =( NAMED_UNIT ( * ) PLANE_ANGLE_UNIT ( ) SI_UNIT ( $, .RADIAN. ) );
#4475 = CARTESIAN_POINT ( 'NONE',  ( -0.8000000000000000444, -3.740000000000000213, 0.000000000000000000 ) ) ;
#4476 = VERTEX_POINT ( 'NONE', #111 ) ;
#4477 =( LENGTH_UNIT ( ) NAMED_UNIT ( * ) SI_UNIT ( .MILLI., .METRE. ) );
#4478 = PLANE ( 'NONE',  #949 ) ;
#4479 = VECTOR ( 'NONE', #4160, 1000.000000000000000 ) ;
#4480 = EDGE_CURVE ( 'NONE', #2992, #4004, #4279, .T. ) ;
#4481 = DIRECTION ( 'NONE',  ( 0.000000000000000000, 0.000000000000000000, 1.000000000000000000 ) ) ;
#4482 = PRESENTATION_LAYER_ASSIGNMENT (  '', '', ( #2021 ) ) ;
#4483 =( LENGTH_UNIT ( ) NAMED_UNIT ( * ) SI_UNIT ( .MILLI., .METRE. ) );
#4484 = FILL_AREA_STYLE_COLOUR ( '', #2683 ) ;
#4485 = VECTOR ( 'NONE', #1778, 1000.000000000000227 ) ;
#4486 = VECTOR ( 'NONE', #4177, 1000.000000000000000 ) ;
#4487 = DIRECTION ( 'NONE',  ( 0.000000000000000000, 0.000000000000000000, -1.000000000000000000 ) ) ;
#4488 = EDGE_CURVE ( 'NONE', #3971, #4462, #1777, .T. ) ;
#4489 =( NAMED_UNIT ( * ) PLANE_ANGLE_UNIT ( ) SI_UNIT ( $, .RADIAN. ) );
#4490 = SURFACE_SIDE_STYLE ('',( #4076 ) ) ;
#4491 = ORIENTED_EDGE ( 'NONE', *, *, #4445, .T. ) ;
#4492 = SURFACE_STYLE_USAGE ( .BOTH. , #3221 ) ;
#4493 = VERTEX_POINT ( 'NONE', #2995 ) ;
#4494 = CARTESIAN_POINT ( 'NONE',  ( 4.769670206668505053, 2.995803989154981473, -5.400000000000000355 ) ) ;
#4495 = SURFACE_SIDE_STYLE ('',( #2384 ) ) ;
#4496 = CARTESIAN_POINT ( 'NONE',  ( 2.850000000000000089, 1.300000000000000266, -1.040000000000000036 ) ) ;
#4497 = ORIENTED_EDGE ( 'NONE', *, *, #2076, .F. ) ;
#4498 = FILL_AREA_STYLE_COLOUR ( '', #2928 ) ;
#4499 = ORIENTED_EDGE ( 'NONE', *, *, #3408, .F. ) ;
#4500 = CARTESIAN_POINT ( 'NONE',  ( 5.000034154799959829, 2.716765276917266547, -5.366765276917223382 ) ) ;
#4501 = LINE ( 'NONE', #246, #2909 ) ;
#4502 = ORIENTED_EDGE ( 'NONE', *, *, #3123, .T. ) ;
#4503 =( NAMED_UNIT ( * ) PLANE_ANGLE_UNIT ( ) SI_UNIT ( $, .RADIAN. ) );
#4504 = MECHANICAL_DESIGN_GEOMETRIC_PRESENTATION_REPRESENTATION (  '', ( #200 ), #3539 ) ;
#4505 = CARTESIAN_POINT ( 'NONE',  ( -0.8000000000000000444, -3.740000000000000213, 2.605477985889338765E-15 ) ) ;
#4506 = SURFACE_STYLE_USAGE ( .BOTH. , #2827 ) ;
#4507 =( GEOMETRIC_REPRESENTATION_CONTEXT ( 3 ) GLOBAL_UNCERTAINTY_ASSIGNED_CONTEXT ( ( #3429 ) ) GLOBAL_UNIT_ASSIGNED_CONTEXT ( ( #4438, #1908, #1013 ) ) REPRESENTATION_CONTEXT ( 'NONE', 'WORKASPACE' ) );
#4508 = DIRECTION ( 'NONE',  ( -0.000000000000000000, 1.000000000000000000, 0.000000000000000000 ) ) ;
#4509 =( LENGTH_UNIT ( ) NAMED_UNIT ( * ) SI_UNIT ( .MILLI., .METRE. ) );
#4510 = STYLED_ITEM ( 'NONE', ( #1600 ), #1445 ) ;
#4511 = SURFACE_STYLE_USAGE ( .BOTH. , #4490 ) ;
#4512 = ORIENTED_EDGE ( 'NONE', *, *, #4155, .F. ) ;
#4513 = ORIENTED_EDGE ( 'NONE', *, *, #259, .T. ) ;
#4514 = EDGE_CURVE ( 'NONE', #3045, #5249, #2989, .T. ) ;
#4515 = CARTESIAN_POINT ( 'NONE',  ( -4.912132034355964905, 2.877052006648532778, -5.562132034355964372 ) ) ;
#4516 = STYLED_ITEM ( 'NONE', ( #5157 ), #1723 ) ;
#4517 = DIRECTION ( 'NONE',  ( 0.000000000000000000, -0.000000000000000000, 1.000000000000000000 ) ) ;
#4518 = FILL_AREA_STYLE ('',( #1993 ) ) ;
#4519 = ORIENTED_EDGE ( 'NONE', *, *, #3338, .T. ) ;
#4520 = PRESENTATION_STYLE_ASSIGNMENT (( #4577 ) ) ;
#4521 = ORIENTED_EDGE ( 'NONE', *, *, #1229, .F. ) ;
#4522 =( GEOMETRIC_REPRESENTATION_CONTEXT ( 3 ) GLOBAL_UNCERTAINTY_ASSIGNED_CONTEXT ( ( #3752 ) ) GLOBAL_UNIT_ASSIGNED_CONTEXT ( ( #4927, #1161, #4458 ) ) REPRESENTATION_CONTEXT ( 'NONE', 'WORKASPACE' ) );
#4523 = EDGE_CURVE ( 'NONE', #1234, #482, #494, .T. ) ;
#4524 = CARTESIAN_POINT ( 'NONE',  ( 4.996459896772313947, 2.716953249919107805, -5.400472293944839741 ) ) ;
#4525 = DIRECTION ( 'NONE',  ( -0.000000000000000000, 0.000000000000000000, -1.000000000000000000 ) ) ;
#4526 = UNCERTAINTY_MEASURE_WITH_UNIT (LENGTH_MEASURE( 1.000000000000000082E-05 ), #291, 'distance_accuracy_value', 'NONE');
#4527 = ORIENTED_EDGE ( 'NONE', *, *, #427, .T. ) ;
#4528 = DIRECTION ( 'NONE',  ( 1.000000000000000000, 0.000000000000000000, -0.000000000000000000 ) ) ;
#4529 = CARTESIAN_POINT ( 'NONE',  ( -18.03600000000000492, 3.000000000000000000, -5.349999999999999645 ) ) ;
#4530 = CARTESIAN_POINT ( 'NONE',  ( -4.699999999999999289, 2.700000000000000622, -5.650000000000000355 ) ) ;
#4531 = MECHANICAL_DESIGN_GEOMETRIC_PRESENTATION_REPRESENTATION (  '', ( #413 ), #4361 ) ;
#4532 = DIRECTION ( 'NONE',  ( 0.000000000000000000, -0.05233595624294862941, 0.9986295347545737222 ) ) ;
#4533 = CARTESIAN_POINT ( 'NONE',  ( 4.730000000000000426, 2.700000000000000178, -1.199999999999999956 ) ) ;
#4534 = LINE ( 'NONE', #3681, #4479 ) ;
#4535 = PRESENTATION_STYLE_ASSIGNMENT (( #3170 ) ) ;
#4536 = VERTEX_POINT ( 'NONE', #5197 ) ;
#4537 = CARTESIAN_POINT ( 'NONE',  ( 2.879999999999999893, 2.000000000000000000, -5.400000000000000355 ) ) ;
#4538 = ORIENTED_EDGE ( 'NONE', *, *, #2707, .F. ) ;
#4539 =( LENGTH_UNIT ( ) NAMED_UNIT ( * ) SI_UNIT ( .MILLI., .METRE. ) );
#4540 = FILL_AREA_STYLE ('',( #3800 ) ) ;
#4541 = CARTESIAN_POINT ( 'NONE',  ( -0.4000000000000000222, -2.540000000000000036, -1.199999999999999956 ) ) ;
#4542 = EDGE_CURVE ( 'NONE', #830, #2808, #2229, .T. ) ;
#4543 = FACE_OUTER_BOUND ( 'NONE', #3073, .T. ) ;
#4544 = VERTEX_POINT ( 'NONE', #5114 ) ;
#4545 = PRESENTATION_STYLE_ASSIGNMENT (( #4940 ) ) ;
#4546 = SURFACE_STYLE_USAGE ( .BOTH. , #3346 ) ;
#4547 = PLANE ( 'NONE',  #979 ) ;
#4548 =( NAMED_UNIT ( * ) SI_UNIT ( $, .STERADIAN. ) SOLID_ANGLE_UNIT ( ) );
#4549 = EDGE_CURVE ( 'NONE', #2410, #4651, #3512, .T. ) ;
#4550 = EDGE_CURVE ( 'NONE', #3080, #3100, #2595, .T. ) ;
#4551 = ORIENTED_EDGE ( 'NONE', *, *, #3779, .T. ) ;
#4552 = CARTESIAN_POINT ( 'NONE',  ( -4.000000000000000000, -3.747850393435999905, -0.1497944302131999916 ) ) ;
#4553 = LINE ( 'NONE', #2069, #1210 ) ;
#4554 = CARTESIAN_POINT ( 'NONE',  ( -4.985469376755159665, 2.877052006648532334, -5.488794691956771388 ) ) ;
#4555 = VECTOR ( 'NONE', #3745, 1000.000000000000000 ) ;
#4556 =( NAMED_UNIT ( * ) PLANE_ANGLE_UNIT ( ) SI_UNIT ( $, .RADIAN. ) );
#4557 = EDGE_CURVE ( 'NONE', #4329, #1486, #2664, .T. ) ;
#4558 = SURFACE_STYLE_USAGE ( .BOTH. , #805 ) ;
#4559 =( LENGTH_UNIT ( ) NAMED_UNIT ( * ) SI_UNIT ( .MILLI., .METRE. ) );
#4560 = VECTOR ( 'NONE', #4619, 1000.000000000000114 ) ;
#4561 = CARTESIAN_POINT ( 'NONE',  ( -3.600000000000000533, -3.740000000000000213, 0.000000000000000000 ) ) ;
#4562 = CARTESIAN_POINT ( 'NONE',  ( -0.4000000000000000222, 0.000000000000000000, -1.199999999999999956 ) ) ;
#4563 = MECHANICAL_DESIGN_GEOMETRIC_PRESENTATION_REPRESENTATION (  '', ( #2027 ), #440 ) ;
#4564 = COLOUR_RGB ( '',0.9803921568627450567, 0.9411764705882352811, 0.7843137254901960675 ) ;
#4565 = DIRECTION ( 'NONE',  ( -0.000000000000000000, 1.000000000000000000, 0.000000000000000000 ) ) ;
#4566 = CARTESIAN_POINT ( 'NONE',  ( -2.799999999999999822, -1.300000000000003819, -0.6284232335022941207 ) ) ;
#4567 = VERTEX_POINT ( 'NONE', #3816 ) ;
#4568 = ORIENTED_EDGE ( 'NONE', *, *, #4542, .T. ) ;
#4569 =( GEOMETRIC_REPRESENTATION_CONTEXT ( 3 ) GLOBAL_UNCERTAINTY_ASSIGNED_CONTEXT ( ( #1763 ) ) GLOBAL_UNIT_ASSIGNED_CONTEXT ( ( #5289, #4839, #1930 ) ) REPRESENTATION_CONTEXT ( 'NONE', 'WORKASPACE' ) );
#4570 = CARTESIAN_POINT ( 'NONE',  ( -4.609887319042353049, 2.876705599558067039, -5.686492374042705578 ) ) ;
#4571 = CARTESIAN_POINT ( 'NONE',  ( 2.800000000000000266, 1.300000000000006262, -0.6284232335022896798 ) ) ;
#4572 = PRESENTATION_STYLE_ASSIGNMENT (( #1503 ) ) ;
#4573 = MECHANICAL_DESIGN_GEOMETRIC_PRESENTATION_REPRESENTATION (  '', ( #1847 ), #3000 ) ;
#4574 = LINE ( 'NONE', #4600, #220 ) ;
#4575 = DIRECTION ( 'NONE',  ( 0.000000000000000000, -0.9986295347545736112, -0.05233595624294862247 ) ) ;
#4576 = VERTEX_POINT ( 'NONE', #1745 ) ;
#4577 = SURFACE_STYLE_USAGE ( .BOTH. , #2409 ) ;
#4578 = CARTESIAN_POINT ( 'NONE',  ( -4.000000000000000000, -2.689999999999999947, -1.000000000000000000 ) ) ;
#4579 = EDGE_CURVE ( 'NONE', #3693, #3566, #2176, .T. ) ;
#4580 =( NAMED_UNIT ( * ) SI_UNIT ( $, .STERADIAN. ) SOLID_ANGLE_UNIT ( ) );
#4581 = CARTESIAN_POINT ( 'NONE',  ( -4.700000000000000178, 2.700000000000000178, -1.000000000000000000 ) ) ;
#4582 = UNCERTAINTY_MEASURE_WITH_UNIT (LENGTH_MEASURE( 1.000000000000000082E-05 ), #535, 'distance_accuracy_value', 'NONE');
#4583 = LINE ( 'NONE', #4475, #3051 ) ;
#4584 = EDGE_LOOP ( 'NONE', ( #3777, #1767, #4131, #694 ) ) ;
#4585 =( NAMED_UNIT ( * ) SI_UNIT ( $, .STERADIAN. ) SOLID_ANGLE_UNIT ( ) );
#4586 = ADVANCED_FACE ( 'NONE', ( #3432 ), #1315, .T. ) ;
#4587 = CARTESIAN_POINT ( 'NONE',  ( -4.823189846542530468, 3.001655327279212138, -5.473189846542531711 ) ) ;
#4588 = SURFACE_STYLE_FILL_AREA ( #2912 ) ;
#4589 = FILL_AREA_STYLE_COLOUR ( '', #1251 ) ;
#4590 = DIRECTION ( 'NONE',  ( -0.000000000000000000, 1.000000000000000000, 0.000000000000000000 ) ) ;
#4591 = LINE ( 'NONE', #3409, #1385 ) ;
#4592 = PRESENTATION_LAYER_ASSIGNMENT (  '', '', ( #4420 ) ) ;
#4593 = STYLED_ITEM ( 'NONE', ( #4545 ), #497 ) ;
#4594 = DIRECTION ( 'NONE',  ( -0.000000000000000000, 0.05233595624294862941, 0.9986295347545737222 ) ) ;
#4595 =( NAMED_UNIT ( * ) SI_UNIT ( $, .STERADIAN. ) SOLID_ANGLE_UNIT ( ) );
#4596 = EDGE_LOOP ( 'NONE', ( #3421, #4863, #3857, #4845 ) ) ;
#4597 = FACE_OUTER_BOUND ( 'NONE', #2631, .T. ) ;
#4598 = VERTEX_POINT ( 'NONE', #1122 ) ;
#4599 = LINE ( 'NONE', #2955, #4655 ) ;
#4600 = CARTESIAN_POINT ( 'NONE',  ( 3.600000000000000533, 3.747850393435999905, -0.1497944302131999916 ) ) ;
#4601 = PLANE ( 'NONE',  #3079 ) ;
#4602 = EDGE_LOOP ( 'NONE', ( #5433, #4826, #1142, #1123, #4357, #4717 ) ) ;
#4603 = MECHANICAL_DESIGN_GEOMETRIC_PRESENTATION_REPRESENTATION (  '', ( #1512 ), #4081 ) ;
#4604 = VECTOR ( 'NONE', #4902, 1000.000000000000000 ) ;
#4605 =( NAMED_UNIT ( * ) SI_UNIT ( $, .STERADIAN. ) SOLID_ANGLE_UNIT ( ) );
#4606 = SURFACE_STYLE_USAGE ( .BOTH. , #2901 ) ;
#4607 = LINE ( 'NONE', #2001, #2013 ) ;
#4608 = AXIS2_PLACEMENT_3D ( 'NONE', #3743, #369, #35 ) ;
#4609 = MECHANICAL_DESIGN_GEOMETRIC_PRESENTATION_REPRESENTATION (  '', ( #995 ), #4522 ) ;
#4610 = ORIENTED_EDGE ( 'NONE', *, *, #5292, .T. ) ;
#4611 = EDGE_CURVE ( 'NONE', #3045, #127, #5365, .T. ) ;
#4612 = ORIENTED_EDGE ( 'NONE', *, *, #3907, .T. ) ;
#4613 = DIRECTION ( 'NONE',  ( 0.000000000000000000, -1.000000000000000000, 0.000000000000000000 ) ) ;
#4614 = SURFACE_STYLE_USAGE ( .BOTH. , #2940 ) ;
#4615 = SURFACE_SIDE_STYLE ('',( #3239 ) ) ;
#4616 = SURFACE_STYLE_USAGE ( .BOTH. , #5002 ) ;
#4617 = EDGE_CURVE ( 'NONE', #3511, #2280, #4737, .T. ) ;
#4618 = PRESENTATION_STYLE_ASSIGNMENT (( #3384 ) ) ;
#4619 = DIRECTION ( 'NONE',  ( 0.000000000000000000, -0.05233595624000127872, -0.9986295347547280432 ) ) ;
#4620 = EDGE_CURVE ( 'NONE', #817, #4476, #3209, .T. ) ;
#4621 = STYLED_ITEM ( 'NONE', ( #2395 ), #2041 ) ;
#4622 = DIRECTION ( 'NONE',  ( 1.000000000000000000, 0.000000000000000000, -0.000000000000000000 ) ) ;
#4623 = VERTEX_POINT ( 'NONE', #3982 ) ;
#4624 = CARTESIAN_POINT ( 'NONE',  ( -0.8000000000000000444, 2.689999999999999947, -0.2052340201468999814 ) ) ;
#4625 = ORIENTED_EDGE ( 'NONE', *, *, #5227, .T. ) ;
#4626 = VECTOR ( 'NONE', #553, 1000.000000000000000 ) ;
#4627 = LINE ( 'NONE', #4164, #2669 ) ;
#4628 = DIRECTION ( 'NONE',  ( -0.000000000000000000, 0.05233595624294862941, 0.9986295347545737222 ) ) ;
#4629 = EDGE_LOOP ( 'NONE', ( #3302, #1555, #4934, #67 ) ) ;
#4630 = AXIS2_PLACEMENT_3D ( 'NONE', #3668, #5329, #4473 ) ;
#4631 = FACE_OUTER_BOUND ( 'NONE', #1055, .T. ) ;
#4632 = PRESENTATION_LAYER_ASSIGNMENT (  '', '', ( #1543 ) ) ;
#4633 = PRESENTATION_STYLE_ASSIGNMENT (( #1336 ) ) ;
#4634 = ORIENTED_EDGE ( 'NONE', *, *, #3550, .F. ) ;
#4635 =( NAMED_UNIT ( * ) SI_UNIT ( $, .STERADIAN. ) SOLID_ANGLE_UNIT ( ) );
#4636 = ORIENTED_EDGE ( 'NONE', *, *, #2974, .T. ) ;
#4637 = PRESENTATION_LAYER_ASSIGNMENT (  '', '', ( #3934 ) ) ;
#4638 = LINE ( 'NONE', #465, #2292 ) ;
#4639 = CARTESIAN_POINT ( 'NONE',  ( -4.912132034355965793, 2.700000000000000178, -5.562132034355965260 ) ) ;
#4640 = SURFACE_STYLE_USAGE ( .BOTH. , #915 ) ;
#4641 = COLOUR_RGB ( '',0.9803921568627450567, 0.9411764705882352811, 0.7843137254901960675 ) ;
#4642 = SURFACE_STYLE_FILL_AREA ( #53 ) ;
#4643 = FILL_AREA_STYLE_COLOUR ( '', #3555 ) ;
#4644 = CARTESIAN_POINT ( 'NONE',  ( -0.4000000000000000222, -2.540000000000000036, -1.000000000000000000 ) ) ;
#4645 = DIRECTION ( 'NONE',  ( 1.000000000000000000, 0.000000000000000000, -0.000000000000000000 ) ) ;
#4646 = PRESENTATION_LAYER_ASSIGNMENT (  '', '', ( #3943 ) ) ;
#4647 = EDGE_CURVE ( 'NONE', #1647, #2190, #2790, .T. ) ;
#4648 = FILL_AREA_STYLE ('',( #2261 ) ) ;
#4649 = VECTOR ( 'NONE', #501, 1000.000000000000000 ) ;
#4650 = MECHANICAL_DESIGN_GEOMETRIC_PRESENTATION_REPRESENTATION (  '', ( #2123 ), #2804 ) ;
#4651 = VERTEX_POINT ( 'NONE', #604 ) ;
#4652 = SURFACE_STYLE_USAGE ( .BOTH. , #2977 ) ;
#4653 = VECTOR ( 'NONE', #3372, 1000.000000000000000 ) ;
#4654 = ADVANCED_FACE ( 'NONE', ( #4033 ), #1855, .T. ) ;
#4655 = VECTOR ( 'NONE', #1649, 1000.000000000000114 ) ;
#4656 = DIRECTION ( 'NONE',  ( 1.000000000000000000, 0.000000000000000000, 0.000000000000000000 ) ) ;
#4657 =( LENGTH_UNIT ( ) NAMED_UNIT ( * ) SI_UNIT ( .MILLI., .METRE. ) );
#4658 = VERTEX_POINT ( 'NONE', #3536 ) ;
#4659 = ORIENTED_EDGE ( 'NONE', *, *, #4077, .T. ) ;
#4660 =( LENGTH_UNIT ( ) NAMED_UNIT ( * ) SI_UNIT ( .MILLI., .METRE. ) );
#4661 = COLOUR_RGB ( '',0.9803921568627450567, 0.9411764705882352811, 0.7843137254901960675 ) ;
#4662 = VECTOR ( 'NONE', #1979, 1000.000000000000000 ) ;
#4663 = LINE ( 'NONE', #2171, #1447 ) ;
#4664 = ORIENTED_EDGE ( 'NONE', *, *, #5126, .T. ) ;
#4665 = FILL_AREA_STYLE ('',( #2565 ) ) ;
#4666 = ORIENTED_EDGE ( 'NONE', *, *, #3801, .T. ) ;
#4667 = SURFACE_STYLE_FILL_AREA ( #5084 ) ;
#4668 = DIRECTION ( 'NONE',  ( -1.000000000000000000, -0.000000000000000000, -0.000000000000000000 ) ) ;
#4669 = PLANE ( 'NONE',  #1645 ) ;
#4670 = PRESENTATION_STYLE_ASSIGNMENT (( #1263 ) ) ;
#4671 =( NAMED_UNIT ( * ) SI_UNIT ( $, .STERADIAN. ) SOLID_ANGLE_UNIT ( ) );
#4672 =( GEOMETRIC_REPRESENTATION_CONTEXT ( 3 ) GLOBAL_UNCERTAINTY_ASSIGNED_CONTEXT ( ( #13 ) ) GLOBAL_UNIT_ASSIGNED_CONTEXT ( ( #29, #1246, #4595 ) ) REPRESENTATION_CONTEXT ( 'NONE', 'WORKASPACE' ) );
#4673 = SURFACE_STYLE_USAGE ( .BOTH. , #3118 ) ;
#4674 = CARTESIAN_POINT ( 'NONE',  ( 3.600000000000000533, -3.740000000000000213, 2.605477985889338765E-15 ) ) ;
#4675 = SURFACE_SIDE_STYLE ('',( #3006 ) ) ;
#4676 = DIRECTION ( 'NONE',  ( -1.000000000000000000, -0.000000000000000000, -0.000000000000000000 ) ) ;
#4677 = AXIS2_PLACEMENT_3D ( 'NONE', #3749, #3697, #5446 ) ;
#4678 =( GEOMETRIC_REPRESENTATION_CONTEXT ( 3 ) GLOBAL_UNCERTAINTY_ASSIGNED_CONTEXT ( ( #346 ) ) GLOBAL_UNIT_ASSIGNED_CONTEXT ( ( #3227, #3260, #1533 ) ) REPRESENTATION_CONTEXT ( 'NONE', 'WORKASPACE' ) );
#4679 = UNCERTAINTY_MEASURE_WITH_UNIT (LENGTH_MEASURE( 1.000000000000000082E-05 ), #3231, 'distance_accuracy_value', 'NONE');
#4680 = SURFACE_SIDE_STYLE ('',( #5071 ) ) ;
#4681 = ORIENTED_EDGE ( 'NONE', *, *, #3358, .F. ) ;
#4682 = STYLED_ITEM ( 'NONE', ( #5294 ), #735 ) ;
#4683 = EDGE_CURVE ( 'NONE', #2148, #2852, #627, .T. ) ;
#4684 = CARTESIAN_POINT ( 'NONE',  ( -2.850000000000000089, -2.289999999999997371, -1.200000000000004174 ) ) ;
#4685 = SURFACE_STYLE_FILL_AREA ( #4270 ) ;
#4686 = PLANE ( 'NONE',  #5219 ) ;
#4687 = COLOUR_RGB ( '',0.8431372549019607865, 0.8431372549019607865, 0.8431372549019607865 ) ;
#4688 = DIRECTION ( 'NONE',  ( -1.000000000000000000, 0.000000000000000000, 0.000000000000000000 ) ) ;
#4689 = UNCERTAINTY_MEASURE_WITH_UNIT (LENGTH_MEASURE( 1.000000000000000082E-05 ), #2705, 'distance_accuracy_value', 'NONE');
#4690 = LINE ( 'NONE', #880, #5266 ) ;
#4691 = ORIENTED_EDGE ( 'NONE', *, *, #3300, .F. ) ;
#4692 = EDGE_CURVE ( 'NONE', #3043, #1943, #3084, .T. ) ;
#4693 = CARTESIAN_POINT ( 'NONE',  ( -4.000000000000000000, 3.740000000000000213, 0.000000000000000000 ) ) ;
#4694 = ORIENTED_EDGE ( 'NONE', *, *, #2794, .T. ) ;
#4695 = SURFACE_STYLE_USAGE ( .BOTH. , #3024 ) ;
#4696 = SURFACE_SIDE_STYLE ('',( #4667 ) ) ;
#4697 = PRESENTATION_LAYER_ASSIGNMENT (  '', '', ( #485 ) ) ;
#4698 = COLOUR_RGB ( '',0.8431372549019607865, 0.8431372549019607865, 0.8431372549019607865 ) ;
#4699 = DIRECTION ( 'NONE',  ( 0.000000000000000000, 0.9986295347545723899, 0.05233595624297000815 ) ) ;
#4700 = SURFACE_STYLE_USAGE ( .BOTH. , #1721 ) ;
#4701 = CARTESIAN_POINT ( 'NONE',  ( -0.8000000000000000444, -2.540000000000000036, -0.06288933513965000444 ) ) ;
#4702 =( NAMED_UNIT ( * ) SI_UNIT ( $, .STERADIAN. ) SOLID_ANGLE_UNIT ( ) );
#4703 = PLANE ( 'NONE',  #1957 ) ;
#4704 = STYLED_ITEM ( 'NONE', ( #2690 ), #1929 ) ;
#4705 = SURFACE_STYLE_USAGE ( .BOTH. , #1874 ) ;
#4706 = FACE_OUTER_BOUND ( 'NONE', #3617, .T. ) ;
#4707 = ORIENTED_EDGE ( 'NONE', *, *, #446, .T. ) ;
#4708 = ORIENTED_EDGE ( 'NONE', *, *, #3123, .F. ) ;
#4709 = ORIENTED_EDGE ( 'NONE', *, *, #4931, .F. ) ;
#4710 = COLOUR_RGB ( '',0.8431372549019607865, 0.8431372549019607865, 0.8431372549019607865 ) ;
#4711 = PLANE ( 'NONE',  #4157 ) ;
#4712 = EDGE_CURVE ( 'NONE', #292, #4146, #3567, .T. ) ;
#4713 = CARTESIAN_POINT ( 'NONE',  ( -2.850000000000000089, 1.300000000000000266, -1.040000000000000036 ) ) ;
#4714 = MECHANICAL_DESIGN_GEOMETRIC_PRESENTATION_REPRESENTATION (  '', ( #836 ), #2353 ) ;
#4715 = SURFACE_STYLE_USAGE ( .BOTH. , #4274 ) ;
#4716 = ORIENTED_EDGE ( 'NONE', *, *, #2071, .T. ) ;
#4717 = ORIENTED_EDGE ( 'NONE', *, *, #710, .F. ) ;
#4718 = DIRECTION ( 'NONE',  ( 1.000000000000000000, 0.000000000000000000, 0.000000000000000000 ) ) ;
#4719 = CARTESIAN_POINT ( 'NONE',  ( 2.799999999999999822, 0.6445517328096000975, -0.2500000000000000000 ) ) ;
#4720 = MECHANICAL_DESIGN_GEOMETRIC_PRESENTATION_REPRESENTATION (  '', ( #3405 ), #4456 ) ;
#4721 = FILL_AREA_STYLE_COLOUR ( '', #786 ) ;
#4722 = EDGE_CURVE ( 'NONE', #2644, #3971, #4883, .T. ) ;
#4723 = EDGE_CURVE ( 'NONE', #2335, #2869, #1172, .T. ) ;
#4724 =( NAMED_UNIT ( * ) SI_UNIT ( $, .STERADIAN. ) SOLID_ANGLE_UNIT ( ) );
#4725 = PRESENTATION_STYLE_ASSIGNMENT (( #4700 ) ) ;
#4726 = COLOUR_RGB ( '',0.9803921568627450567, 0.9411764705882352811, 0.7843137254901960675 ) ;
#4727 = CARTESIAN_POINT ( 'NONE',  ( 4.469999999999970441, 2.290000000000000036, -1.200000000000053912 ) ) ;
#4728 = EDGE_CURVE ( 'NONE', #2852, #1249, #3782, .T. ) ;
#4729 = CARTESIAN_POINT ( 'NONE',  ( 2.850000000000000089, 2.289999999999999591, -1.199999999999999734 ) ) ;
#4730 = LINE ( 'NONE', #1817, #3386 ) ;
#4731 = DIRECTION ( 'NONE',  ( 0.000000000000000000, 0.000000000000000000, 1.000000000000000000 ) ) ;
#4732 = DIRECTION ( 'NONE',  ( 0.000000000000000000, 0.000000000000000000, 1.000000000000000000 ) ) ;
#4733 = VERTEX_POINT ( 'NONE', #373 ) ;
#4734 = ORIENTED_EDGE ( 'NONE', *, *, #2336, .T. ) ;
#4735 = CARTESIAN_POINT ( 'NONE',  ( 1.399999999999999911, -3.747850393435999905, -0.1497944302131999916 ) ) ;
#4736 = ORIENTED_EDGE ( 'NONE', *, *, #4488, .T. ) ;
#4737 = CIRCLE ( 'NONE', #866, 0.7999999999999999334 ) ;
#4738 = AXIS2_PLACEMENT_3D ( 'NONE', #3557, #5183, #4844 ) ;
#4739 =( GEOMETRIC_REPRESENTATION_CONTEXT ( 3 ) GLOBAL_UNCERTAINTY_ASSIGNED_CONTEXT ( ( #4791 ) ) GLOBAL_UNIT_ASSIGNED_CONTEXT ( ( #4338, #913, #2688 ) ) REPRESENTATION_CONTEXT ( 'NONE', 'WORKASPACE' ) );
#4740 = UNCERTAINTY_MEASURE_WITH_UNIT (LENGTH_MEASURE( 1.000000000000000082E-05 ), #1240, 'distance_accuracy_value', 'NONE');
#4741 =( LENGTH_UNIT ( ) NAMED_UNIT ( * ) SI_UNIT ( .MILLI., .METRE. ) );
#4742 = VERTEX_POINT ( 'NONE', #5020 ) ;
#4743 = DIRECTION ( 'NONE',  ( -1.000000000000000000, -0.000000000000000000, -0.000000000000000000 ) ) ;
#4744 = ORIENTED_EDGE ( 'NONE', *, *, #4777, .F. ) ;
#4745 = EDGE_CURVE ( 'NONE', #4327, #4208, #5416, .T. ) ;
#4746 = LINE ( 'NONE', #885, #1792 ) ;
#4747 = MECHANICAL_DESIGN_GEOMETRIC_PRESENTATION_REPRESENTATION (  '', ( #2902 ), #1298 ) ;
#4748 = VECTOR ( 'NONE', #3930, 1000.000000000000000 ) ;
#4749 = DIRECTION ( 'NONE',  ( -0.000000000000000000, 1.000000000000000000, 0.000000000000000000 ) ) ;
#4750 = LINE ( 'NONE', #1747, #4626 ) ;
#4751 = CARTESIAN_POINT ( 'NONE',  ( 1.399999999999999911, -2.540000000000000036, -0.06288933513965000444 ) ) ;
#4752 = CIRCLE ( 'NONE', #1758, 0.2999999999999999334 ) ;
#4753 = ORIENTED_EDGE ( 'NONE', *, *, #419, .T. ) ;
#4754 = EDGE_CURVE ( 'NONE', #2680, #4651, #2411, .T. ) ;
#4755 = CARTESIAN_POINT ( 'NONE',  ( 0.000000000000000000, -2.689999999999999947, -1.199999999999999956 ) ) ;
#4756 =( NAMED_UNIT ( * ) PLANE_ANGLE_UNIT ( ) SI_UNIT ( $, .RADIAN. ) );
#4757 = EDGE_CURVE ( 'NONE', #4903, #236, #2929, .T. ) ;
#4758 = DIRECTION ( 'NONE',  ( 0.000000000000000000, -0.000000000000000000, -1.000000000000000000 ) ) ;
#4759 = MECHANICAL_DESIGN_GEOMETRIC_PRESENTATION_REPRESENTATION (  '', ( #4410 ), #4672 ) ;
#4760 = LINE ( 'NONE', #955, #2028 ) ;
#4761 = CARTESIAN_POINT ( 'NONE',  ( -4.700000000000000178, -2.700000000000000178, -1.000000000000000000 ) ) ;
#4762 = LINE ( 'NONE', #4406, #3085 ) ;
#4763 = EDGE_LOOP ( 'NONE', ( #2057, #1408, #1261, #973 ) ) ;
#4764 = ORIENTED_EDGE ( 'NONE', *, *, #4754, .F. ) ;
#4765 = EDGE_LOOP ( 'NONE', ( #1255, #1972, #151, #1096 ) ) ;
#4766 = SURFACE_SIDE_STYLE ('',( #5161 ) ) ;
#4767 = VECTOR ( 'NONE', #3807, 1000.000000000000000 ) ;
#4768 = SURFACE_SIDE_STYLE ('',( #3563 ) ) ;
#4769 = EDGE_LOOP ( 'NONE', ( #395, #4294, #163, #4268 ) ) ;
#4770 = LINE ( 'NONE', #214, #2320 ) ;
#4771 = ORIENTED_EDGE ( 'NONE', *, *, #1610, .T. ) ;
#4772 = VECTOR ( 'NONE', #5229, 1000.000000000000000 ) ;
#4773 = PRESENTATION_LAYER_ASSIGNMENT (  '', '', ( #3120 ) ) ;
#4774 = CARTESIAN_POINT ( 'NONE',  ( -2.850000000000000089, 2.290000000000000036, -1.199999999999999956 ) ) ;
#4775 =( NAMED_UNIT ( * ) PLANE_ANGLE_UNIT ( ) SI_UNIT ( $, .RADIAN. ) );
#4776 = CARTESIAN_POINT ( 'NONE',  ( -2.799999999999999822, -1.300000000000000266, -0.2500000000000000000 ) ) ;
#4777 = EDGE_CURVE ( 'NONE', #4824, #1772, #11, .T. ) ;
#4778 = VECTOR ( 'NONE', #4368, 1000.000000000000000 ) ;
#4779 = ORIENTED_EDGE ( 'NONE', *, *, #4155, .T. ) ;
#4780 = FILL_AREA_STYLE_COLOUR ( '', #4687 ) ;
#4781 = PRESENTATION_STYLE_ASSIGNMENT (( #4673 ) ) ;
#4782 = PRESENTATION_LAYER_ASSIGNMENT (  '', '', ( #4510 ) ) ;
#4783 = FILL_AREA_STYLE_COLOUR ( '', #5330 ) ;
#4784 = ADVANCED_FACE ( 'NONE', ( #1625 ), #2343, .T. ) ;
#4785 =( LENGTH_UNIT ( ) NAMED_UNIT ( * ) SI_UNIT ( .MILLI., .METRE. ) );
#4786 = DIRECTION ( 'NONE',  ( 0.000000000000000000, -0.9986295347545738332, 0.05233595624294426485 ) ) ;
#4787 = PRESENTATION_STYLE_ASSIGNMENT (( #3141 ) ) ;
#4788 = DIRECTION ( 'NONE',  ( 0.000000000000000000, -0.9986295347545738332, 0.05233595624294426485 ) ) ;
#4789 = ADVANCED_FACE ( 'NONE', ( #317 ), #3696, .F. ) ;
#4790 =( LENGTH_UNIT ( ) NAMED_UNIT ( * ) SI_UNIT ( .MILLI., .METRE. ) );
#4791 = UNCERTAINTY_MEASURE_WITH_UNIT (LENGTH_MEASURE( 1.000000000000000082E-05 ), #4338, 'distance_accuracy_value', 'NONE');
#4792 = SURFACE_SIDE_STYLE ('',( #5290 ) ) ;
#4793 = ORIENTED_EDGE ( 'NONE', *, *, #651, .F. ) ;
#4794 = ORIENTED_EDGE ( 'NONE', *, *, #710, .T. ) ;
#4795 = PLANE ( 'NONE',  #4246 ) ;
#4796 = FACE_OUTER_BOUND ( 'NONE', #2508, .T. ) ;
#4797 = PLANE ( 'NONE',  #3660 ) ;
#4798 = UNCERTAINTY_MEASURE_WITH_UNIT (LENGTH_MEASURE( 1.000000000000000082E-05 ), #2189, 'distance_accuracy_value', 'NONE');
#4799 = CARTESIAN_POINT ( 'NONE',  ( 4.954542257835797159, 2.938252169784061341, -5.377382458998748227 ) ) ;
#4800 = ORIENTED_EDGE ( 'NONE', *, *, #3186, .F. ) ;
#4801 = EDGE_LOOP ( 'NONE', ( #2788, #2546, #1715, #4659 ) ) ;
#4802 = FILL_AREA_STYLE_COLOUR ( '', #105 ) ;
#4803 = AXIS2_PLACEMENT_3D ( 'NONE', #1981, #4094, #1157 ) ;
#4804 = FACE_OUTER_BOUND ( 'NONE', #4315, .T. ) ;
#4805 =( LENGTH_UNIT ( ) NAMED_UNIT ( * ) SI_UNIT ( .MILLI., .METRE. ) );
#4806 = ORIENTED_EDGE ( 'NONE', *, *, #2801, .T. ) ;
#4807 = MECHANICAL_DESIGN_GEOMETRIC_PRESENTATION_REPRESENTATION (  '', ( #1727 ), #155 ) ;
#4808 = LINE ( 'NONE', #194, #4772 ) ;
#4809 = LINE ( 'NONE', #3573, #1299 ) ;
#4810 = SURFACE_STYLE_FILL_AREA ( #1002 ) ;
#4811 = MECHANICAL_DESIGN_GEOMETRIC_PRESENTATION_REPRESENTATION (  '', ( #5077 ), #2786 ) ;
#4812 = EDGE_CURVE ( 'NONE', #4329, #5036, #1768, .T. ) ;
#4813 = VECTOR ( 'NONE', #197, 1000.000000000000000 ) ;
#4814 = FILL_AREA_STYLE_COLOUR ( '', #2208 ) ;
#4815 = CARTESIAN_POINT ( 'NONE',  ( -4.699999999999998401, -3.037326708879829251, -5.436937359832102246 ) ) ;
#4816 = PRESENTATION_LAYER_ASSIGNMENT (  '', '', ( #3671 ) ) ;
#4817 = EDGE_LOOP ( 'NONE', ( #447, #5387, #4499, #1805 ) ) ;
#4818 = VERTEX_POINT ( 'NONE', #3455 ) ;
#4819 = FACE_OUTER_BOUND ( 'NONE', #2080, .T. ) ;
#4820 = EDGE_LOOP ( 'NONE', ( #1208, #5065, #760, #999 ) ) ;
#4821 = EDGE_CURVE ( 'NONE', #1906, #5242, #456, .T. ) ;
#4822 = CARTESIAN_POINT ( 'NONE',  ( 4.838337137656465003, 2.970339040705866740, -5.399999999999999467 ) ) ;
#4823 = SURFACE_STYLE_USAGE ( .BOTH. , #4382 ) ;
#4824 = VERTEX_POINT ( 'NONE', #517 ) ;
#4825 =( GEOMETRIC_REPRESENTATION_CONTEXT ( 3 ) GLOBAL_UNCERTAINTY_ASSIGNED_CONTEXT ( ( #3154 ) ) GLOBAL_UNIT_ASSIGNED_CONTEXT ( ( #408, #2851, #4635 ) ) REPRESENTATION_CONTEXT ( 'NONE', 'WORKASPACE' ) );
#4826 = ORIENTED_EDGE ( 'NONE', *, *, #901, .F. ) ;
#4827 = SURFACE_SIDE_STYLE ('',( #4912 ) ) ;
#4828 = VECTOR ( 'NONE', #3355, 1000.000000000000000 ) ;
#4829 = COLOUR_RGB ( '',0.8431372549019607865, 0.8431372549019607865, 0.8431372549019607865 ) ;
#4830 =( LENGTH_UNIT ( ) NAMED_UNIT ( * ) SI_UNIT ( .MILLI., .METRE. ) );
#4831 = SURFACE_SIDE_STYLE ('',( #3987 ) ) ;
#4832 = ORIENTED_EDGE ( 'NONE', *, *, #1338, .F. ) ;
#4833 = STYLED_ITEM ( 'NONE', ( #4259 ), #3876 ) ;
#4834 = PRESENTATION_STYLE_ASSIGNMENT (( #4947 ) ) ;
#4835 = PLANE ( 'NONE',  #4138 ) ;
#4836 = STYLED_ITEM ( 'NONE', ( #3026 ), #4981 ) ;
#4837 = PRESENTATION_STYLE_ASSIGNMENT (( #1428 ) ) ;
#4838 = SURFACE_STYLE_FILL_AREA ( #5260 ) ;
#4839 =( NAMED_UNIT ( * ) PLANE_ANGLE_UNIT ( ) SI_UNIT ( $, .RADIAN. ) );
#4840 = VECTOR ( 'NONE', #3558, 1000.000000000000227 ) ;
#4841 = EDGE_CURVE ( 'NONE', #1703, #4173, #2144, .T. ) ;
#4842 = CARTESIAN_POINT ( 'NONE',  ( -0.4000000000000000222, 2.540000000000000036, -0.06288933513965000444 ) ) ;
#4843 = UNCERTAINTY_MEASURE_WITH_UNIT (LENGTH_MEASURE( 1.000000000000000082E-05 ), #2238, 'distance_accuracy_value', 'NONE');
#4844 = DIRECTION ( 'NONE',  ( 0.000000000000000000, -0.000000000000000000, -1.000000000000000000 ) ) ;
#4845 = ORIENTED_EDGE ( 'NONE', *, *, #3787, .T. ) ;
#4846 = CARTESIAN_POINT ( 'NONE',  ( 2.329999999999999627, 2.000000000000000000, -5.400000000000000355 ) ) ;
#4847 = VERTEX_POINT ( 'NONE', #5136 ) ;
#4848 =( GEOMETRIC_REPRESENTATION_CONTEXT ( 3 ) GLOBAL_UNCERTAINTY_ASSIGNED_CONTEXT ( ( #2224 ) ) GLOBAL_UNIT_ASSIGNED_CONTEXT ( ( #1088, #1642, #4161 ) ) REPRESENTATION_CONTEXT ( 'NONE', 'WORKASPACE' ) );
#4849 = LINE ( 'NONE', #2708, #2586 ) ;
#4850 = EDGE_CURVE ( 'NONE', #2125, #1098, #3433, .T. ) ;
#4851 = UNCERTAINTY_MEASURE_WITH_UNIT (LENGTH_MEASURE( 1.000000000000000082E-05 ), #2913, 'distance_accuracy_value', 'NONE');
#4852 = DIRECTION ( 'NONE',  ( 0.000000000000000000, 1.000000000000000000, -0.000000000000000000 ) ) ;
#4853 = ORIENTED_EDGE ( 'NONE', *, *, #713, .T. ) ;
#4854 = ORIENTED_EDGE ( 'NONE', *, *, #1358, .T. ) ;
#4855 = CARTESIAN_POINT ( 'NONE',  ( 0.000000000000000000, -2.540000000000000036, -1.199999999999999956 ) ) ;
#4856 = STYLED_ITEM ( 'NONE', ( #3561 ), #5257 ) ;
#4857 = SURFACE_STYLE_FILL_AREA ( #1483 ) ;
#4858 = COLOUR_RGB ( '',0.8431372549019607865, 0.8431372549019607865, 0.8431372549019607865 ) ;
#4859 = SURFACE_STYLE_USAGE ( .BOTH. , #4009 ) ;
#4860 = ADVANCED_FACE ( 'NONE', ( #1403 ), #1276, .T. ) ;
#4861 =( NAMED_UNIT ( * ) SI_UNIT ( $, .STERADIAN. ) SOLID_ANGLE_UNIT ( ) );
#4862 =( NAMED_UNIT ( * ) SI_UNIT ( $, .STERADIAN. ) SOLID_ANGLE_UNIT ( ) );
#4863 = ORIENTED_EDGE ( 'NONE', *, *, #1192, .T. ) ;
#4864 = MECHANICAL_DESIGN_GEOMETRIC_PRESENTATION_REPRESENTATION (  '', ( #2671 ), #4507 ) ;
#4865 = CARTESIAN_POINT ( 'NONE',  ( -3.600000000000000089, -2.689999999999999503, -0.2052340201468943470 ) ) ;
#4866 = LINE ( 'NONE', #634, #1759 ) ;
#4867 = STYLED_ITEM ( 'NONE', ( #24 ), #1171 ) ;
#4868 = CARTESIAN_POINT ( 'NONE',  ( 1.800000000000000266, 3.747850393435999905, -0.1497944302131999916 ) ) ;
#4869 = AXIS2_PLACEMENT_3D ( 'NONE', #1621, #2163, #3828 ) ;
#4870 = SURFACE_SIDE_STYLE ('',( #5265 ) ) ;
#4871 = MECHANICAL_DESIGN_GEOMETRIC_PRESENTATION_REPRESENTATION (  '', ( #2418 ), #1417 ) ;
#4872 = VECTOR ( 'NONE', #2348, 1000.000000000000000 ) ;
#4873 = FILL_AREA_STYLE ('',( #394 ) ) ;
#4874 = VERTEX_POINT ( 'NONE', #2585 ) ;
#4875 = FACE_OUTER_BOUND ( 'NONE', #3042, .T. ) ;
#4876 = ORIENTED_EDGE ( 'NONE', *, *, #2210, .F. ) ;
#4877 = PLANE ( 'NONE',  #1235 ) ;
#4878 = CARTESIAN_POINT ( 'NONE',  ( 5.037326708879828807, -2.803714664249339794, -5.436937359832102246 ) ) ;
#4879 = FACE_OUTER_BOUND ( 'NONE', #1023, .T. ) ;
#4880 = ORIENTED_EDGE ( 'NONE', *, *, #2581, .F. ) ;
#4881 = LINE ( 'NONE', #5381, #643 ) ;
#4882 = ORIENTED_EDGE ( 'NONE', *, *, #623, .T. ) ;
#4883 = LINE ( 'NONE', #1099, #1376 ) ;
#4884 = EDGE_CURVE ( 'NONE', #102, #1249, #1005, .T. ) ;
#4885 = CARTESIAN_POINT ( 'NONE',  ( 4.609887319042352161, -2.700000000000000622, -5.686492374042706466 ) ) ;
#4886 = AXIS2_PLACEMENT_3D ( 'NONE', #2318, #3121, #1865 ) ;
#4887 = FILL_AREA_STYLE ('',( #3161 ) ) ;
#4888 = ORIENTED_EDGE ( 'NONE', *, *, #158, .F. ) ;
#4889 =( NAMED_UNIT ( * ) SI_UNIT ( $, .STERADIAN. ) SOLID_ANGLE_UNIT ( ) );
#4890 = EDGE_CURVE ( 'NONE', #235, #5110, #543, .T. ) ;
#4891 = AXIS2_PLACEMENT_3D ( 'NONE', #3436, #1343, #3056 ) ;
#4892 = CARTESIAN_POINT ( 'NONE',  ( -5.000000000000000000, 2.700000000000000178, -1.000000000000000000 ) ) ;
#4893 = CARTESIAN_POINT ( 'NONE',  ( 5.000000000000000000, 3.000000000000000000, -1.000000000000000000 ) ) ;
#4894 = COLOUR_RGB ( '',0.9803921568627450567, 0.9411764705882352811, 0.7843137254901960675 ) ;
#4895 = CARTESIAN_POINT ( 'NONE',  ( -4.999986676132685659, -2.573742182490724950, -5.472259282061490815 ) ) ;
#4896 = CARTESIAN_POINT ( 'NONE',  ( -0.8000000000000000444, -2.540000000000000036, -1.199999999999999956 ) ) ;
#4897 = EDGE_CURVE ( 'NONE', #2380, #4847, #3834, .T. ) ;
#4898 = DIRECTION ( 'NONE',  ( 0.000000000000000000, -0.000000000000000000, 1.000000000000000000 ) ) ;
#4899 = CARTESIAN_POINT ( 'NONE',  ( -4.000000000000000000, 0.000000000000000000, -1.000000000000000000 ) ) ;
#4900 = ORIENTED_EDGE ( 'NONE', *, *, #2376, .F. ) ;
#4901 = MECHANICAL_DESIGN_GEOMETRIC_PRESENTATION_REPRESENTATION (  '', ( #5176 ), #847 ) ;
#4902 = DIRECTION ( 'NONE',  ( 1.000000000000000000, 0.000000000000000000, -0.000000000000000000 ) ) ;
#4903 = VERTEX_POINT ( 'NONE', #1309 ) ;
#4904 = DIRECTION ( 'NONE',  ( -1.000000000000000000, -0.000000000000000000, -0.000000000000000000 ) ) ;
#4905 = PRESENTATION_LAYER_ASSIGNMENT (  '', '', ( #3328 ) ) ;
#4906 = LINE ( 'NONE', #2840, #3846 ) ;
#4907 = UNCERTAINTY_MEASURE_WITH_UNIT (LENGTH_MEASURE( 1.000000000000000082E-05 ), #4790, 'distance_accuracy_value', 'NONE');
#4908 = VERTEX_POINT ( 'NONE', #4928 ) ;
#4909 = CARTESIAN_POINT ( 'NONE',  ( -1.850000000000000089, -1.300000000000000266, -0.6284232335023000049 ) ) ;
#4910 = ORIENTED_EDGE ( 'NONE', *, *, #3417, .T. ) ;
#4911 = MECHANICAL_DESIGN_GEOMETRIC_PRESENTATION_REPRESENTATION (  '', ( #5454 ), #3416 ) ;
#4912 = SURFACE_STYLE_FILL_AREA ( #5250 ) ;
#4913 = SURFACE_SIDE_STYLE ('',( #5447 ) ) ;
#4914 =( GEOMETRIC_REPRESENTATION_CONTEXT ( 3 ) GLOBAL_UNCERTAINTY_ASSIGNED_CONTEXT ( ( #5070 ) ) GLOBAL_UNIT_ASSIGNED_CONTEXT ( ( #1691, #1601, #5390 ) ) REPRESENTATION_CONTEXT ( 'NONE', 'WORKASPACE' ) );
#4915 = STYLED_ITEM ( 'NONE', ( #4944 ), #3413 ) ;
#4916 = CARTESIAN_POINT ( 'NONE',  ( -4.700000000000000178, 2.700000000000000178, -1.000000000000000000 ) ) ;
#4917 = ADVANCED_FACE ( 'NONE', ( #1464 ), #5153, .T. ) ;
#4918 = ORIENTED_EDGE ( 'NONE', *, *, #3999, .F. ) ;
#4919 = FILL_AREA_STYLE_COLOUR ( '', #1598 ) ;
#4920 = SURFACE_SIDE_STYLE ('',( #275 ) ) ;
#4921 = COLOUR_RGB ( '',0.9803921568627450567, 0.9411764705882352811, 0.7843137254901960675 ) ;
#4922 = SURFACE_STYLE_USAGE ( .BOTH. , #4615 ) ;
#4923 = SURFACE_STYLE_USAGE ( .BOTH. , #2369 ) ;
#4924 = VECTOR ( 'NONE', #5383, 1000.000000000000000 ) ;
#4925 = ADVANCED_FACE ( 'NONE', ( #1663 ), #4227, .F. ) ;
#4926 = CARTESIAN_POINT ( 'NONE',  ( -4.803714664249338462, -2.786937359832101446, -5.687326708879830051 ) ) ;
#4927 =( LENGTH_UNIT ( ) NAMED_UNIT ( * ) SI_UNIT ( .MILLI., .METRE. ) );
#4928 = CARTESIAN_POINT ( 'NONE',  ( 4.000000000000000000, -3.740000000000000213, 2.605477985889338765E-15 ) ) ;
#4929 = PRESENTATION_LAYER_ASSIGNMENT (  '', '', ( #4836 ) ) ;
#4930 = AXIS2_PLACEMENT_3D ( 'NONE', #1873, #3554, #4433 ) ;
#4931 = EDGE_CURVE ( 'NONE', #2833, #222, #4255, .T. ) ;
#4932 = CARTESIAN_POINT ( 'NONE',  ( 3.600000000000000533, 2.689999999999999947, -0.2052340201469000924 ) ) ;
#4933 = DIRECTION ( 'NONE',  ( -1.000000000000000000, -2.891205793294679017E-15, 0.000000000000000000 ) ) ;
#4934 = ORIENTED_EDGE ( 'NONE', *, *, #191, .F. ) ;
#4935 = CARTESIAN_POINT ( 'NONE',  ( 1.850000000000000089, 2.290000000000000036, -1.199999999999999956 ) ) ;
#4936 = ORIENTED_EDGE ( 'NONE', *, *, #4754, .T. ) ;
#4937 = CARTESIAN_POINT ( 'NONE',  ( -4.786937359832102779, 2.803714664249339794, -5.687326708879827386 ) ) ;
#4938 = LINE ( 'NONE', #4496, #4555 ) ;
#4939 = ORIENTED_EDGE ( 'NONE', *, *, #877, .T. ) ;
#4940 = SURFACE_STYLE_USAGE ( .BOTH. , #4086 ) ;
#4941 = PRESENTATION_LAYER_ASSIGNMENT (  '', '', ( #4410 ) ) ;
#4942 =( NAMED_UNIT ( * ) PLANE_ANGLE_UNIT ( ) SI_UNIT ( $, .RADIAN. ) );
#4943 = DIRECTION ( 'NONE',  ( 0.000000000000000000, 1.000000000000000000, -0.000000000000000000 ) ) ;
#4944 = PRESENTATION_STYLE_ASSIGNMENT (( #3265 ) ) ;
#4945 = ORIENTED_EDGE ( 'NONE', *, *, #3955, .F. ) ;
#4946 =( GEOMETRIC_REPRESENTATION_CONTEXT ( 3 ) GLOBAL_UNCERTAINTY_ASSIGNED_CONTEXT ( ( #3144 ) ) GLOBAL_UNIT_ASSIGNED_CONTEXT ( ( #1502, #238, #1410 ) ) REPRESENTATION_CONTEXT ( 'NONE', 'WORKASPACE' ) );
#4947 = SURFACE_STYLE_USAGE ( .BOTH. , #5255 ) ;
#4948 = DIRECTION ( 'NONE',  ( 1.000000000000000000, 0.000000000000000000, -0.000000000000000000 ) ) ;
#4949 = PLANE ( 'NONE',  #3139 ) ;
#4950 = VECTOR ( 'NONE', #477, 1000.000000000000000 ) ;
#4951 = CARTESIAN_POINT ( 'NONE',  ( -4.000000000000000000, 3.747850393435999905, -0.1497944302131999916 ) ) ;
#4952 =( NAMED_UNIT ( * ) PLANE_ANGLE_UNIT ( ) SI_UNIT ( $, .RADIAN. ) );
#4953 = CARTESIAN_POINT ( 'NONE',  ( -5.000000000000000000, -2.700000000000000622, -5.349999999999998757 ) ) ;
#4954 =( GEOMETRIC_REPRESENTATION_CONTEXT ( 3 ) GLOBAL_UNCERTAINTY_ASSIGNED_CONTEXT ( ( #3049 ) ) GLOBAL_UNIT_ASSIGNED_CONTEXT ( ( #1154, #4503, #653 ) ) REPRESENTATION_CONTEXT ( 'NONE', 'WORKASPACE' ) );
#4955 = EDGE_CURVE ( 'NONE', #3173, #316, #4752, .T. ) ;
#4956 = SURFACE_SIDE_STYLE ('',( #5400 ) ) ;
#4957 = MECHANICAL_DESIGN_GEOMETRIC_PRESENTATION_REPRESENTATION (  '', ( #2845 ), #1326 ) ;
#4958 = FILL_AREA_STYLE ('',( #1578 ) ) ;
#4959 = ORIENTED_EDGE ( 'NONE', *, *, #3881, .F. ) ;
#4960 = ORIENTED_EDGE ( 'NONE', *, *, #58, .T. ) ;
#4961 = EDGE_CURVE ( 'NONE', #3615, #2659, #1857, .T. ) ;
#4962 = EDGE_CURVE ( 'NONE', #339, #4903, #707, .T. ) ;
#4963 = VECTOR ( 'NONE', #2421, 1000.000000000000000 ) ;
#4964 = SURFACE_STYLE_FILL_AREA ( #5039 ) ;
#4965 = CARTESIAN_POINT ( 'NONE',  ( 4.822259282061490460, -2.999986676132685215, -5.223742182490722641 ) ) ;
#4966 = SURFACE_SIDE_STYLE ('',( #2084 ) ) ;
#4967 = EDGE_LOOP ( 'NONE', ( #2252, #3453, #4209, #215 ) ) ;
#4968 = VERTEX_POINT ( 'NONE', #81 ) ;
#4969 = PRESENTATION_STYLE_ASSIGNMENT (( #4546 ) ) ;
#4970 = FACE_OUTER_BOUND ( 'NONE', #3638, .T. ) ;
#4971 = UNCERTAINTY_MEASURE_WITH_UNIT (LENGTH_MEASURE( 1.000000000000000082E-05 ), #2965, 'distance_accuracy_value', 'NONE');
#4972 =( NAMED_UNIT ( * ) PLANE_ANGLE_UNIT ( ) SI_UNIT ( $, .RADIAN. ) );
#4973 = ORIENTED_EDGE ( 'NONE', *, *, #5156, .T. ) ;
#4974 = PRESENTATION_STYLE_ASSIGNMENT (( #5056 ) ) ;
#4975 = SURFACE_STYLE_FILL_AREA ( #2070 ) ;
#4976 = SURFACE_STYLE_USAGE ( .BOTH. , #3383 ) ;
#4977 = CARTESIAN_POINT ( 'NONE',  ( 4.700000000000000178, -2.700000000000000178, -5.349999999999998757 ) ) ;
#4978 = LINE ( 'NONE', #2519, #2811 ) ;
#4979 = VECTOR ( 'NONE', #2666, 1000.000000000000000 ) ;
#4980 = FILL_AREA_STYLE_COLOUR ( '', #1492 ) ;
#4982 = ORIENTED_EDGE ( 'NONE', *, *, #2697, .F. ) ;
#4981 = ADVANCED_FACE ( 'NONE', ( #160 ), #5145, .T. ) ;
#4983 = SURFACE_STYLE_USAGE ( .BOTH. , #3616 ) ;
#4984 = ORIENTED_EDGE ( 'NONE', *, *, #3178, .T. ) ;
#4985 = VECTOR ( 'NONE', #3374, 1000.000000000000000 ) ;
#4986 =( NAMED_UNIT ( * ) PLANE_ANGLE_UNIT ( ) SI_UNIT ( $, .RADIAN. ) );
#4987 = DIRECTION ( 'NONE',  ( 0.000000000000000000, -0.9986295347545736112, 0.05233595624294862247 ) ) ;
#4988 = CARTESIAN_POINT ( 'NONE',  ( -4.730000000000000426, -2.700000000000000178, -1.000000000000000000 ) ) ;
#4989 =( GEOMETRIC_REPRESENTATION_CONTEXT ( 3 ) GLOBAL_UNCERTAINTY_ASSIGNED_CONTEXT ( ( #3309 ) ) GLOBAL_UNIT_ASSIGNED_CONTEXT ( ( #3337, #3122, #2694 ) ) REPRESENTATION_CONTEXT ( 'NONE', 'WORKASPACE' ) );
#4990 = ORIENTED_EDGE ( 'NONE', *, *, #3581, .F. ) ;
#4991 = EDGE_CURVE ( 'NONE', #3173, #985, #3, .T. ) ;
#4992 = CARTESIAN_POINT ( 'NONE',  ( 1.399999999999999911, -2.540000000000000036, -1.000000000000000000 ) ) ;
#4993 = EDGE_LOOP ( 'NONE', ( #4707, #5442, #5223, #5346 ) ) ;
#4994 = CARTESIAN_POINT ( 'NONE',  ( -0.8000000000000000444, 2.540000000000000036, -1.000000000000000000 ) ) ;
#4995 = VECTOR ( 'NONE', #1665, 1000.000000000000000 ) ;
#4996 = SURFACE_STYLE_FILL_AREA ( #3289 ) ;
#4997 = DIRECTION ( 'NONE',  ( -1.000000000000000000, 0.000000000000000000, 0.000000000000000000 ) ) ;
#4998 = ORIENTED_EDGE ( 'NONE', *, *, #3443, .F. ) ;
#4999 =( NAMED_UNIT ( * ) SI_UNIT ( $, .STERADIAN. ) SOLID_ANGLE_UNIT ( ) );
#5000 = CARTESIAN_POINT ( 'NONE',  ( -5.037326708879828807, 2.700000000000000622, -5.436937359832103134 ) ) ;
#5001 = VECTOR ( 'NONE', #1141, 1000.000000000000000 ) ;
#5002 = SURFACE_SIDE_STYLE ('',( #1178 ) ) ;
#5003 = DIRECTION ( 'NONE',  ( 0.000000000000000000, -0.9986295347545736112, 0.05233595624294862247 ) ) ;
#5004 = PLANE ( 'NONE',  #1582 ) ;
#5005 = CIRCLE ( 'NONE', #2891, 0.02999999999999964501 ) ;
#5006 = CIRCLE ( 'NONE', #4212, 0.5500000000000001554 ) ;
#5007 = CARTESIAN_POINT ( 'NONE',  ( -4.469999999999968665, 2.289999999999999591, -1.200000000000053468 ) ) ;
#5008 = STYLED_ITEM ( 'NONE', ( #551 ), #4586 ) ;
#5009 = MECHANICAL_DESIGN_GEOMETRIC_PRESENTATION_REPRESENTATION (  '', ( #2021 ), #1211 ) ;
#5010 = LINE ( 'NONE', #505, #199 ) ;
#5011 = ORIENTED_EDGE ( 'NONE', *, *, #5264, .F. ) ;
#5012 = SURFACE_STYLE_FILL_AREA ( #1729 ) ;
#5013 = ORIENTED_EDGE ( 'NONE', *, *, #311, .T. ) ;
#5014 = AXIS2_PLACEMENT_3D ( 'NONE', #878, #1712, #3399 ) ;
#5015 =( GEOMETRIC_REPRESENTATION_CONTEXT ( 3 ) GLOBAL_UNCERTAINTY_ASSIGNED_CONTEXT ( ( #4843 ) ) GLOBAL_UNIT_ASSIGNED_CONTEXT ( ( #2238, #472, #2158 ) ) REPRESENTATION_CONTEXT ( 'NONE', 'WORKASPACE' ) );
#5016 = FACE_OUTER_BOUND ( 'NONE', #4584, .T. ) ;
#5017 =( GEOMETRIC_REPRESENTATION_CONTEXT ( 3 ) GLOBAL_UNCERTAINTY_ASSIGNED_CONTEXT ( ( #511 ) ) GLOBAL_UNIT_ASSIGNED_CONTEXT ( ( #1509, #4472, #4580 ) ) REPRESENTATION_CONTEXT ( 'NONE', 'WORKASPACE' ) );
#5018 = CARTESIAN_POINT ( 'NONE',  ( -0.8000000000000000444, 3.740000000000000213, 0.000000000000000000 ) ) ;
#5019 = ORIENTED_EDGE ( 'NONE', *, *, #5392, .T. ) ;
#5020 = CARTESIAN_POINT ( 'NONE',  ( 2.800000000000000266, -0.6445517328096002085, -0.2500000000000000000 ) ) ;
#5021 = EDGE_CURVE ( 'NONE', #1098, #235, #703, .T. ) ;
#5022 = UNCERTAINTY_MEASURE_WITH_UNIT (LENGTH_MEASURE( 1.000000000000000082E-05 ), #1655, 'distance_accuracy_value', 'NONE');
#5023 = DIRECTION ( 'NONE',  ( 0.000000000000000000, 0.000000000000000000, -1.000000000000000000 ) ) ;
#5024 = VERTEX_POINT ( 'NONE', #3465 ) ;
#5025 = FACE_OUTER_BOUND ( 'NONE', #5312, .T. ) ;
#5026 = ORIENTED_EDGE ( 'NONE', *, *, #779, .T. ) ;
#5027 = FILL_AREA_STYLE ('',( #3356 ) ) ;
#5028 = VECTOR ( 'NONE', #2104, 1000.000000000000114 ) ;
#5029 = EDGE_CURVE ( 'NONE', #2410, #1418, #1342, .T. ) ;
#5030 = SURFACE_SIDE_STYLE ('',( #4975 ) ) ;
#5031 = LINE ( 'NONE', #4842, #3818 ) ;
#5032 = STYLED_ITEM ( 'NONE', ( #3273 ), #284 ) ;
#5033 =( NAMED_UNIT ( * ) SI_UNIT ( $, .STERADIAN. ) SOLID_ANGLE_UNIT ( ) );
#5034 = VECTOR ( 'NONE', #3367, 1000.000000000000000 ) ;
#5035 = DIRECTION ( 'NONE',  ( 0.000000000000000000, 0.000000000000000000, -1.000000000000000000 ) ) ;
#5036 = VERTEX_POINT ( 'NONE', #5169 ) ;
#5037 =( LENGTH_UNIT ( ) NAMED_UNIT ( * ) SI_UNIT ( .MILLI., .METRE. ) );
#5038 = ORIENTED_EDGE ( 'NONE', *, *, #3023, .F. ) ;
#5039 = FILL_AREA_STYLE ('',( #5068 ) ) ;
#5040 =( GEOMETRIC_REPRESENTATION_CONTEXT ( 3 ) GLOBAL_UNCERTAINTY_ASSIGNED_CONTEXT ( ( #1595 ) ) GLOBAL_UNIT_ASSIGNED_CONTEXT ( ( #2100, #4203, #4671 ) ) REPRESENTATION_CONTEXT ( 'NONE', 'WORKASPACE' ) );
#5041 =( NAMED_UNIT ( * ) PLANE_ANGLE_UNIT ( ) SI_UNIT ( $, .RADIAN. ) );
#5042 =( NAMED_UNIT ( * ) PLANE_ANGLE_UNIT ( ) SI_UNIT ( $, .RADIAN. ) );
#5043 = ORIENTED_EDGE ( 'NONE', *, *, #4351, .T. ) ;
#5044 = DIRECTION ( 'NONE',  ( 0.000000000000000000, -0.8660254037844289376, 0.5000000000000167644 ) ) ;
#5045 = MECHANICAL_DESIGN_GEOMETRIC_PRESENTATION_REPRESENTATION (  '', ( #479 ), #1082 ) ;
#5046 = DIRECTION ( 'NONE',  ( -0.000000000000000000, 0.000000000000000000, -1.000000000000000000 ) ) ;
#5047 = FILL_AREA_STYLE ('',( #3315 ) ) ;
#5048 = PRESENTATION_STYLE_ASSIGNMENT (( #2223 ) ) ;
#5049 = CARTESIAN_POINT ( 'NONE',  ( 2.850000000000000089, 1.300000000000000266, -1.199999999999999956 ) ) ;
#5050 = AXIS2_PLACEMENT_3D ( 'NONE', #387, #3731, #5003 ) ;
#5051 = AXIS2_PLACEMENT_3D ( 'NONE', #4125, #4532, #2750 ) ;
#5052 = ORIENTED_EDGE ( 'NONE', *, *, #5328, .T. ) ;
#5053 = SURFACE_STYLE_USAGE ( .BOTH. , #3670 ) ;
#5054 = VERTEX_POINT ( 'NONE', #969 ) ;
#5055 = ADVANCED_FACE ( 'NONE', ( #3623 ), #4089, .T. ) ;
#5056 = SURFACE_STYLE_USAGE ( .BOTH. , #3674 ) ;
#5057 =( NAMED_UNIT ( * ) SI_UNIT ( $, .STERADIAN. ) SOLID_ANGLE_UNIT ( ) );
#5058 = LINE ( 'NONE', #4529, #5083 ) ;
#5059 = SURFACE_STYLE_FILL_AREA ( #3469 ) ;
#5060 = FACE_OUTER_BOUND ( 'NONE', #516, .T. ) ;
#5061 = ADVANCED_FACE ( 'NONE', ( #318 ), #2817, .T. ) ;
#5062 = DIRECTION ( 'NONE',  ( -0.000000000000000000, -0.000000000000000000, -1.000000000000000000 ) ) ;
#5063 = CARTESIAN_POINT ( 'NONE',  ( 4.730000000000000426, 0.000000000000000000, -1.000000000000000000 ) ) ;
#5064 = AXIS2_PLACEMENT_3D ( 'NONE', #2065, #2793, #2002 ) ;
#5065 = ORIENTED_EDGE ( 'NONE', *, *, #1205, .F. ) ;
#5066 = FILL_AREA_STYLE ('',( #1704 ) ) ;
#5067 = LINE ( 'NONE', #2243, #4950 ) ;
#5068 = FILL_AREA_STYLE_COLOUR ( '', #2647 ) ;
#5069 = CARTESIAN_POINT ( 'NONE',  ( -4.699999999999999289, 2.700000000000000178, -5.349999999999999645 ) ) ;
#5070 = UNCERTAINTY_MEASURE_WITH_UNIT (LENGTH_MEASURE( 1.000000000000000082E-05 ), #1691, 'distance_accuracy_value', 'NONE');
#5071 = SURFACE_STYLE_FILL_AREA ( #3420 ) ;
#5072 = ORIENTED_EDGE ( 'NONE', *, *, #5443, .F. ) ;
#5073 = AXIS2_PLACEMENT_3D ( 'NONE', #5220, #2275, #1446 ) ;
#5074 = DIRECTION ( 'NONE',  ( 0.000000000000000000, -0.8660254037844107300, -0.5000000000000482947 ) ) ;
#5075 = DIRECTION ( 'NONE',  ( 0.000000000000000000, 0.9986295347545723899, 0.05233595624297000815 ) ) ;
#5076 = FILL_AREA_STYLE_COLOUR ( '', #1866 ) ;
#5077 = STYLED_ITEM ( 'NONE', ( #4027 ), #2514 ) ;
#5078 = CYLINDRICAL_SURFACE ( 'NONE', #2967, 0.2999999999999999334 ) ;
#5079 = UNCERTAINTY_MEASURE_WITH_UNIT (LENGTH_MEASURE( 1.000000000000000082E-05 ), #1606, 'distance_accuracy_value', 'NONE');
#5080 = ORIENTED_EDGE ( 'NONE', *, *, #3984, .T. ) ;
#5081 = SURFACE_SIDE_STYLE ('',( #882 ) ) ;
#5082 = ORIENTED_EDGE ( 'NONE', *, *, #909, .T. ) ;
#5083 = VECTOR ( 'NONE', #2420, 1000.000000000000000 ) ;
#5084 = FILL_AREA_STYLE ('',( #4149 ) ) ;
#5085 = LINE ( 'NONE', #1286, #1815 ) ;
#5086 = EDGE_CURVE ( 'NONE', #2686, #2869, #4501, .T. ) ;
#5087 = CYLINDRICAL_SURFACE ( 'NONE', #3230, 0.2999999999999999334 ) ;
#5088 = CARTESIAN_POINT ( 'NONE',  ( -4.000000000000000000, 0.000000000000000000, -1.199999999999999956 ) ) ;
#5089 = CARTESIAN_POINT ( 'NONE',  ( 3.600000000000000533, 2.689999999999999947, -0.2052340201468999814 ) ) ;
#5090 = DIRECTION ( 'NONE',  ( -1.000000000000000000, -0.000000000000000000, -0.000000000000000000 ) ) ;
#5091 = FACE_OUTER_BOUND ( 'NONE', #3948, .T. ) ;
#5092 = ADVANCED_FACE ( 'NONE', ( #4058 ), #5278, .F. ) ;
#5093 = VECTOR ( 'NONE', #2101, 1000.000000000000000 ) ;
#5094 = PRESENTATION_LAYER_ASSIGNMENT (  '', '', ( #5187 ) ) ;
#5095 = SURFACE_SIDE_STYLE ('',( #61 ) ) ;
#5096 = DIRECTION ( 'NONE',  ( 0.000000000000000000, -0.05233595624000127872, -0.9986295347547280432 ) ) ;
#5097 = AXIS2_PLACEMENT_3D ( 'NONE', #776, #4613, #1176 ) ;
#5098 = APPLICATION_PROTOCOL_DEFINITION ( 'draft international standard', 'automotive_design', 1998, #3293 ) ;
#5099 = CYLINDRICAL_SURFACE ( 'NONE', #445, 0.2999999999999999334 ) ;
#5100 = ADVANCED_FACE ( 'NONE', ( #457, #4143, #2120, #828, #1627, #374, #4113, #1200, #5384, #405 ), #3722, .T. ) ;
#5101 = ORIENTED_EDGE ( 'NONE', *, *, #254, .F. ) ;
#5102 = VECTOR ( 'NONE', #5046, 1000.000000000000000 ) ;
#5103 = MECHANICAL_DESIGN_GEOMETRIC_PRESENTATION_REPRESENTATION (  '', ( #704 ), #2904 ) ;
#5104 = VERTEX_POINT ( 'NONE', #1258 ) ;
#5105 = DIRECTION ( 'NONE',  ( 0.000000000000000000, 1.000000000000000000, -0.000000000000000000 ) ) ;
#5106 = FACE_OUTER_BOUND ( 'NONE', #4765, .T. ) ;
#5107 = MECHANICAL_DESIGN_GEOMETRIC_PRESENTATION_REPRESENTATION (  '', ( #1482 ), #3784 ) ;
#5108 = STYLED_ITEM ( 'NONE', ( #858 ), #4376 ) ;
#5109 = CARTESIAN_POINT ( 'NONE',  ( 4.700000000000000178, 1.199999999999999734, -5.349999999999999645 ) ) ;
#5110 = VERTEX_POINT ( 'NONE', #2962 ) ;
#5111 = LINE ( 'NONE', #4693, #621 ) ;
#5112 = VERTEX_POINT ( 'NONE', #1657 ) ;
#5113 = PRESENTATION_STYLE_ASSIGNMENT (( #3892 ) ) ;
#5114 = CARTESIAN_POINT ( 'NONE',  ( 4.730000000000000426, 2.700000000000000178, -1.000000000000000000 ) ) ;
#5115 =( NAMED_UNIT ( * ) SI_UNIT ( $, .STERADIAN. ) SOLID_ANGLE_UNIT ( ) );
#5116 = FACE_OUTER_BOUND ( 'NONE', #2174, .T. ) ;
#5117 = COLOUR_RGB ( '',0.8431372549019607865, 0.8431372549019607865, 0.8431372549019607865 ) ;
#5118 = CARTESIAN_POINT ( 'NONE',  ( 2.850000000000000089, 1.300000000000000266, -1.199999999999999956 ) ) ;
#5119 = FILL_AREA_STYLE_COLOUR ( '', #1262 ) ;
#5120 = LINE ( 'NONE', #5174, #2152 ) ;
#5121 = LINE ( 'NONE', #3061, #88 ) ;
#5122 = DIRECTION ( 'NONE',  ( 0.000000000000000000, 0.000000000000000000, 1.000000000000000000 ) ) ;
#5123 = CARTESIAN_POINT ( 'NONE',  ( 3.600000000000000533, -2.540000000000000036, -0.06288933513964997668 ) ) ;
#5124 = SURFACE_STYLE_USAGE ( .BOTH. , #2548 ) ;
#5125 = VECTOR ( 'NONE', #4053, 1000.000000000000000 ) ;
#5126 = EDGE_CURVE ( 'NONE', #4536, #4903, #853, .T. ) ;
#5127 = COLOUR_RGB ( '',0.9803921568627450567, 0.9411764705882352811, 0.7843137254901960675 ) ;
#5128 = UNCERTAINTY_MEASURE_WITH_UNIT (LENGTH_MEASURE( 1.000000000000000082E-05 ), #2365, 'distance_accuracy_value', 'NONE');
#5129 = CARTESIAN_POINT ( 'NONE',  ( 2.879999999999999893, 2.000000000000000000, -5.599999999999999645 ) ) ;
#5130 = ORIENTED_EDGE ( 'NONE', *, *, #2040, .F. ) ;
#5131 = ORIENTED_EDGE ( 'NONE', *, *, #3992, .F. ) ;
#5132 = SURFACE_STYLE_USAGE ( .BOTH. , #3452 ) ;
#5133 = ORIENTED_EDGE ( 'NONE', *, *, #4617, .T. ) ;
#5134 = EDGE_CURVE ( 'NONE', #5242, #1848, #2559, .T. ) ;
#5135 = ADVANCED_FACE ( 'NONE', ( #4970 ), #4547, .F. ) ;
#5136 = CARTESIAN_POINT ( 'NONE',  ( -2.850000000000000089, 2.012871870788999651, -1.040000000000000924 ) ) ;
#5137 = CARTESIAN_POINT ( 'NONE',  ( 4.700000000000000178, 2.730000000000000426, -1.000000000000000000 ) ) ;
#5138 = VECTOR ( 'NONE', #1265, 1000.000000000000227 ) ;
#5139 = CARTESIAN_POINT ( 'NONE',  ( 0.000000000000000000, 2.540000000000000036, -1.199999999999999956 ) ) ;
#5140 = VERTEX_POINT ( 'NONE', #3400 ) ;
#5141 = DIRECTION ( 'NONE',  ( 0.000000000000000000, 1.000000000000000000, 0.000000000000000000 ) ) ;
#5142 = ORIENTED_EDGE ( 'NONE', *, *, #5362, .F. ) ;
#5143 = EDGE_CURVE ( 'NONE', #1895, #5054, #1740, .T. ) ;
#5144 =( NAMED_UNIT ( * ) SI_UNIT ( $, .STERADIAN. ) SOLID_ANGLE_UNIT ( ) );
#5145 = PLANE ( 'NONE',  #3092 ) ;
#5146 = MECHANICAL_DESIGN_GEOMETRIC_PRESENTATION_REPRESENTATION (  '', ( #485 ), #4180 ) ;
#5147 = AXIS2_PLACEMENT_3D ( 'NONE', #3551, #3094, #358 ) ;
#5148 = FILL_AREA_STYLE_COLOUR ( '', #5336 ) ;
#5149 = SURFACE_STYLE_FILL_AREA ( #83 ) ;
#5150 = DIRECTION ( 'NONE',  ( -0.000000000000000000, 0.000000000000000000, 1.000000000000000000 ) ) ;
#5151 = CARTESIAN_POINT ( 'NONE',  ( 1.399999999999999911, 3.747850393435999905, -0.1497944302131999916 ) ) ;
#5152 = LINE ( 'NONE', #5123, #3756 ) ;
#5153 =( BOUNDED_SURFACE ( )  B_SPLINE_SURFACE ( 3, 3, ( 
 ( #4639, #51, #3702, #1602 ),
 ( #5000, #2510, #4554, #384 ),
 ( #3729, #2968, #5425, #4587 ),
 ( #859, #412, #3758, #2095 ) ),
 .UNSPECIFIED., .F., .F., .T. ) 
 B_SPLINE_SURFACE_WITH_KNOTS ( ( 4, 4 ),
 ( 4, 4 ),
 ( 0.000000000000000000, 1.000000000000000000 ),
 ( 0.000000000000000000, 1.000000000000000000 ),
 .UNSPECIFIED. ) 
 GEOMETRIC_REPRESENTATION_ITEM ( )  RATIONAL_B_SPLINE_SURFACE ( (
 ( 1.000000000000000000, 0.8047378541243653816, 0.8047378541243653816, 1.000000000000000000),
 ( 0.8025111867385914532, 0.6458111303268119219, 0.6458111303268119219, 0.8025111867385914532),
 ( 0.8025111867385914532, 0.6458111303268119219, 0.6458111303268119219, 0.8025111867385914532),
 ( 1.000000000000000000, 0.8047378541243653816, 0.8047378541243653816, 1.000000000000000000) ) ) 
 REPRESENTATION_ITEM ( '' )  SURFACE ( )  );
#5154 = CARTESIAN_POINT ( 'NONE',  ( 0.000000000000000000, 2.689999999999999947, -1.199999999999999956 ) ) ;
#5155 = PLANE ( 'NONE',  #538 ) ;
#5156 = EDGE_CURVE ( 'NONE', #5222, #3559, #2656, .T. ) ;
#5157 = PRESENTATION_STYLE_ASSIGNMENT (( #4705 ) ) ;
#5158 = ORIENTED_EDGE ( 'NONE', *, *, #1128, .T. ) ;
#5159 = ORIENTED_EDGE ( 'NONE', *, *, #4346, .F. ) ;
#5160 = STYLED_ITEM ( 'NONE', ( #862 ), #2209 ) ;
#5161 = SURFACE_STYLE_FILL_AREA ( #1825 ) ;
#5162 = EDGE_CURVE ( 'NONE', #3149, #236, #3101, .T. ) ;
#5163 = MECHANICAL_DESIGN_GEOMETRIC_PRESENTATION_REPRESENTATION (  '', ( #2355 ), #2698 ) ;
#5164 = SURFACE_SIDE_STYLE ('',( #2563 ) ) ;
#5165 = VERTEX_POINT ( 'NONE', #2684 ) ;
#5166 = ORIENTED_EDGE ( 'NONE', *, *, #1576, .T. ) ;
#5167 = DIRECTION ( 'NONE',  ( 0.000000000000000000, 0.000000000000000000, 1.000000000000000000 ) ) ;
#5168 = DIRECTION ( 'NONE',  ( 1.734723475976807410E-14, 0.000000000000000000, -1.000000000000000000 ) ) ;
#5169 = CARTESIAN_POINT ( 'NONE',  ( 1.800000000000000488, 2.540000000000000036, -0.06288933513965128119 ) ) ;
#5170 = LINE ( 'NONE', #3466, #4979 ) ;
#5171 = PRESENTATION_STYLE_ASSIGNMENT (( #3057 ) ) ;
#5172 = CARTESIAN_POINT ( 'NONE',  ( 4.469999999999999751, -2.289999999999989821, -1.200000000000017497 ) ) ;
#5173 = ORIENTED_EDGE ( 'NONE', *, *, #3305, .F. ) ;
#5174 = CARTESIAN_POINT ( 'NONE',  ( -4.000000000000000000, -3.740000000000000213, 0.000000000000000000 ) ) ;
#5175 = DIRECTION ( 'NONE',  ( 0.000000000000000000, -0.05233595624000127872, 0.9986295347547280432 ) ) ;
#5176 = STYLED_ITEM ( 'NONE', ( #5456 ), #2769 ) ;
#5177 =( NAMED_UNIT ( * ) PLANE_ANGLE_UNIT ( ) SI_UNIT ( $, .RADIAN. ) );
#5178 = AXIS2_PLACEMENT_3D ( 'NONE', #3211, #5282, #1485 ) ;
#5179 = CARTESIAN_POINT ( 'NONE',  ( 4.991547594742259619, 2.750000000000036859, -5.399999999999992362 ) ) ;
#5180 = PRESENTATION_STYLE_ASSIGNMENT (( #3908 ) ) ;
#5181 =( NAMED_UNIT ( * ) SI_UNIT ( $, .STERADIAN. ) SOLID_ANGLE_UNIT ( ) );
#5182 = SURFACE_STYLE_FILL_AREA ( #1762 ) ;
#5183 = DIRECTION ( 'NONE',  ( 0.000000000000000000, -1.000000000000000000, 0.000000000000000000 ) ) ;
#5184 = EDGE_LOOP ( 'NONE', ( #3940, #1775, #1907, #5133 ) ) ;
#5185 = ORIENTED_EDGE ( 'NONE', *, *, #90, .F. ) ;
#5186 = ORIENTED_EDGE ( 'NONE', *, *, #3243, .F. ) ;
#5187 = STYLED_ITEM ( 'NONE', ( #5360 ), #3381 ) ;
#5188 = EDGE_CURVE ( 'NONE', #3559, #4022, #131, .T. ) ;
#5189 =( LENGTH_UNIT ( ) NAMED_UNIT ( * ) SI_UNIT ( .MILLI., .METRE. ) );
#5190 =( LENGTH_UNIT ( ) NAMED_UNIT ( * ) SI_UNIT ( .MILLI., .METRE. ) );
#5191 = MECHANICAL_DESIGN_GEOMETRIC_PRESENTATION_REPRESENTATION (  '', ( #1753 ), #3167 ) ;
#5192 = UNCERTAINTY_MEASURE_WITH_UNIT (LENGTH_MEASURE( 1.000000000000000082E-05 ), #5385, 'distance_accuracy_value', 'NONE');
#5193 = CARTESIAN_POINT ( 'NONE',  ( 4.700000000000000178, 2.995513302679607914, -5.401690307983132655 ) ) ;
#5194 = ORIENTED_EDGE ( 'NONE', *, *, #2697, .T. ) ;
#5195 = DIRECTION ( 'NONE',  ( 0.000000000000000000, -1.000000000000000000, 0.000000000000000000 ) ) ;
#5196 = ORIENTED_EDGE ( 'NONE', *, *, #259, .F. ) ;
#5197 = CARTESIAN_POINT ( 'NONE',  ( -4.700000000000000178, 2.730000000000000426, -1.199999999999999956 ) ) ;
#5198 = EDGE_CURVE ( 'NONE', #3939, #3080, #2251, .T. ) ;
#5199 = VECTOR ( 'NONE', #3388, 1000.000000000000000 ) ;
#5200 = SURFACE_STYLE_USAGE ( .BOTH. , #3513 ) ;
#5201 = FILL_AREA_STYLE_COLOUR ( '', #4710 ) ;
#5202 = ORIENTED_EDGE ( 'NONE', *, *, #560, .F. ) ;
#5203 = CARTESIAN_POINT ( 'NONE',  ( 4.000000000000000000, -2.689999999999999947, -0.2052340201469000092 ) ) ;
#5204 = FACE_OUTER_BOUND ( 'NONE', #4769, .T. ) ;
#5205 = ADVANCED_FACE ( 'NONE', ( #154 ), #4711, .F. ) ;
#5206 = PLANE ( 'NONE',  #4886 ) ;
#5207 = FILL_AREA_STYLE_COLOUR ( '', #4726 ) ;
#5208 = CARTESIAN_POINT ( 'NONE',  ( -4.192871870788969169, -2.012871870788994322, -1.040000000000065095 ) ) ;
#5209 = VECTOR ( 'NONE', #1269, 1000.000000000000227 ) ;
#5210 = DIRECTION ( 'NONE',  ( 0.000000000000000000, -0.05233595624000127872, 0.9986295347547280432 ) ) ;
#5211 = CARTESIAN_POINT ( 'NONE',  ( 4.469999999999939355, -2.289999999999997371, -1.200000000000111644 ) ) ;
#5212 = ORIENTED_EDGE ( 'NONE', *, *, #258, .T. ) ;
#5213 = VECTOR ( 'NONE', #4525, 1000.000000000000000 ) ;
#5214 = ORIENTED_EDGE ( 'NONE', *, *, #3710, .T. ) ;
#5215 = FILL_AREA_STYLE ('',( #3587 ) ) ;
#5216 = ORIENTED_EDGE ( 'NONE', *, *, #1510, .T. ) ;
#5217 = COLOUR_RGB ( '',0.9803921568627450567, 0.9411764705882352811, 0.7843137254901960675 ) ;
#5218 =( NAMED_UNIT ( * ) PLANE_ANGLE_UNIT ( ) SI_UNIT ( $, .RADIAN. ) );
#5219 = AXIS2_PLACEMENT_3D ( 'NONE', #4411, #4025, #2736 ) ;
#5220 = CARTESIAN_POINT ( 'NONE',  ( -4.700000000000000178, 2.700000000000001066, -5.349999999999999645 ) ) ;
#5221 = VECTOR ( 'NONE', #243, 1000.000000000000000 ) ;
#5222 = VERTEX_POINT ( 'NONE', #487 ) ;
#5223 = ORIENTED_EDGE ( 'NONE', *, *, #839, .F. ) ;
#5224 = STYLED_ITEM ( 'NONE', ( #608 ), #1268 ) ;
#5225 = CARTESIAN_POINT ( 'NONE',  ( -2.799999999999999822, 0.6445517328096000975, -0.2500000000000000000 ) ) ;
#5226 =( LENGTH_UNIT ( ) NAMED_UNIT ( * ) SI_UNIT ( .MILLI., .METRE. ) );
#5227 = EDGE_CURVE ( 'NONE', #431, #1077, #907, .T. ) ;
#5228 = VERTEX_POINT ( 'NONE', #3427 ) ;
#5229 = DIRECTION ( 'NONE',  ( 0.000000000000000000, 0.000000000000000000, 1.000000000000000000 ) ) ;
#5230 =( GEOMETRIC_REPRESENTATION_CONTEXT ( 3 ) GLOBAL_UNCERTAINTY_ASSIGNED_CONTEXT ( ( #3744 ) ) GLOBAL_UNIT_ASSIGNED_CONTEXT ( ( #864, #528, #2999 ) ) REPRESENTATION_CONTEXT ( 'NONE', 'WORKASPACE' ) );
#5231 = LINE ( 'NONE', #659, #1092 ) ;
#5232 = SURFACE_SIDE_STYLE ('',( #4016 ) ) ;
#5233 = ADVANCED_FACE ( 'NONE', ( #5106 ), #4686, .T. ) ;
#5234 = PRESENTATION_STYLE_ASSIGNMENT (( #4348 ) ) ;
#5235 = CARTESIAN_POINT ( 'NONE',  ( 1.399999999999999911, -2.689999999999999947, -0.2052340201469000092 ) ) ;
#5236 = DIRECTION ( 'NONE',  ( 1.000000000000000000, 0.000000000000000000, -0.000000000000000000 ) ) ;
#5237 = CARTESIAN_POINT ( 'NONE',  ( 1.399999999999999911, 2.689999999999999947, -0.2052340201469000647 ) ) ;
#5238 =( NAMED_UNIT ( * ) PLANE_ANGLE_UNIT ( ) SI_UNIT ( $, .RADIAN. ) );
#5239 = UNCERTAINTY_MEASURE_WITH_UNIT (LENGTH_MEASURE( 1.000000000000000082E-05 ), #5305, 'distance_accuracy_value', 'NONE');
#5240 = FACE_OUTER_BOUND ( 'NONE', #2425, .T. ) ;
#5241 = SURFACE_SIDE_STYLE ('',( #641 ) ) ;
#5242 = VERTEX_POINT ( 'NONE', #2304 ) ;
#5243 = CARTESIAN_POINT ( 'NONE',  ( -4.469999999999999751, 0.6445517328096000975, -0.2500000000000000000 ) ) ;
#5244 =( NAMED_UNIT ( * ) PLANE_ANGLE_UNIT ( ) SI_UNIT ( $, .RADIAN. ) );
#5245 = UNCERTAINTY_MEASURE_WITH_UNIT (LENGTH_MEASURE( 1.000000000000000082E-05 ), #1496, 'distance_accuracy_value', 'NONE');
#5246 =( LENGTH_UNIT ( ) NAMED_UNIT ( * ) SI_UNIT ( .MILLI., .METRE. ) );
#5247 = ORIENTED_EDGE ( 'NONE', *, *, #1128, .F. ) ;
#5248 = MECHANICAL_DESIGN_GEOMETRIC_PRESENTATION_REPRESENTATION (  '', ( #4621 ), #2864 ) ;
#5249 = VERTEX_POINT ( 'NONE', #3589 ) ;
#5250 = FILL_AREA_STYLE ('',( #1891 ) ) ;
#5251 = CARTESIAN_POINT ( 'NONE',  ( 5.000000000000000000, 10.82160000000000011, -5.349999999999999645 ) ) ;
#5252 = CARTESIAN_POINT ( 'NONE',  ( -0.8000000000000000444, 2.540000000000000036, -1.199999999999999956 ) ) ;
#5253 = PLANE ( 'NONE',  #5064 ) ;
#5254 = VERTEX_POINT ( 'NONE', #4440 ) ;
#5255 = SURFACE_SIDE_STYLE ('',( #5314 ) ) ;
#5256 = DIRECTION ( 'NONE',  ( -0.000000000000000000, 1.000000000000000000, 0.000000000000000000 ) ) ;
#5257 = ADVANCED_FACE ( 'NONE', ( #4796 ), #4877, .T. ) ;
#5258 = FACE_OUTER_BOUND ( 'NONE', #2918, .T. ) ;
#5259 = PRESENTATION_LAYER_ASSIGNMENT (  '', '', ( #2444 ) ) ;
#5260 = FILL_AREA_STYLE ('',( #635 ) ) ;
#5261 = DIRECTION ( 'NONE',  ( 0.000000000000000000, -0.000000000000000000, 1.000000000000000000 ) ) ;
#5262 = MECHANICAL_DESIGN_GEOMETRIC_PRESENTATION_REPRESENTATION (  '', ( #4464 ), #3325 ) ;
#5263 =( NAMED_UNIT ( * ) PLANE_ANGLE_UNIT ( ) SI_UNIT ( $, .RADIAN. ) );
#5264 = EDGE_CURVE ( 'NONE', #961, #649, #2859, .T. ) ;
#5265 = SURFACE_STYLE_FILL_AREA ( #1552 ) ;
#5266 = VECTOR ( 'NONE', #2589, 1000.000000000000000 ) ;
#5267 = FACE_OUTER_BOUND ( 'NONE', #1879, .T. ) ;
#5268 = CARTESIAN_POINT ( 'NONE',  ( 1.800000000000000488, -3.747850393436220617, -0.1497944302131884176 ) ) ;
#5269 = ORIENTED_EDGE ( 'NONE', *, *, #5188, .T. ) ;
#5270 = EDGE_CURVE ( 'NONE', #3754, #881, #2809, .T. ) ;
#5271 = VECTOR ( 'NONE', #4054, 1000.000000000000000 ) ;
#5272 =( LENGTH_UNIT ( ) NAMED_UNIT ( * ) SI_UNIT ( .MILLI., .METRE. ) );
#5273 = CARTESIAN_POINT ( 'NONE',  ( 4.954542257835797159, 2.832817314391404828, -5.482817314391404295 ) ) ;
#5274 = EDGE_LOOP ( 'NONE', ( #5382, #4666, #3364, #5380 ) ) ;
#5275 = VECTOR ( 'NONE', #4129, 1000.000000000000000 ) ;
#5276 =( NAMED_UNIT ( * ) PLANE_ANGLE_UNIT ( ) SI_UNIT ( $, .RADIAN. ) );
#5277 = CARTESIAN_POINT ( 'NONE',  ( 2.879999999999999893, 2.000000000000000000, -5.400000000000000355 ) ) ;
#5278 = PLANE ( 'NONE',  #1124 ) ;
#5279 =( GEOMETRIC_REPRESENTATION_CONTEXT ( 3 ) GLOBAL_UNCERTAINTY_ASSIGNED_CONTEXT ( ( #2925 ) ) GLOBAL_UNIT_ASSIGNED_CONTEXT ( ( #3229, #1481, #2282 ) ) REPRESENTATION_CONTEXT ( 'NONE', 'WORKASPACE' ) );
#5280 = VECTOR ( 'NONE', #2214, 1000.000000000000000 ) ;
#5281 = CARTESIAN_POINT ( 'NONE',  ( 4.912132034355964905, -2.700000000000000178, -5.562132034355964372 ) ) ;
#5282 = DIRECTION ( 'NONE',  ( 1.000000000000000000, 0.000000000000000000, -0.000000000000000000 ) ) ;
#5283 = ORIENTED_EDGE ( 'NONE', *, *, #3313, .F. ) ;
#5284 = COLOUR_RGB ( '',0.8431372549019607865, 0.8431372549019607865, 0.8431372549019607865 ) ;
#5285 = CIRCLE ( 'NONE', #1295, 0.7999999999999999334 ) ;
#5286 = CARTESIAN_POINT ( 'NONE',  ( 0.000000000000000000, 1.300000000000000266, -1.199999999999999956 ) ) ;
#5287 = DIRECTION ( 'NONE',  ( 0.000000000000000000, 0.9986295347545723899, -0.05233595624297000815 ) ) ;
#5288 = PRESENTATION_STYLE_ASSIGNMENT (( #4506 ) ) ;
#5289 =( LENGTH_UNIT ( ) NAMED_UNIT ( * ) SI_UNIT ( .MILLI., .METRE. ) );
#5290 = SURFACE_STYLE_FILL_AREA ( #957 ) ;
#5291 = PRESENTATION_STYLE_ASSIGNMENT (( #4511 ) ) ;
#5293 = ORIENTED_EDGE ( 'NONE', *, *, #4841, .F. ) ;
#5292 = EDGE_CURVE ( 'NONE', #3781, #235, #4849, .T. ) ;
#5294 = PRESENTATION_STYLE_ASSIGNMENT (( #4983 ) ) ;
#5295 = ORIENTED_EDGE ( 'NONE', *, *, #2520, .F. ) ;
#5296 = VECTOR ( 'NONE', #951, 1000.000000000000227 ) ;
#5297 = SURFACE_STYLE_USAGE ( .BOTH. , #3529 ) ;
#5298 = CARTESIAN_POINT ( 'NONE',  ( 4.912132034355965793, -2.877052006648532334, -5.562132034355967036 ) ) ;
#5299 = UNCERTAINTY_MEASURE_WITH_UNIT (LENGTH_MEASURE( 1.000000000000000082E-05 ), #4559, 'distance_accuracy_value', 'NONE');
#5300 = CARTESIAN_POINT ( 'NONE',  ( 4.700000000000000178, 2.730000000000000426, -1.000000000000000000 ) ) ;
#5301 = VERTEX_POINT ( 'NONE', #2760 ) ;
#5302 = EDGE_CURVE ( 'NONE', #4462, #1717, #4463, .T. ) ;
#5303 = CARTESIAN_POINT ( 'NONE',  ( -3.600000000000000533, 2.689999999999999947, -1.199999999999999956 ) ) ;
#5304 =( LENGTH_UNIT ( ) NAMED_UNIT ( * ) SI_UNIT ( .MILLI., .METRE. ) );
#5305 =( LENGTH_UNIT ( ) NAMED_UNIT ( * ) SI_UNIT ( .MILLI., .METRE. ) );
#5306 = PRESENTATION_LAYER_ASSIGNMENT (  '', '', ( #4422 ) ) ;
#5307 = SURFACE_STYLE_USAGE ( .BOTH. , #2689 ) ;
#5308 =( NAMED_UNIT ( * ) SI_UNIT ( $, .STERADIAN. ) SOLID_ANGLE_UNIT ( ) );
#5309 =( GEOMETRIC_REPRESENTATION_CONTEXT ( 3 ) GLOBAL_UNCERTAINTY_ASSIGNED_CONTEXT ( ( #3040 ) ) GLOBAL_UNIT_ASSIGNED_CONTEXT ( ( #3009, #1301, #1350 ) ) REPRESENTATION_CONTEXT ( 'NONE', 'WORKASPACE' ) );
#5310 = EDGE_CURVE ( 'NONE', #2190, #3615, #4380, .T. ) ;
#5311 = PRESENTATION_LAYER_ASSIGNMENT (  '', '', ( #47 ) ) ;
#5312 = EDGE_LOOP ( 'NONE', ( #3627, #1340, #2225, #4497 ) ) ;
#5313 = AXIS2_PLACEMENT_3D ( 'NONE', #1766, #3973, #4356 ) ;
#5314 = SURFACE_STYLE_FILL_AREA ( #1568 ) ;
#5315 = CARTESIAN_POINT ( 'NONE',  ( 2.799999999999999822, 1.300000000000000266, -0.2500000000000000000 ) ) ;
#5316 = MECHANICAL_DESIGN_GEOMETRIC_PRESENTATION_REPRESENTATION (  '', ( #2405 ), #4954 ) ;
#5317 =( NAMED_UNIT ( * ) SI_UNIT ( $, .STERADIAN. ) SOLID_ANGLE_UNIT ( ) );
#5318 = FACE_OUTER_BOUND ( 'NONE', #1306, .T. ) ;
#5319 = VECTOR ( 'NONE', #2823, 1000.000000000000000 ) ;
#5320 = VECTOR ( 'NONE', #1297, 1000.000000000000000 ) ;
#5321 = LINE ( 'NONE', #2400, #4039 ) ;
#5322 = SURFACE_SIDE_STYLE ('',( #2424 ) ) ;
#5323 = ORIENTED_EDGE ( 'NONE', *, *, #1001, .F. ) ;
#5324 = ORIENTED_EDGE ( 'NONE', *, *, #2911, .T. ) ;
#5325 = DIRECTION ( 'NONE',  ( 0.000000000000000000, -0.9986295347545738332, -0.05233595624294426485 ) ) ;
#5326 = EDGE_CURVE ( 'NONE', #3863, #5036, #2382, .T. ) ;
#5327 = ORIENTED_EDGE ( 'NONE', *, *, #1797, .T. ) ;
#5328 = EDGE_CURVE ( 'NONE', #987, #3181, #1585, .T. ) ;
#5329 = DIRECTION ( 'NONE',  ( 0.000000000000000000, 0.000000000000000000, -1.000000000000000000 ) ) ;
#5330 = COLOUR_RGB ( '',0.8431372549019607865, 0.8431372549019607865, 0.8431372549019607865 ) ;
#5331 = PRESENTATION_STYLE_ASSIGNMENT (( #1630 ) ) ;
#5332 = CARTESIAN_POINT ( 'NONE',  ( -5.000000000000000000, 3.000000000000000000, -1.000000000000000000 ) ) ;
#5333 = ORIENTED_EDGE ( 'NONE', *, *, #631, .F. ) ;
#5334 = FACE_OUTER_BOUND ( 'NONE', #4993, .T. ) ;
#5335 = LINE ( 'NONE', #3189, #1284 ) ;
#5336 = COLOUR_RGB ( '',0.9803921568627450567, 0.9411764705882352811, 0.7843137254901960675 ) ;
#5337 = CARTESIAN_POINT ( 'NONE',  ( -0.4000000000000000222, 2.540000000000000036, -1.199999999999999956 ) ) ;
#5338 = VECTOR ( 'NONE', #2145, 1000.000000000000114 ) ;
#5339 = CARTESIAN_POINT ( 'NONE',  ( -4.699999999999998401, -2.485878119317074919, -5.560123345235142622 ) ) ;
#5340 = FILL_AREA_STYLE_COLOUR ( '', #698 ) ;
#5341 = MECHANICAL_DESIGN_GEOMETRIC_PRESENTATION_REPRESENTATION (  '', ( #1543 ), #2005 ) ;
#5342 =( LENGTH_UNIT ( ) NAMED_UNIT ( * ) SI_UNIT ( .MILLI., .METRE. ) );
#5343 =( NAMED_UNIT ( * ) SI_UNIT ( $, .STERADIAN. ) SOLID_ANGLE_UNIT ( ) );
#5344 = CARTESIAN_POINT ( 'NONE',  ( -4.469999999999999751, -2.012871870788988105, -1.040000000000020908 ) ) ;
#5345 = LINE ( 'NONE', #2889, #4604 ) ;
#5346 = ORIENTED_EDGE ( 'NONE', *, *, #4445, .F. ) ;
#5347 = LINE ( 'NONE', #4465, #2878 ) ;
#5348 =( NAMED_UNIT ( * ) PLANE_ANGLE_UNIT ( ) SI_UNIT ( $, .RADIAN. ) );
#5349 = VERTEX_POINT ( 'NONE', #179 ) ;
#5350 =( NAMED_UNIT ( * ) SI_UNIT ( $, .STERADIAN. ) SOLID_ANGLE_UNIT ( ) );
#5351 = ORIENTED_EDGE ( 'NONE', *, *, #5264, .T. ) ;
#5352 = VECTOR ( 'NONE', #2350, 1000.000000000000000 ) ;
#5353 = FILL_AREA_STYLE_COLOUR ( '', #5284 ) ;
#5354 =( NAMED_UNIT ( * ) PLANE_ANGLE_UNIT ( ) SI_UNIT ( $, .RADIAN. ) );
#5355 =( NAMED_UNIT ( * ) PLANE_ANGLE_UNIT ( ) SI_UNIT ( $, .RADIAN. ) );
#5356 = VECTOR ( 'NONE', #1835, 1000.000000000000114 ) ;
#5357 = VECTOR ( 'NONE', #1362, 1000.000000000000000 ) ;
#5358 = DIRECTION ( 'NONE',  ( -0.000000000000000000, -0.000000000000000000, 1.000000000000000000 ) ) ;
#5359 =( BOUNDED_SURFACE ( )  B_SPLINE_SURFACE ( 3, 3, ( 
 ( #661, #3629, #2346, #1491 ),
 ( #1160, #4069, #4926, #1901 ),
 ( #1130, #3649, #2370, #1519 ),
 ( #1064, #4895, #3192, #5339 ) ),
 .UNSPECIFIED., .F., .F., .T. ) 
 B_SPLINE_SURFACE_WITH_KNOTS ( ( 4, 4 ),
 ( 4, 4 ),
 ( 0.000000000000000000, 1.000000000000000000 ),
 ( 0.000000000000000000, 1.000000000000000000 ),
 .UNSPECIFIED. ) 
 GEOMETRIC_REPRESENTATION_ITEM ( )  RATIONAL_B_SPLINE_SURFACE ( (
 ( 1.000000000000000000, 0.8047378541243629391, 0.8047378541243629391, 1.000000000000000000),
 ( 0.8025111867385941178, 0.6458111303268121439, 0.6458111303268121439, 0.8025111867385941178),
 ( 0.8025111867385941178, 0.6458111303268121439, 0.6458111303268121439, 0.8025111867385941178),
 ( 1.000000000000000000, 0.8047378541243629391, 0.8047378541243629391, 1.000000000000000000) ) ) 
 REPRESENTATION_ITEM ( '' )  SURFACE ( )  );
#5360 = PRESENTATION_STYLE_ASSIGNMENT (( #5053 ) ) ;
#5361 = EDGE_LOOP ( 'NONE', ( #2219, #3481, #1613 ) ) ;
#5362 = EDGE_CURVE ( 'NONE', #4022, #431, #4627, .T. ) ;
#5363 = SURFACE_SIDE_STYLE ('',( #3134 ) ) ;
#5364 = DIRECTION ( 'NONE',  ( 0.000000000000000000, 0.9986295347545723899, -0.05233595624297000815 ) ) ;
#5365 = CIRCLE ( 'NONE', #2468, 0.3000000000000004330 ) ;
#5366 = MECHANICAL_DESIGN_GEOMETRIC_PRESENTATION_REPRESENTATION (  '', ( #2898 ), #2990 ) ;
#5367 = SURFACE_STYLE_FILL_AREA ( #326 ) ;
#5368 = ADVANCED_FACE ( 'NONE', ( #2081 ), #2314, .T. ) ;
#5369 = SURFACE_STYLE_FILL_AREA ( #2826 ) ;
#5370 =( GEOMETRIC_REPRESENTATION_CONTEXT ( 3 ) GLOBAL_UNCERTAINTY_ASSIGNED_CONTEXT ( ( #125 ) ) GLOBAL_UNIT_ASSIGNED_CONTEXT ( ( #5226, #4775, #2283 ) ) REPRESENTATION_CONTEXT ( 'NONE', 'WORKASPACE' ) );
#5371 = PRESENTATION_LAYER_ASSIGNMENT (  '', '', ( #3440 ) ) ;
#5372 = CARTESIAN_POINT ( 'NONE',  ( 0.000000000000000000, 2.689999999999999947, -1.199999999999999956 ) ) ;
#5373 = SURFACE_SIDE_STYLE ('',( #4049 ) ) ;
#5374 =( LENGTH_UNIT ( ) NAMED_UNIT ( * ) SI_UNIT ( .MILLI., .METRE. ) );
#5375 = VERTEX_POINT ( 'NONE', #739 ) ;
#5376 = EDGE_CURVE ( 'NONE', #431, #1407, #2838, .T. ) ;
#5377 = ORIENTED_EDGE ( 'NONE', *, *, #2269, .T. ) ;
#5378 = LINE ( 'NONE', #3066, #981 ) ;
#5379 = DIRECTION ( 'NONE',  ( -1.000000000000000000, -0.000000000000000000, -0.000000000000000000 ) ) ;
#5380 = ORIENTED_EDGE ( 'NONE', *, *, #427, .F. ) ;
#5381 = CARTESIAN_POINT ( 'NONE',  ( -4.000000000000000000, 2.540000000000000036, -0.06288933513965000444 ) ) ;
#5382 = ORIENTED_EDGE ( 'NONE', *, *, #4728, .F. ) ;
#5383 = DIRECTION ( 'NONE',  ( 1.000000000000000000, 0.000000000000000000, -0.000000000000000000 ) ) ;
#5384 = FACE_BOUND ( 'NONE', #4443, .T. ) ;
#5385 =( LENGTH_UNIT ( ) NAMED_UNIT ( * ) SI_UNIT ( .MILLI., .METRE. ) );
#5386 = PRESENTATION_LAYER_ASSIGNMENT (  '', '', ( #4153 ) ) ;
#5387 = ORIENTED_EDGE ( 'NONE', *, *, #1894, .T. ) ;
#5388 = VECTOR ( 'NONE', #4272, 1000.000000000000000 ) ;
#5389 =( NAMED_UNIT ( * ) SI_UNIT ( $, .STERADIAN. ) SOLID_ANGLE_UNIT ( ) );
#5390 =( NAMED_UNIT ( * ) SI_UNIT ( $, .STERADIAN. ) SOLID_ANGLE_UNIT ( ) );
#5391 = PRODUCT_DEFINITION_FORMATION_WITH_SPECIFIED_SOURCE ( 'ANY', '', #2089, .NOT_KNOWN. ) ;
#5392 = EDGE_CURVE ( 'NONE', #2808, #2105, #4080, .T. ) ;
#5393 = FILL_AREA_STYLE ('',( #1867 ) ) ;
#5394 =( NAMED_UNIT ( * ) SI_UNIT ( $, .STERADIAN. ) SOLID_ANGLE_UNIT ( ) );
#5395 = CARTESIAN_POINT ( 'NONE',  ( -4.729999999999999538, 2.700000000000000178, -1.000000000000000000 ) ) ;
#5396 = CARTESIAN_POINT ( 'NONE',  ( -0.8000000000000000444, -3.740000000000000213, 0.000000000000000000 ) ) ;
#5397 = CIRCLE ( 'NONE', #3896, 0.02999999999999964501 ) ;
#5398 = CARTESIAN_POINT ( 'NONE',  ( 4.000000000000000000, 2.540000000000000036, -0.06288933513965000444 ) ) ;
#5399 = EDGE_CURVE ( 'NONE', #4182, #603, #334, .T. ) ;
#5400 = SURFACE_STYLE_FILL_AREA ( #3301 ) ;
#5401 = PRESENTATION_LAYER_ASSIGNMENT (  '', '', ( #1512 ) ) ;
#5402 = DIRECTION ( 'NONE',  ( 0.000000000000000000, -0.7071067811865466846, -0.7071067811865481278 ) ) ;
#5403 = ORIENTED_EDGE ( 'NONE', *, *, #4955, .T. ) ;
#5404 = FILL_AREA_STYLE ('',( #1525 ) ) ;
#5405 = EDGE_LOOP ( 'NONE', ( #1197, #3333, #1765, #5422 ) ) ;
#5406 = FILL_AREA_STYLE_COLOUR ( '', #1069 ) ;
#5407 = VECTOR ( 'NONE', #5210, 1000.000000000000114 ) ;
#5408 =( GEOMETRIC_REPRESENTATION_CONTEXT ( 3 ) GLOBAL_UNCERTAINTY_ASSIGNED_CONTEXT ( ( #3698 ) ) GLOBAL_UNIT_ASSIGNED_CONTEXT ( ( #5037, #2523, #2161 ) ) REPRESENTATION_CONTEXT ( 'NONE', 'WORKASPACE' ) );
#5409 =( NAMED_UNIT ( * ) SI_UNIT ( $, .STERADIAN. ) SOLID_ANGLE_UNIT ( ) );
#5410 = DIRECTION ( 'NONE',  ( 1.000000000000000000, -0.000000000000000000, 0.000000000000000000 ) ) ;
#5411 = UNCERTAINTY_MEASURE_WITH_UNIT (LENGTH_MEASURE( 1.000000000000000082E-05 ), #1339, 'distance_accuracy_value', 'NONE');
#5412 = FILL_AREA_STYLE ('',( #1652 ) ) ;
#5413 = ORIENTED_EDGE ( 'NONE', *, *, #4210, .T. ) ;
#5414 = LINE ( 'NONE', #338, #1321 ) ;
#5415 = ORIENTED_EDGE ( 'NONE', *, *, #5086, .F. ) ;
#5416 = LINE ( 'NONE', #2470, #4396 ) ;
#5417 = SURFACE_SIDE_STYLE ('',( #343 ) ) ;
#5418 = UNCERTAINTY_MEASURE_WITH_UNIT (LENGTH_MEASURE( 1.000000000000000082E-05 ), #1708, 'distance_accuracy_value', 'NONE');
#5419 = FILL_AREA_STYLE_COLOUR ( '', #4641 ) ;
#5420 =( NAMED_UNIT ( * ) PLANE_ANGLE_UNIT ( ) SI_UNIT ( $, .RADIAN. ) );
#5421 = DIRECTION ( 'NONE',  ( -0.000000000000000000, 0.000000000000000000, -1.000000000000000000 ) ) ;
#5422 = ORIENTED_EDGE ( 'NONE', *, *, #2779, .T. ) ;
#5423 = SURFACE_STYLE_USAGE ( .BOTH. , #3728 ) ;
#5424 = LINE ( 'NONE', #2880, #1556 ) ;
#5425 = CARTESIAN_POINT ( 'NONE',  ( -4.948139574263674234, 3.001655327279212138, -5.348240118821386169 ) ) ;
#5426 = PRESENTATION_LAYER_ASSIGNMENT (  '', '', ( #4014 ) ) ;
#5427 = PLANE ( 'NONE',  #2074 ) ;
#5428 = DIRECTION ( 'NONE',  ( 0.000000000000000000, -0.05233595624000127872, -0.9986295347547280432 ) ) ;
#5429 = CARTESIAN_POINT ( 'NONE',  ( 1.850000000000000089, 1.300000000000012035, -0.6284232335022792437 ) ) ;
#5430 = EDGE_CURVE ( 'NONE', #649, #987, #5378, .T. ) ;
#5431 = PRESENTATION_LAYER_ASSIGNMENT (  '', '', ( #5160 ) ) ;
#5432 = CARTESIAN_POINT ( 'NONE',  ( -4.000000000000000000, -3.740000000000000213, 0.000000000000000000 ) ) ;
#5433 = ORIENTED_EDGE ( 'NONE', *, *, #3210, .F. ) ;
#5434 = LINE ( 'NONE', #3446, #1419 ) ;
#5435 = EDGE_LOOP ( 'NONE', ( #4502, #2467, #1278, #30, #2085, #1395 ) ) ;
#5436 = EDGE_CURVE ( 'NONE', #666, #4329, #5067, .T. ) ;
#5437 = PRESENTATION_LAYER_ASSIGNMENT (  '', '', ( #2355 ) ) ;
#5438 = DIRECTION ( 'NONE',  ( -1.000000000000000000, -0.000000000000000000, 0.000000000000000000 ) ) ;
#5439 = FILL_AREA_STYLE ('',( #2496 ) ) ;
#5440 = VECTOR ( 'NONE', #1967, 1000.000000000000227 ) ;
#5441 = DIRECTION ( 'NONE',  ( 0.000000000000000000, 0.000000000000000000, 1.000000000000000000 ) ) ;
#5442 = ORIENTED_EDGE ( 'NONE', *, *, #1434, .T. ) ;
#5443 = EDGE_CURVE ( 'NONE', #1083, #2796, #33, .T. ) ;
#5444 = FILL_AREA_STYLE ('',( #5353 ) ) ;
#5445 = STYLED_ITEM ( 'NONE', ( #863 ), #2829 ) ;
#5446 = DIRECTION ( 'NONE',  ( 1.000000000000000000, 0.000000000000000000, -0.000000000000000000 ) ) ;
#5447 = SURFACE_STYLE_FILL_AREA ( #406 ) ;
#5448 = FACE_OUTER_BOUND ( 'NONE', #3107, .T. ) ;
#5449 = FILL_AREA_STYLE ('',( #2003 ) ) ;
#5450 = PRESENTATION_LAYER_ASSIGNMENT (  '', '', ( #2976 ) ) ;
#5451 = ORIENTED_EDGE ( 'NONE', *, *, #1684, .T. ) ;
#5452 = DIRECTION ( 'NONE',  ( 0.000000000000000000, 0.9986295347545736112, -0.05233595624294862247 ) ) ;
#5453 = CARTESIAN_POINT ( 'NONE',  ( 3.600000000000000533, 2.689999999999999947, -1.199999999999999956 ) ) ;
#5454 = STYLED_ITEM ( 'NONE', ( #3776 ), #3142 ) ;
#5455 = DIRECTION ( 'NONE',  ( -0.000000000000000000, 1.000000000000000000, 0.000000000000000000 ) ) ;
#5456 = PRESENTATION_STYLE_ASSIGNMENT (( #4558 ) ) ;
#5457 = PRESENTATION_STYLE_ASSIGNMENT (( #4976 ) ) ;
#5458 = VECTOR ( 'NONE', #4743, 1000.000000000000000 ) ;
#5459 =( NAMED_UNIT ( * ) PLANE_ANGLE_UNIT ( ) SI_UNIT ( $, .RADIAN. ) );
#5460 = CARTESIAN_POINT ( 'NONE',  ( 4.000000000000000000, 2.540000000000000036, -1.199999999999999956 ) ) ;
#5461 = CARTESIAN_POINT ( 'NONE',  ( 4.000000000000000000, -2.689999999999999947, -1.199999999999999956 ) ) ;
#5462 = AXIS2_PLACEMENT_3D ( 'NONE', #2676, #1325, #4731 ) ;
#5463 = DIRECTION ( 'NONE',  ( 0.5000000000000167644, 0.000000000000000000, 0.8660254037844289376 ) ) ;
#5464 = ORIENTED_EDGE ( 'NONE', *, *, #5436, .F. ) ;
#5465 = CARTESIAN_POINT ( 'NONE',  ( -4.000000000000000000, -2.689999999999999947, -0.2052340201469000092 ) ) ;
#5466 = ORIENTED_EDGE ( 'NONE', *, *, #770, .T. ) ;
#5467 = PRESENTATION_LAYER_ASSIGNMENT (  '', '', ( #4833 ) ) ;
ENDSEC;
END-ISO-10303-21;
